Date,open,high,low,close
2024-06-06 01:00:00,2356.8,2357.79,2355.07,2356.96
2024-06-06 02:00:00,2356.96,2357.59,2354.78,2355.04
2024-06-06 03:00:00,2355.04,2356.03,2354.62,2355.76
2024-06-06 04:00:00,2355.73,2373.06,2355.62,2367.51
2024-06-06 05:00:00,2367.51,2374.7,2365.18,2374.43
2024-06-06 06:00:00,2374.51,2374.98,2367.69,2368.53
2024-06-06 07:00:00,2368.53,2370.59,2366.9,2369.49
2024-06-06 08:00:00,2369.48,2371.46,2366.42,2367.77
2024-06-06 09:00:00,2367.8,2368.01,2363.23,2367.15
2024-06-06 10:00:00,2367.11,2368.33,2362.26,2362.94
2024-06-06 11:00:00,2362.92,2363.2,2359.81,2362.98
2024-06-06 12:00:00,2362.97,2363.93,2358.57,2361.63
2024-06-06 13:00:00,2361.63,2361.95,2359.49,2361.09
2024-06-06 14:00:00,2361.09,2362.02,2359.23,2359.84
2024-06-06 15:00:00,2359.85,2365.06,2355.32,2357.59
2024-06-06 16:00:00,2357.61,2366.89,2353.44,2360.56
2024-06-06 17:00:00,2360.59,2366.34,2358.6,2364.3
2024-06-06 18:00:00,2364.21,2378.5,2364.13,2374.24
2024-06-06 19:00:00,2374.4,2376.92,2370.4,2372.9
2024-06-06 20:00:00,2372.91,2374.03,2370.76,2373.18
2024-06-06 21:00:00,2373.19,2373.66,2368.88,2372.11
2024-06-06 22:00:00,2372.09,2375.5,2371.25,2372.66
2024-06-06 23:00:00,2372.53,2376.18,2372.33,2375.68
2024-06-07 01:00:00,2376.34,2377.16,2375.67,2377.0
2024-06-07 02:00:00,2377.0,2378.21,2376.32,2376.78
2024-06-07 03:00:00,2376.78,2379.28,2376.03,2378.45
2024-06-07 04:00:00,2378.49,2380.04,2370.23,2371.04
2024-06-07 05:00:00,2371.04,2378.21,2369.47,2376.64
2024-06-07 06:00:00,2376.63,2381.99,2375.19,2380.18
2024-06-07 07:00:00,2380.11,2387.49,2379.27,2386.55
2024-06-07 08:00:00,2386.59,2387.69,2375.17,2375.99
2024-06-07 09:00:00,2375.91,2377.79,2372.93,2375.49
2024-06-07 10:00:00,2375.49,2379.32,2372.83,2373.62
2024-06-07 11:00:00,2373.55,2373.93,2343.01,2347.37
2024-06-07 12:00:00,2347.36,2347.99,2337.49,2339.33
2024-06-07 13:00:00,2339.38,2339.38,2332.12,2333.68
2024-06-07 14:00:00,2333.66,2339.36,2330.92,2336.61
2024-06-07 15:00:00,2336.6,2339.35,2313.31,2319.33
2024-06-07 16:00:00,2319.31,2328.08,2305.12,2309.47
2024-06-07 17:00:00,2309.55,2320.96,2307.67,2313.36
2024-06-07 18:00:00,2313.37,2315.5,2304.36,2304.92
2024-06-07 19:00:00,2304.92,2314.46,2303.1,2311.67
2024-06-07 20:00:00,2311.71,2312.31,2303.79,2305.5
2024-06-07 21:00:00,2305.67,2307.17,2300.02,2301.47
2024-06-07 22:00:00,2301.5,2301.5,2287.67,2288.3
2024-06-07 23:00:00,2288.35,2294.26,2286.71,2293.38
2024-06-10 01:00:00,2294.71,2298.44,2289.4,2297.44
2024-06-10 02:00:00,2297.36,2300.01,2296.55,2298.54
2024-06-10 03:00:00,2298.54,2299.81,2294.23,2297.06
2024-06-10 04:00:00,2297.06,2298.0,2294.04,2297.69
2024-06-10 05:00:00,2297.65,2301.25,2295.54,2296.3
2024-06-10 06:00:00,2296.29,2297.78,2294.88,2295.35
2024-06-10 07:00:00,2295.35,2295.8,2292.79,2294.82
2024-06-10 08:00:00,2294.84,2297.21,2292.2,2295.66
2024-06-10 09:00:00,2295.85,2296.56,2287.78,2291.24
2024-06-10 10:00:00,2291.24,2297.24,2290.54,2296.55
2024-06-10 11:00:00,2296.58,2297.51,2292.5,2292.66
2024-06-10 12:00:00,2292.65,2297.47,2291.86,2295.34
2024-06-10 13:00:00,2295.36,2298.79,2295.36,2298.51
2024-06-10 14:00:00,2298.42,2305.23,2297.83,2305.07
2024-06-10 15:00:00,2305.1,2308.56,2303.2,2306.17
2024-06-10 16:00:00,2306.19,2307.8,2300.44,2305.66
2024-06-10 17:00:00,2305.65,2307.22,2301.86,2302.69
2024-06-10 18:00:00,2302.73,2308.63,2301.36,2307.38
2024-06-10 19:00:00,2307.78,2313.84,2307.11,2312.95
2024-06-10 20:00:00,2312.95,2313.38,2309.1,2311.88
2024-06-10 21:00:00,2311.88,2312.02,2309.95,2310.96
2024-06-10 22:00:00,2310.97,2312.27,2308.69,2308.8
2024-06-10 23:00:00,2308.77,2310.97,2308.53,2310.86
2024-06-11 01:00:00,2312.03,2312.44,2309.66,2309.75
2024-06-11 02:00:00,2309.84,2310.57,2308.77,2309.92
2024-06-11 03:00:00,2309.91,2311.94,2309.12,2310.87
2024-06-11 04:00:00,2310.86,2310.86,2301.73,2302.84
2024-06-11 05:00:00,2302.81,2303.72,2298.83,2301.92
2024-06-11 06:00:00,2301.9,2304.38,2300.79,2303.7
2024-06-11 07:00:00,2303.63,2303.94,2301.46,2303.64
2024-06-11 08:00:00,2303.6,2304.36,2297.75,2299.58
2024-06-11 09:00:00,2299.66,2304.61,2298.73,2302.11
2024-06-11 10:00:00,2302.09,2305.38,2301.73,2304.53
2024-06-11 11:00:00,2304.59,2307.77,2303.27,2306.08
2024-06-11 12:00:00,2306.09,2307.43,2301.57,2306.54
2024-06-11 13:00:00,2306.31,2308.89,2305.15,2307.91
2024-06-11 14:00:00,2307.96,2308.36,2305.51,2307.67
2024-06-11 15:00:00,2307.67,2319.94,2307.66,2318.01
2024-06-11 16:00:00,2317.59,2319.61,2309.45,2314.62
2024-06-11 17:00:00,2314.72,2317.81,2312.48,2314.77
2024-06-11 18:00:00,2314.83,2315.91,2310.01,2310.12
2024-06-11 19:00:00,2310.13,2312.4,2305.95,2308.56
2024-06-11 20:00:00,2308.59,2313.46,2307.92,2312.81
2024-06-11 21:00:00,2312.85,2315.67,2312.2,2313.8
2024-06-11 22:00:00,2313.78,2315.7,2312.46,2315.35
2024-06-11 23:00:00,2315.65,2316.96,2314.75,2316.73
2024-06-12 01:00:00,2317.07,2317.6,2315.11,2316.88
2024-06-12 02:00:00,2316.93,2317.49,2313.91,2315.14
2024-06-12 03:00:00,2315.25,2315.68,2313.48,2313.79
2024-06-12 04:00:00,2313.77,2315.26,2310.88,2314.44
2024-06-12 05:00:00,2314.44,2315.56,2310.75,2313.72
2024-06-12 06:00:00,2313.67,2316.79,2313.67,2314.07
2024-06-12 07:00:00,2314.07,2314.4,2312.44,2312.76
2024-06-12 08:00:00,2312.76,2315.4,2312.4,2315.04
2024-06-12 09:00:00,2315.04,2317.75,2313.87,2314.9
2024-06-12 10:00:00,2314.87,2315.43,2311.24,2314.54
2024-06-12 11:00:00,2314.57,2315.79,2310.84,2312.88
2024-06-12 12:00:00,2312.85,2315.49,2312.26,2314.07
2024-06-12 13:00:00,2314.1,2314.78,2312.18,2313.36
2024-06-12 14:00:00,2313.44,2314.79,2312.3,2312.93
2024-06-12 15:00:00,2312.92,2337.55,2311.65,2335.89
2024-06-12 16:00:00,2335.86,2341.66,2325.05,2329.87
2024-06-12 17:00:00,2329.84,2329.91,2320.1,2325.36
2024-06-12 18:00:00,2325.54,2337.14,2324.73,2335.65
2024-06-12 19:00:00,2335.63,2338.15,2333.22,2337.72
2024-06-12 20:00:00,2337.74,2339.61,2332.87,2335.14
2024-06-12 21:00:00,2326.68,2333.94,2319.49,2323.11
2024-06-12 22:00:00,2322.76,2324.64,2315.77,2321.31
2024-06-12 23:00:00,2321.67,2324.88,2320.31,2324.88
2024-06-13 01:00:00,2324.83,2325.59,2321.71,2321.89
2024-06-13 02:00:00,2321.93,2322.34,2320.19,2320.6
2024-06-13 03:00:00,2320.6,2323.0,2317.65,2320.81
2024-06-13 04:00:00,2320.85,2321.58,2308.19,2312.71
2024-06-13 05:00:00,2312.72,2316.2,2310.7,2314.19
2024-06-13 06:00:00,2314.19,2316.28,2312.62,2314.3
2024-06-13 07:00:00,2314.29,2314.87,2309.34,2311.85
2024-06-13 08:00:00,2311.88,2312.29,2308.99,2311.66
2024-06-13 09:00:00,2311.52,2316.19,2311.22,2315.71
2024-06-13 10:00:00,2315.64,2318.6,2313.36,2317.08
2024-06-13 11:00:00,2317.08,2317.29,2314.03,2315.63
2024-06-13 12:00:00,2315.61,2318.51,2313.45,2315.51
2024-06-13 13:00:00,2315.48,2319.97,2315.34,2316.37
2024-06-13 14:00:00,2316.39,2316.7,2304.05,2307.06
2024-06-13 15:00:00,2306.83,2326.67,2305.58,2323.47
2024-06-13 16:00:00,2323.33,2324.78,2308.42,2310.8
2024-06-13 17:00:00,2310.42,2314.49,2305.74,2313.56
2024-06-13 18:00:00,2313.61,2317.1,2297.8,2298.99
2024-06-13 19:00:00,2298.98,2300.35,2295.67,2299.34
2024-06-13 20:00:00,2299.36,2304.47,2299.17,2301.48
2024-06-13 21:00:00,2301.46,2304.02,2300.13,2303.08
2024-06-13 22:00:00,2303.12,2304.97,2302.8,2303.44
2024-06-13 23:00:00,2303.68,2304.32,2302.94,2303.85
2024-06-14 01:00:00,2304.18,2304.18,2302.86,2302.97
2024-06-14 02:00:00,2302.98,2303.29,2301.66,2302.38
2024-06-14 03:00:00,2302.38,2305.71,2301.62,2304.96
2024-06-14 04:00:00,2304.98,2307.2,2303.13,2306.08
2024-06-14 05:00:00,2306.04,2307.12,2304.3,2306.7
2024-06-14 06:00:00,2306.71,2308.63,2305.05,2305.54
2024-06-14 07:00:00,2305.51,2306.12,2303.59,2305.97
2024-06-14 08:00:00,2305.94,2311.67,2305.6,2309.98
2024-06-14 09:00:00,2309.9,2312.81,2307.53,2312.71
2024-06-14 10:00:00,2312.69,2316.77,2309.44,2315.34
2024-06-14 11:00:00,2315.33,2321.68,2314.81,2317.41
2024-06-14 12:00:00,2317.44,2322.74,2315.23,2322.71
2024-06-14 13:00:00,2322.64,2332.66,2320.97,2330.67
2024-06-14 14:00:00,2330.56,2336.59,2326.15,2332.04
2024-06-14 15:00:00,2332.04,2333.45,2327.32,2330.44
2024-06-14 16:00:00,2330.37,2332.95,2324.28,2329.73
2024-06-14 17:00:00,2330.0,2335.51,2328.01,2330.29
2024-06-14 18:00:00,2330.17,2332.17,2324.1,2326.13
2024-06-14 19:00:00,2326.24,2331.93,2325.47,2328.89
2024-06-14 20:00:00,2328.87,2335.6,2328.55,2334.19
2024-06-14 21:00:00,2334.17,2335.16,2332.3,2334.63
2024-06-14 22:00:00,2334.64,2335.34,2332.19,2332.48
2024-06-14 23:00:00,2332.7,2333.01,2331.0,2332.6
2024-06-17 01:00:00,2331.47,2332.87,2327.57,2328.87
2024-06-17 02:00:00,2328.87,2329.66,2327.47,2328.91
2024-06-17 03:00:00,2328.91,2328.91,2325.29,2326.47
2024-06-17 04:00:00,2326.51,2328.96,2322.8,2326.31
2024-06-17 05:00:00,2326.28,2326.28,2321.58,2322.63
2024-06-17 06:00:00,2322.55,2325.12,2321.73,2324.42
2024-06-17 07:00:00,2324.42,2326.27,2322.89,2323.7
2024-06-17 08:00:00,2323.68,2323.7,2317.87,2318.66
2024-06-17 09:00:00,2318.5,2319.26,2315.52,2317.54
2024-06-17 10:00:00,2317.48,2320.17,2315.62,2317.02
2024-06-17 11:00:00,2317.0,2322.31,2316.46,2321.35
2024-06-17 12:00:00,2321.36,2322.58,2319.27,2320.13
2024-06-17 13:00:00,2320.13,2322.6,2319.64,2320.6
2024-06-17 14:00:00,2320.61,2321.97,2317.69,2318.15
2024-06-17 15:00:00,2318.22,2321.14,2316.89,2319.67
2024-06-17 16:00:00,2319.66,2326.31,2318.87,2320.98
2024-06-17 17:00:00,2320.81,2327.59,2318.37,2324.58
2024-06-17 18:00:00,2324.58,2325.57,2310.03,2312.58
2024-06-17 19:00:00,2312.6,2317.09,2312.6,2316.97
2024-06-17 20:00:00,2316.97,2318.4,2313.31,2316.68
2024-06-17 21:00:00,2316.74,2319.27,2316.17,2317.87
2024-06-17 22:00:00,2317.87,2320.58,2317.87,2320.2
2024-06-17 23:00:00,2320.48,2320.77,2318.49,2318.96
2024-06-18 01:00:00,2319.05,2321.19,2319.05,2321.02
2024-06-18 02:00:00,2321.04,2321.25,2319.2,2320.75
2024-06-18 03:00:00,2321.0,2325.63,2321.0,2324.18
2024-06-18 04:00:00,2324.25,2325.49,2319.3,2322.51
2024-06-18 05:00:00,2322.57,2325.69,2321.62,2324.46
2024-06-18 06:00:00,2324.46,2325.17,2323.24,2324.5
2024-06-18 07:00:00,2324.51,2324.87,2321.96,2322.64
2024-06-18 08:00:00,2322.63,2323.8,2319.48,2322.25
2024-06-18 09:00:00,2322.24,2322.77,2318.86,2320.04
2024-06-18 10:00:00,2320.11,2320.16,2315.08,2315.56
2024-06-18 11:00:00,2315.49,2315.49,2310.8,2311.25
2024-06-18 12:00:00,2311.25,2314.2,2310.91,2311.16
2024-06-18 13:00:00,2311.17,2312.42,2306.64,2308.31
2024-06-18 14:00:00,2308.36,2314.25,2306.75,2313.41
2024-06-18 15:00:00,2313.32,2324.24,2311.58,2313.96
2024-06-18 16:00:00,2313.94,2327.8,2313.77,2326.78
2024-06-18 17:00:00,2326.71,2327.15,2322.24,2323.69
2024-06-18 18:00:00,2323.68,2329.81,2318.77,2326.9
2024-06-18 19:00:00,2327.02,2330.77,2326.53,2330.29
2024-06-18 20:00:00,2330.37,2333.11,2328.29,2329.79
2024-06-18 21:00:00,2329.79,2331.54,2327.53,2331.34
2024-06-18 22:00:00,2331.34,2331.34,2328.55,2329.36
2024-06-18 23:00:00,2329.37,2330.57,2328.89,2329.34
2024-06-19 01:00:00,2329.3,2330.32,2327.46,2328.18
2024-06-19 02:00:00,2328.07,2329.65,2328.04,2328.25
2024-06-19 03:00:00,2328.33,2330.01,2328.09,2329.54
2024-06-19 04:00:00,2329.53,2330.97,2326.58,2330.17
2024-06-19 05:00:00,2330.17,2331.27,2328.96,2330.36
2024-06-19 06:00:00,2330.36,2331.78,2327.92,2328.3
2024-06-19 07:00:00,2328.28,2328.5,2327.39,2328.02
2024-06-19 08:00:00,2328.03,2330.06,2326.85,2329.35
2024-06-19 09:00:00,2329.37,2330.81,2328.47,2330.28
2024-06-19 10:00:00,2330.23,2332.78,2329.78,2331.87
2024-06-19 11:00:00,2331.87,2335.06,2331.87,2332.61
2024-06-19 12:00:00,2332.62,2332.81,2327.73,2328.14
2024-06-19 13:00:00,2328.14,2329.91,2327.45,2328.0
2024-06-19 14:00:00,2327.98,2331.1,2325.85,2330.5
2024-06-19 15:00:00,2330.5,2332.94,2325.29,2328.36
2024-06-19 16:00:00,2328.41,2331.47,2326.84,2328.21
2024-06-19 17:00:00,2328.06,2328.45,2323.92,2326.21
2024-06-19 18:00:00,2326.16,2329.85,2325.29,2329.85
2024-06-19 19:00:00,2329.85,2331.34,2328.93,2329.44
2024-06-19 20:00:00,2329.4,2330.99,2329.13,2330.07
2024-06-19 21:00:00,2330.08,2330.13,2327.98,2327.98
2024-06-20 01:00:00,2329.07,2330.86,2327.93,2330.43
2024-06-20 02:00:00,2330.43,2330.43,2328.74,2329.41
2024-06-20 03:00:00,2329.41,2329.84,2327.81,2329.76
2024-06-20 04:00:00,2329.83,2339.05,2329.83,2336.34
2024-06-20 05:00:00,2336.37,2337.34,2332.85,2333.72
2024-06-20 06:00:00,2333.7,2334.39,2332.37,2333.98
2024-06-20 07:00:00,2333.98,2340.94,2333.78,2340.5
2024-06-20 08:00:00,2340.48,2344.92,2339.84,2340.3
2024-06-20 09:00:00,2340.37,2345.67,2340.26,2344.11
2024-06-20 10:00:00,2344.11,2344.91,2338.49,2338.59
2024-06-20 11:00:00,2338.52,2338.67,2332.7,2333.34
2024-06-20 12:00:00,2333.33,2335.77,2331.66,2334.68
2024-06-20 13:00:00,2334.74,2340.67,2333.53,2339.45
2024-06-20 14:00:00,2339.5,2341.4,2337.83,2339.33
2024-06-20 15:00:00,2339.34,2343.58,2335.39,2338.57
2024-06-20 16:00:00,2339.02,2349.37,2336.71,2349.23
2024-06-20 17:00:00,2349.21,2365.03,2348.84,2364.06
2024-06-20 18:00:00,2364.03,2365.46,2351.35,2353.73
2024-06-20 19:00:00,2353.74,2357.13,2352.83,2356.39
2024-06-20 20:00:00,2356.4,2357.54,2354.64,2357.42
2024-06-20 21:00:00,2357.41,2361.06,2357.35,2357.98
2024-06-20 22:00:00,2358.18,2359.84,2357.68,2358.94
2024-06-20 23:00:00,2359.21,2360.16,2358.16,2360.02
2024-06-21 01:00:00,2360.71,2360.94,2358.18,2359.43
2024-06-21 02:00:00,2359.42,2361.12,2358.91,2360.87
2024-06-21 03:00:00,2360.87,2364.86,2360.87,2364.12
2024-06-21 04:00:00,2364.12,2364.16,2357.13,2359.66
2024-06-21 05:00:00,2359.63,2361.65,2358.16,2359.4
2024-06-21 06:00:00,2359.36,2362.18,2358.72,2362.18
2024-06-21 07:00:00,2362.18,2363.02,2361.11,2362.98
2024-06-21 08:00:00,2362.95,2365.58,2362.25,2364.56
2024-06-21 09:00:00,2364.51,2364.51,2357.97,2358.51
2024-06-21 10:00:00,2358.48,2364.44,2355.14,2362.95
2024-06-21 11:00:00,2362.93,2368.13,2362.65,2365.32
2024-06-21 12:00:00,2365.31,2367.3,2362.92,2363.93
2024-06-21 13:00:00,2363.96,2364.17,2361.33,2363.61
2024-06-21 14:00:00,2363.61,2368.73,2363.5,2366.29
2024-06-21 15:00:00,2366.29,2368.06,2360.47,2360.7
2024-06-21 16:00:00,2360.42,2363.79,2334.87,2340.41
2024-06-21 17:00:00,2340.0,2340.45,2328.81,2329.99
2024-06-21 18:00:00,2329.93,2334.76,2323.31,2327.92
2024-06-21 19:00:00,2327.93,2329.33,2323.57,2324.74
2024-06-21 20:00:00,2324.75,2325.12,2316.7,2319.33
2024-06-21 21:00:00,2319.31,2322.82,2316.77,2322.17
2024-06-21 22:00:00,2322.14,2323.36,2320.49,2322.16
2024-06-21 23:00:00,2322.28,2322.65,2320.8,2321.42
2024-06-24 01:00:00,2321.36,2322.93,2318.11,2321.54
2024-06-24 02:00:00,2321.46,2321.46,2317.73,2319.21
2024-06-24 03:00:00,2319.17,2321.75,2317.95,2320.97
2024-06-24 04:00:00,2320.97,2326.31,2319.05,2323.64
2024-06-24 05:00:00,2323.6,2325.2,2319.6,2324.78
2024-06-24 06:00:00,2324.74,2326.68,2324.35,2325.48
2024-06-24 07:00:00,2325.47,2326.62,2324.17,2324.48
2024-06-24 08:00:00,2324.48,2327.14,2323.66,2325.21
2024-06-24 09:00:00,2325.18,2325.33,2321.46,2323.48
2024-06-24 10:00:00,2323.44,2331.77,2321.83,2330.79
2024-06-24 11:00:00,2330.82,2332.8,2329.2,2330.59
2024-06-24 12:00:00,2330.59,2330.98,2320.83,2325.1
2024-06-24 13:00:00,2325.06,2327.12,2324.49,2325.19
2024-06-24 14:00:00,2325.18,2328.08,2324.13,2326.25
2024-06-24 15:00:00,2326.22,2327.83,2323.34,2327.64
2024-06-24 16:00:00,2327.62,2333.8,2325.92,2328.09
2024-06-24 17:00:00,2328.08,2333.68,2326.98,2330.7
2024-06-24 18:00:00,2330.76,2333.14,2327.57,2327.67
2024-06-24 19:00:00,2327.67,2332.24,2326.87,2331.68
2024-06-24 20:00:00,2331.68,2333.2,2330.63,2332.06
2024-06-24 21:00:00,2332.07,2334.68,2332.04,2333.78
2024-06-24 22:00:00,2333.79,2333.79,2330.96,2331.74
2024-06-24 23:00:00,2331.81,2334.44,2331.81,2334.43
2024-06-25 01:00:00,2334.29,2334.6,2331.71,2331.77
2024-06-25 02:00:00,2331.79,2331.97,2330.28,2330.87
2024-06-25 03:00:00,2330.9,2330.98,2328.26,2330.07
2024-06-25 04:00:00,2330.07,2330.93,2323.21,2325.88
2024-06-25 05:00:00,2325.89,2327.08,2324.5,2326.52
2024-06-25 06:00:00,2326.48,2328.56,2324.0,2324.12
2024-06-25 07:00:00,2324.13,2327.85,2322.78,2327.47
2024-06-25 08:00:00,2327.47,2330.14,2324.57,2324.98
2024-06-25 09:00:00,2325.05,2328.14,2323.47,2327.37
2024-06-25 10:00:00,2327.28,2327.71,2324.06,2324.76
2024-06-25 11:00:00,2324.7,2330.51,2322.94,2329.68
2024-06-25 12:00:00,2329.47,2334.01,2329.35,2333.11
2024-06-25 13:00:00,2333.11,2337.13,2332.69,2335.33
2024-06-25 14:00:00,2335.34,2335.84,2327.54,2330.13
2024-06-25 15:00:00,2330.12,2330.47,2324.07,2324.17
2024-06-25 16:00:00,2324.13,2327.38,2320.34,2325.73
2024-06-25 17:00:00,2325.89,2328.19,2319.59,2327.16
2024-06-25 18:00:00,2327.25,2327.75,2315.66,2324.7
2024-06-25 19:00:00,2324.87,2325.04,2315.54,2317.84
2024-06-25 20:00:00,2317.79,2320.12,2316.84,2319.17
2024-06-25 21:00:00,2319.25,2319.8,2317.04,2319.29
2024-06-25 22:00:00,2319.25,2320.63,2318.83,2319.87
2024-06-25 23:00:00,2319.74,2319.92,2317.89,2319.51
2024-06-26 01:00:00,2319.35,2321.31,2318.98,2320.72
2024-06-26 02:00:00,2320.73,2321.44,2318.77,2320.01
2024-06-26 03:00:00,2320.0,2323.72,2317.81,2318.43
2024-06-26 04:00:00,2318.37,2320.78,2310.65,2312.92
2024-06-26 05:00:00,2312.89,2321.72,2312.48,2319.48
2024-06-26 06:00:00,2319.47,2321.08,2316.69,2317.21
2024-06-26 07:00:00,2317.27,2317.67,2315.2,2316.82
2024-06-26 08:00:00,2316.82,2318.2,2311.86,2312.09
2024-06-26 09:00:00,2312.05,2317.34,2309.74,2317.18
2024-06-26 10:00:00,2317.16,2317.38,2313.0,2316.09
2024-06-26 11:00:00,2316.1,2318.05,2312.96,2315.7
2024-06-26 12:00:00,2315.74,2318.41,2315.74,2316.33
2024-06-26 13:00:00,2316.34,2316.45,2307.77,2308.32
2024-06-26 14:00:00,2308.33,2314.01,2304.46,2313.05
2024-06-26 15:00:00,2313.05,2317.81,2310.13,2310.13
2024-06-26 16:00:00,2310.06,2311.6,2293.67,2296.26
2024-06-26 17:00:00,2295.4,2301.34,2295.4,2297.43
2024-06-26 18:00:00,2297.52,2304.03,2295.97,2300.04
2024-06-26 19:00:00,2300.03,2302.22,2298.49,2299.71
2024-06-26 20:00:00,2299.74,2302.99,2299.37,2301.95
2024-06-26 21:00:00,2302.03,2302.13,2298.6,2298.93
2024-06-26 22:00:00,2298.93,2299.51,2296.97,2298.69
2024-06-26 23:00:00,2298.98,2299.12,2297.25,2298.06
2024-06-27 01:00:00,2298.36,2299.07,2298.04,2298.26
2024-06-27 02:00:00,2298.25,2298.6,2296.75,2298.42
2024-06-27 03:00:00,2298.43,2300.19,2297.91,2299.04
2024-06-27 04:00:00,2299.04,2299.79,2296.83,2297.84
2024-06-27 05:00:00,2297.84,2300.06,2297.84,2299.28
2024-06-27 06:00:00,2299.27,2299.83,2298.06,2299.0
2024-06-27 07:00:00,2299.0,2301.14,2298.77,2300.51
2024-06-27 08:00:00,2300.51,2300.61,2296.85,2297.57
2024-06-27 09:00:00,2297.57,2303.41,2296.54,2301.26
2024-06-27 10:00:00,2301.2,2302.57,2300.03,2302.36
2024-06-27 11:00:00,2302.26,2308.41,2302.06,2307.63
2024-06-27 12:00:00,2307.6,2313.77,2307.37,2312.62
2024-06-27 13:00:00,2312.62,2315.56,2312.34,2315.19
2024-06-27 14:00:00,2315.18,2317.89,2313.43,2317.08
2024-06-27 15:00:00,2317.14,2325.59,2316.09,2322.85
2024-06-27 16:00:00,2322.77,2324.91,2319.54,2323.28
2024-06-27 17:00:00,2323.19,2330.76,2322.74,2329.0
2024-06-27 18:00:00,2329.04,2330.91,2324.99,2327.55
2024-06-27 19:00:00,2327.29,2328.3,2323.98,2325.5
2024-06-27 20:00:00,2325.47,2328.03,2324.27,2325.9
2024-06-27 21:00:00,2325.84,2326.44,2322.49,2326.33
2024-06-27 22:00:00,2326.33,2327.74,2325.63,2326.08
2024-06-27 23:00:00,2325.95,2328.49,2325.49,2327.48
2024-06-28 01:00:00,2328.03,2328.16,2325.96,2326.89
2024-06-28 02:00:00,2326.93,2328.01,2326.51,2327.79
2024-06-28 03:00:00,2327.8,2328.3,2321.51,2321.65
2024-06-28 04:00:00,2321.6,2324.26,2319.06,2320.32
2024-06-28 05:00:00,2320.32,2324.22,2319.88,2323.66
2024-06-28 06:00:00,2323.69,2324.99,2320.83,2321.79
2024-06-28 07:00:00,2321.79,2321.88,2319.79,2321.25
2024-06-28 08:00:00,2321.25,2327.08,2320.99,2325.77
2024-06-28 09:00:00,2325.73,2328.11,2325.14,2327.43
2024-06-28 10:00:00,2327.43,2328.84,2324.87,2327.19
2024-06-28 11:00:00,2327.17,2331.91,2326.51,2328.78
2024-06-28 12:00:00,2328.77,2330.35,2327.33,2330.32
2024-06-28 13:00:00,2330.32,2336.78,2329.45,2335.76
2024-06-28 14:00:00,2335.84,2337.17,2333.3,2333.93
2024-06-28 15:00:00,2334.02,2339.29,2332.24,2335.48
2024-06-28 16:00:00,2335.83,2339.75,2326.66,2330.23
2024-06-28 17:00:00,2331.13,2333.7,2322.88,2326.53
2024-06-28 18:00:00,2326.54,2330.41,2324.26,2328.6
2024-06-28 19:00:00,2328.66,2332.55,2327.77,2329.96
2024-06-28 20:00:00,2330.02,2332.72,2326.5,2326.86
2024-06-28 21:00:00,2326.88,2328.42,2325.4,2325.78
2024-06-28 22:00:00,2325.78,2326.28,2323.0,2325.06
2024-06-28 23:00:00,2325.09,2326.66,2322.87,2326.4
2024-07-01 01:00:00,2326.9,2327.58,2322.93,2324.52
2024-07-01 02:00:00,2324.52,2326.18,2323.08,2324.94
2024-07-01 03:00:00,2324.95,2325.35,2322.17,2324.82
2024-07-01 04:00:00,2324.84,2328.47,2323.54,2327.9
2024-07-01 05:00:00,2327.84,2327.84,2324.52,2326.64
2024-07-01 06:00:00,2326.66,2327.65,2324.47,2324.74
2024-07-01 07:00:00,2324.74,2326.09,2321.44,2323.67
2024-07-01 08:00:00,2323.67,2323.96,2318.5,2321.88
2024-07-01 09:00:00,2321.88,2329.0,2321.33,2326.55
2024-07-01 10:00:00,2326.55,2326.99,2323.68,2323.75
2024-07-01 11:00:00,2323.58,2326.24,2321.89,2325.87
2024-07-01 12:00:00,2325.85,2329.49,2325.48,2327.47
2024-07-01 13:00:00,2327.47,2332.5,2327.47,2332.49
2024-07-01 14:00:00,2332.67,2338.3,2332.13,2338.2
2024-07-01 15:00:00,2338.2,2338.53,2327.18,2327.38
2024-07-01 16:00:00,2327.41,2334.14,2325.51,2326.94
2024-07-01 17:00:00,2327.23,2334.23,2319.31,2323.98
2024-07-01 18:00:00,2324.03,2328.95,2323.04,2327.8
2024-07-01 19:00:00,2327.79,2331.86,2326.68,2328.17
2024-07-01 20:00:00,2328.17,2329.91,2326.77,2329.27
2024-07-01 21:00:00,2329.28,2330.8,2327.01,2329.9
2024-07-01 22:00:00,2329.94,2331.49,2328.93,2331.02
2024-07-01 23:00:00,2331.13,2332.44,2330.88,2331.72
2024-07-02 01:00:00,2331.75,2332.87,2331.16,2331.76
2024-07-02 02:00:00,2331.81,2332.58,2331.73,2332.28
2024-07-02 03:00:00,2332.28,2333.95,2331.82,2333.02
2024-07-02 04:00:00,2333.08,2334.22,2331.19,2334.02
2024-07-02 05:00:00,2334.11,2334.32,2331.28,2332.35
2024-07-02 06:00:00,2332.35,2332.67,2325.73,2326.03
2024-07-02 07:00:00,2326.05,2327.86,2324.89,2327.3
2024-07-02 08:00:00,2327.29,2330.83,2326.36,2329.94
2024-07-02 09:00:00,2330.18,2331.82,2327.64,2330.83
2024-07-02 10:00:00,2330.74,2330.95,2323.36,2330.79
2024-07-02 11:00:00,2330.88,2332.45,2328.46,2331.19
2024-07-02 12:00:00,2331.21,2331.95,2324.17,2324.83
2024-07-02 13:00:00,2324.86,2326.5,2322.91,2324.55
2024-07-02 14:00:00,2324.57,2325.66,2320.05,2320.67
2024-07-02 15:00:00,2320.71,2328.7,2319.12,2327.47
2024-07-02 16:00:00,2327.43,2336.78,2326.09,2334.35
2024-07-02 17:00:00,2334.2,2334.85,2323.06,2326.65
2024-07-02 18:00:00,2326.64,2330.43,2324.19,2324.74
2024-07-02 19:00:00,2324.72,2324.98,2321.01,2322.86
2024-07-02 20:00:00,2322.86,2325.22,2322.11,2324.65
2024-07-02 21:00:00,2324.62,2328.85,2324.51,2328.33
2024-07-02 22:00:00,2328.33,2331.31,2328.09,2330.85
2024-07-02 23:00:00,2330.88,2330.99,2328.68,2329.35
2024-07-03 01:00:00,2329.55,2331.23,2328.99,2330.1
2024-07-03 02:00:00,2330.1,2331.51,2329.66,2330.29
2024-07-03 03:00:00,2330.29,2332.18,2330.25,2330.28
2024-07-03 04:00:00,2330.29,2331.6,2328.49,2329.11
2024-07-03 05:00:00,2329.12,2331.11,2326.82,2328.91
2024-07-03 06:00:00,2328.91,2332.52,2328.07,2331.76
2024-07-03 07:00:00,2331.76,2335.3,2331.76,2334.48
2024-07-03 08:00:00,2334.49,2335.8,2332.0,2333.3
2024-07-03 09:00:00,2333.35,2341.22,2332.99,2340.14
2024-07-03 10:00:00,2340.19,2347.12,2338.9,2345.41
2024-07-03 11:00:00,2345.3,2347.58,2343.1,2344.66
2024-07-03 12:00:00,2344.67,2346.49,2342.15,2346.29
2024-07-03 13:00:00,2346.28,2349.46,2344.56,2346.99
2024-07-03 14:00:00,2346.86,2346.96,2342.47,2345.41
2024-07-03 15:00:00,2345.4,2356.12,2345.0,2350.44
2024-07-03 16:00:00,2350.46,2358.7,2347.65,2355.2
2024-07-03 17:00:00,2357.19,2364.92,2357.19,2362.45
2024-07-03 18:00:00,2362.48,2364.03,2359.99,2363.08
2024-07-03 19:00:00,2363.07,2363.18,2355.19,2356.64
2024-07-03 20:00:00,2356.59,2360.83,2353.89,2356.48
2024-07-03 21:00:00,2356.37,2357.97,2355.25,2356.27
2024-07-03 22:00:00,2356.25,2356.59,2353.67,2354.31
2024-07-03 23:00:00,2354.31,2356.41,2354.29,2356.07
2024-07-04 01:00:00,2356.17,2359.25,2355.26,2358.9
2024-07-04 02:00:00,2358.9,2359.64,2357.66,2358.84
2024-07-04 03:00:00,2358.83,2359.3,2356.46,2358.62
2024-07-04 04:00:00,2358.61,2362.52,2358.35,2361.99
2024-07-04 05:00:00,2361.96,2362.28,2357.46,2359.32
2024-07-04 06:00:00,2359.33,2360.33,2357.16,2358.1
2024-07-04 07:00:00,2358.1,2359.64,2357.66,2358.61
2024-07-04 08:00:00,2358.57,2358.6,2355.54,2356.9
2024-07-04 09:00:00,2356.88,2357.21,2350.64,2356.39
2024-07-04 10:00:00,2356.3,2357.72,2353.67,2357.57
2024-07-04 11:00:00,2357.57,2359.64,2355.55,2358.84
2024-07-04 12:00:00,2358.85,2359.12,2355.69,2357.76
2024-07-04 13:00:00,2357.76,2359.08,2356.41,2358.02
2024-07-04 14:00:00,2358.02,2360.02,2357.56,2358.45
2024-07-04 15:00:00,2358.52,2360.43,2356.99,2357.79
2024-07-04 16:00:00,2357.79,2360.1,2357.3,2359.76
2024-07-04 17:00:00,2359.76,2361.87,2358.04,2358.94
2024-07-04 18:00:00,2358.94,2360.74,2355.44,2357.48
2024-07-04 19:00:00,2357.46,2359.16,2356.93,2357.85
2024-07-04 20:00:00,2357.85,2357.93,2356.16,2356.22
2024-07-04 21:00:00,2356.21,2357.17,2356.05,2356.1
2024-07-05 01:00:00,2357.21,2357.57,2354.2,2357.36
2024-07-05 02:00:00,2357.36,2357.72,2356.4,2356.72
2024-07-05 03:00:00,2356.73,2359.02,2356.04,2358.87
2024-07-05 04:00:00,2358.88,2360.29,2356.93,2358.43
2024-07-05 05:00:00,2358.44,2363.16,2358.13,2360.49
2024-07-05 06:00:00,2360.45,2362.32,2359.57,2361.81
2024-07-05 07:00:00,2361.8,2364.71,2361.4,2363.99
2024-07-05 08:00:00,2364.0,2365.02,2362.76,2364.75
2024-07-05 09:00:00,2364.78,2366.32,2363.61,2364.01
2024-07-05 10:00:00,2363.99,2367.5,2362.28,2365.23
2024-07-05 11:00:00,2365.24,2368.02,2364.63,2366.42
2024-07-05 12:00:00,2366.43,2366.87,2362.01,2362.4
2024-07-05 13:00:00,2362.39,2365.47,2361.87,2365.03
2024-07-05 14:00:00,2365.04,2366.01,2362.29,2365.86
2024-07-05 15:00:00,2365.84,2376.0,2352.3,2372.16
2024-07-05 16:00:00,2372.15,2385.16,2370.72,2383.21
2024-07-05 17:00:00,2383.15,2384.43,2374.53,2380.69
2024-07-05 18:00:00,2380.73,2388.34,2378.54,2384.69
2024-07-05 19:00:00,2384.68,2387.59,2384.01,2386.44
2024-07-05 20:00:00,2386.53,2389.93,2384.6,2385.8
2024-07-05 21:00:00,2385.8,2392.56,2385.16,2391.05
2024-07-05 22:00:00,2391.04,2392.91,2388.14,2388.79
2024-07-05 23:00:00,2388.98,2391.54,2388.17,2391.06
2024-07-08 01:00:00,2386.21,2390.19,2384.9,2385.29
2024-07-08 02:00:00,2385.34,2386.91,2384.75,2386.11
2024-07-08 03:00:00,2386.13,2387.82,2384.58,2386.69
2024-07-08 04:00:00,2386.7,2391.13,2384.25,2386.5
2024-07-08 05:00:00,2386.45,2387.2,2381.46,2382.87
2024-07-08 06:00:00,2382.92,2384.15,2380.79,2382.93
2024-07-08 07:00:00,2382.93,2384.99,2382.08,2384.97
2024-07-08 08:00:00,2385.04,2386.81,2381.6,2382.86
2024-07-08 09:00:00,2382.87,2384.25,2376.71,2376.93
2024-07-08 10:00:00,2376.88,2381.08,2376.65,2377.89
2024-07-08 11:00:00,2377.86,2378.81,2371.96,2372.81
2024-07-08 12:00:00,2372.91,2373.8,2368.33,2370.19
2024-07-08 13:00:00,2369.72,2374.29,2369.72,2374.16
2024-07-08 14:00:00,2374.06,2375.72,2372.43,2375.39
2024-07-08 15:00:00,2375.26,2377.54,2370.35,2372.78
2024-07-08 16:00:00,2372.72,2377.14,2370.42,2375.58
2024-07-08 17:00:00,2375.31,2379.56,2373.23,2373.24
2024-07-08 18:00:00,2373.24,2375.0,2351.24,2355.51
2024-07-08 19:00:00,2355.54,2358.78,2351.14,2358.68
2024-07-08 20:00:00,2358.67,2359.69,2355.54,2357.22
2024-07-08 21:00:00,2357.12,2358.25,2354.89,2356.69
2024-07-08 22:00:00,2356.71,2359.84,2356.21,2359.17
2024-07-08 23:00:00,2359.31,2359.84,2357.96,2359.09
2024-07-09 01:00:00,2359.35,2359.8,2358.5,2359.76
2024-07-09 02:00:00,2359.79,2362.01,2359.77,2361.75
2024-07-09 03:00:00,2361.87,2363.66,2360.81,2361.88
2024-07-09 04:00:00,2362.02,2365.3,2361.39,2363.43
2024-07-09 05:00:00,2363.33,2366.72,2360.5,2364.07
2024-07-09 06:00:00,2364.07,2367.95,2363.38,2367.71
2024-07-09 07:00:00,2367.7,2368.77,2366.4,2367.37
2024-07-09 08:00:00,2367.3,2368.37,2364.25,2364.57
2024-07-09 09:00:00,2364.62,2365.5,2362.71,2364.12
2024-07-09 10:00:00,2364.14,2364.53,2358.26,2358.97
2024-07-09 11:00:00,2359.03,2362.0,2358.29,2361.67
2024-07-09 12:00:00,2361.67,2365.37,2361.55,2364.32
2024-07-09 13:00:00,2364.34,2365.57,2362.16,2363.08
2024-07-09 14:00:00,2363.19,2363.19,2357.57,2360.65
2024-07-09 15:00:00,2360.68,2361.21,2356.14,2360.21
2024-07-09 16:00:00,2360.2,2368.47,2359.53,2367.75
2024-07-09 17:00:00,2366.92,2371.33,2354.11,2354.9
2024-07-09 18:00:00,2355.02,2362.23,2349.29,2362.09
2024-07-09 19:00:00,2362.09,2363.15,2356.54,2357.5
2024-07-09 20:00:00,2357.5,2362.52,2357.5,2361.89
2024-07-09 21:00:00,2361.87,2365.33,2361.12,2364.66
2024-07-09 22:00:00,2364.55,2365.56,2362.85,2363.53
2024-07-09 23:00:00,2363.54,2364.95,2363.54,2363.73
2024-07-10 01:00:00,2364.12,2364.38,2362.19,2364.31
2024-07-10 02:00:00,2364.35,2366.03,2364.35,2365.05
2024-07-10 03:00:00,2365.08,2366.5,2364.49,2364.74
2024-07-10 04:00:00,2364.73,2369.87,2363.33,2368.25
2024-07-10 05:00:00,2368.25,2370.16,2366.94,2369.31
2024-07-10 06:00:00,2369.32,2369.82,2366.47,2368.2
2024-07-10 07:00:00,2368.2,2368.92,2366.66,2367.78
2024-07-10 08:00:00,2367.78,2370.33,2367.4,2368.4
2024-07-10 09:00:00,2368.5,2372.75,2367.18,2371.92
2024-07-10 10:00:00,2371.95,2374.96,2371.43,2372.66
2024-07-10 11:00:00,2372.66,2374.26,2371.53,2372.85
2024-07-10 12:00:00,2372.85,2374.18,2371.7,2371.95
2024-07-10 13:00:00,2371.95,2375.31,2371.75,2372.41
2024-07-10 14:00:00,2372.42,2378.36,2372.42,2378.35
2024-07-10 15:00:00,2378.39,2381.82,2377.26,2377.76
2024-07-10 16:00:00,2377.77,2386.61,2376.39,2383.16
2024-07-10 17:00:00,2383.18,2385.16,2374.0,2374.88
2024-07-10 18:00:00,2374.57,2380.74,2374.06,2378.78
2024-07-10 19:00:00,2378.85,2381.27,2376.69,2377.86
2024-07-10 20:00:00,2377.86,2378.55,2370.47,2373.04
2024-07-10 21:00:00,2372.95,2373.56,2369.85,2372.64
2024-07-10 22:00:00,2372.66,2372.66,2370.59,2371.84
2024-07-10 23:00:00,2371.89,2372.42,2369.92,2371.26
2024-07-11 01:00:00,2371.03,2372.91,2370.44,2372.72
2024-07-11 02:00:00,2372.85,2372.92,2372.25,2372.85
2024-07-11 03:00:00,2372.84,2374.43,2371.44,2374.24
2024-07-11 04:00:00,2374.21,2376.28,2373.1,2375.86
2024-07-11 05:00:00,2375.89,2377.76,2374.41,2377.41
2024-07-11 06:00:00,2377.39,2380.23,2376.84,2378.76
2024-07-11 07:00:00,2378.78,2382.5,2378.67,2381.94
2024-07-11 08:00:00,2382.01,2383.01,2381.23,2382.57
2024-07-11 09:00:00,2382.54,2383.25,2378.49,2381.86
2024-07-11 10:00:00,2381.87,2382.04,2378.84,2379.94
2024-07-11 11:00:00,2379.95,2384.1,2379.6,2381.51
2024-07-11 12:00:00,2381.4,2384.6,2381.38,2384.04
2024-07-11 13:00:00,2384.04,2384.04,2380.49,2382.28
2024-07-11 14:00:00,2382.09,2383.4,2379.05,2380.83
2024-07-11 15:00:00,2380.83,2409.66,2380.04,2406.38
2024-07-11 16:00:00,2407.07,2412.98,2395.81,2406.63
2024-07-11 17:00:00,2406.65,2417.91,2404.35,2417.81
2024-07-11 18:00:00,2417.72,2424.54,2412.45,2417.18
2024-07-11 19:00:00,2417.25,2419.22,2411.66,2411.66
2024-07-11 20:00:00,2411.65,2416.68,2410.03,2413.69
2024-07-11 21:00:00,2413.68,2416.63,2412.96,2416.45
2024-07-11 22:00:00,2416.43,2418.67,2414.08,2414.21
2024-07-11 23:00:00,2414.1,2415.49,2413.13,2415.3
2024-07-12 01:00:00,2415.29,2415.9,2411.23,2414.03
2024-07-12 02:00:00,2413.93,2416.01,2411.94,2415.88
2024-07-12 03:00:00,2415.85,2416.23,2411.03,2412.0
2024-07-12 04:00:00,2412.01,2414.24,2407.03,2407.82
2024-07-12 05:00:00,2408.08,2410.93,2406.68,2409.55
2024-07-12 06:00:00,2409.42,2410.16,2408.59,2408.74
2024-07-12 07:00:00,2408.74,2409.96,2408.16,2408.57
2024-07-12 08:00:00,2408.66,2410.1,2405.42,2408.06
2024-07-12 09:00:00,2408.04,2408.3,2402.2,2404.12
2024-07-12 10:00:00,2404.11,2405.53,2400.35,2404.16
2024-07-12 11:00:00,2403.89,2408.14,2403.78,2407.54
2024-07-12 12:00:00,2407.41,2408.32,2403.18,2404.95
2024-07-12 13:00:00,2404.9,2405.52,2399.83,2400.21
2024-07-12 14:00:00,2400.21,2402.72,2398.36,2401.69
2024-07-12 15:00:00,2401.79,2404.33,2391.44,2397.93
2024-07-12 16:00:00,2397.94,2405.68,2396.83,2403.28
2024-07-12 17:00:00,2404.8,2410.86,2403.97,2408.98
2024-07-12 18:00:00,2408.95,2413.73,2408.06,2411.75
2024-07-12 19:00:00,2411.76,2416.92,2411.74,2415.94
2024-07-12 20:00:00,2415.94,2418.17,2414.53,2417.85
2024-07-12 21:00:00,2417.88,2417.99,2413.89,2414.22
2024-07-12 22:00:00,2414.25,2414.81,2412.18,2412.74
2024-07-12 23:00:00,2412.67,2412.68,2411.06,2411.59
2024-07-15 01:00:00,2411.51,2415.37,2406.83,2407.53
2024-07-15 02:00:00,2407.53,2408.76,2405.69,2408.7
2024-07-15 03:00:00,2408.69,2408.86,2406.25,2408.56
2024-07-15 04:00:00,2408.47,2410.34,2404.98,2410.0
2024-07-15 05:00:00,2410.05,2410.91,2408.19,2409.19
2024-07-15 06:00:00,2409.19,2411.99,2408.62,2411.65
2024-07-15 07:00:00,2411.64,2413.38,2410.65,2411.47
2024-07-15 08:00:00,2411.46,2413.95,2407.94,2408.01
2024-07-15 09:00:00,2408.08,2408.27,2402.06,2403.24
2024-07-15 10:00:00,2403.23,2407.97,2401.32,2407.93
2024-07-15 11:00:00,2407.93,2412.1,2406.94,2412.04
2024-07-15 12:00:00,2411.99,2412.55,2407.73,2410.7
2024-07-15 13:00:00,2410.71,2415.78,2410.71,2414.73
2024-07-15 14:00:00,2414.68,2420.35,2414.5,2418.3
2024-07-15 15:00:00,2418.29,2420.86,2413.42,2414.86
2024-07-15 16:00:00,2414.79,2419.31,2411.53,2419.09
2024-07-15 17:00:00,2419.14,2431.96,2418.2,2431.57
2024-07-15 18:00:00,2431.53,2437.51,2431.5,2433.28
2024-07-15 19:00:00,2433.3,2439.67,2429.53,2430.36
2024-07-15 20:00:00,2430.15,2430.15,2420.46,2421.34
2024-07-15 21:00:00,2421.46,2424.81,2419.68,2422.47
2024-07-15 22:00:00,2422.45,2423.28,2420.25,2421.14
2024-07-15 23:00:00,2421.23,2422.45,2420.64,2422.23
2024-07-16 01:00:00,2422.14,2422.65,2420.86,2420.98
2024-07-16 02:00:00,2420.94,2422.76,2420.88,2422.58
2024-07-16 03:00:00,2422.59,2422.88,2420.01,2421.21
2024-07-16 04:00:00,2421.21,2427.67,2421.21,2427.25
2024-07-16 05:00:00,2427.25,2430.29,2426.1,2430.19
2024-07-16 06:00:00,2430.22,2431.51,2426.66,2428.65
2024-07-16 07:00:00,2428.66,2429.52,2425.11,2429.37
2024-07-16 08:00:00,2429.35,2432.81,2428.18,2431.85
2024-07-16 09:00:00,2431.83,2433.86,2428.33,2433.86
2024-07-16 10:00:00,2433.96,2439.41,2432.6,2436.98
2024-07-16 11:00:00,2436.98,2438.57,2433.63,2436.55
2024-07-16 12:00:00,2436.55,2443.39,2435.09,2442.49
2024-07-16 13:00:00,2442.49,2443.34,2439.71,2440.14
2024-07-16 14:00:00,2440.23,2442.41,2438.22,2439.54
2024-07-16 15:00:00,2439.55,2444.02,2429.41,2432.68
2024-07-16 16:00:00,2432.53,2448.01,2430.99,2442.66
2024-07-16 17:00:00,2442.66,2454.03,2440.56,2452.09
2024-07-16 18:00:00,2452.09,2465.25,2451.87,2463.23
2024-07-16 19:00:00,2463.2,2463.69,2457.8,2459.17
2024-07-16 20:00:00,2459.15,2466.35,2458.75,2464.73
2024-07-16 21:00:00,2464.69,2466.61,2462.46,2465.42
2024-07-16 22:00:00,2465.42,2468.67,2463.27,2468.53
2024-07-16 23:00:00,2468.62,2469.65,2466.81,2468.69
2024-07-17 01:00:00,2468.66,2469.92,2466.32,2469.02
2024-07-17 02:00:00,2469.04,2469.75,2467.48,2468.24
2024-07-17 03:00:00,2468.28,2473.28,2466.21,2468.76
2024-07-17 04:00:00,2468.75,2481.18,2468.54,2479.47
2024-07-17 05:00:00,2479.51,2482.36,2469.63,2474.71
2024-07-17 06:00:00,2474.62,2474.62,2464.02,2471.8
2024-07-17 07:00:00,2471.8,2472.71,2467.72,2467.83
2024-07-17 08:00:00,2467.83,2471.01,2465.42,2465.44
2024-07-17 09:00:00,2465.52,2467.53,2461.91,2466.33
2024-07-17 10:00:00,2466.39,2474.31,2464.2,2474.1
2024-07-17 11:00:00,2474.08,2478.77,2471.41,2474.88
2024-07-17 12:00:00,2474.9,2475.34,2469.72,2475.03
2024-07-17 13:00:00,2475.01,2476.28,2466.59,2467.78
2024-07-17 14:00:00,2467.78,2473.21,2467.18,2469.99
2024-07-17 15:00:00,2469.98,2475.31,2468.76,2473.33
2024-07-17 16:00:00,2473.32,2483.33,2471.14,2482.87
2024-07-17 17:00:00,2482.84,2483.54,2460.99,2463.54
2024-07-17 18:00:00,2463.5,2465.83,2457.9,2463.4
2024-07-17 19:00:00,2463.4,2464.97,2452.73,2455.5
2024-07-17 20:00:00,2455.51,2459.19,2451.81,2452.5
2024-07-17 21:00:00,2452.44,2458.07,2451.36,2457.9
2024-07-17 22:00:00,2457.89,2460.28,2456.96,2457.93
2024-07-17 23:00:00,2457.95,2459.32,2457.14,2458.66
2024-07-18 01:00:00,2458.51,2459.89,2457.93,2459.11
2024-07-18 02:00:00,2459.15,2461.79,2459.05,2461.25
2024-07-18 03:00:00,2461.26,2461.41,2457.29,2458.77
2024-07-18 04:00:00,2458.77,2464.03,2457.5,2462.32
2024-07-18 05:00:00,2462.3,2465.9,2460.23,2465.5
2024-07-18 06:00:00,2465.51,2468.9,2465.2,2467.91
2024-07-18 07:00:00,2467.92,2468.14,2464.97,2465.17
2024-07-18 08:00:00,2465.16,2469.83,2464.85,2466.81
2024-07-18 09:00:00,2466.81,2472.04,2464.52,2471.38
2024-07-18 10:00:00,2471.37,2474.8,2470.68,2471.82
2024-07-18 11:00:00,2471.87,2473.6,2465.49,2465.89
2024-07-18 12:00:00,2465.92,2467.57,2464.63,2465.59
2024-07-18 13:00:00,2465.53,2466.23,2461.47,2464.06
2024-07-18 14:00:00,2464.06,2466.24,2462.05,2464.38
2024-07-18 15:00:00,2464.38,2468.73,2462.49,2463.91
2024-07-18 16:00:00,2463.92,2466.15,2457.49,2464.99
2024-07-18 17:00:00,2464.85,2469.8,2460.1,2468.32
2024-07-18 18:00:00,2468.33,2468.95,2461.08,2461.16
2024-07-18 19:00:00,2461.16,2461.99,2455.72,2456.08
2024-07-18 20:00:00,2456.07,2457.44,2451.71,2456.22
2024-07-18 21:00:00,2456.21,2456.43,2450.75,2451.38
2024-07-18 22:00:00,2451.39,2451.68,2440.23,2442.83
2024-07-18 23:00:00,2442.84,2445.39,2441.22,2445.08
2024-07-19 01:00:00,2445.65,2445.67,2443.69,2444.29
2024-07-19 02:00:00,2444.29,2445.1,2441.16,2441.16
2024-07-19 03:00:00,2441.16,2441.22,2426.15,2434.26
2024-07-19 04:00:00,2434.28,2434.48,2420.33,2426.07
2024-07-19 05:00:00,2426.08,2428.61,2422.53,2428.27
2024-07-19 06:00:00,2428.27,2429.42,2424.93,2428.66
2024-07-19 07:00:00,2428.65,2429.21,2423.93,2425.4
2024-07-19 08:00:00,2425.41,2426.05,2421.0,2423.23
2024-07-19 09:00:00,2423.23,2423.91,2414.26,2419.84
2024-07-19 10:00:00,2419.89,2422.12,2412.82,2418.12
2024-07-19 11:00:00,2418.14,2421.58,2416.23,2420.35
2024-07-19 12:00:00,2420.35,2421.0,2414.75,2416.04
2024-07-19 13:00:00,2416.03,2416.2,2410.62,2412.4
2024-07-19 14:00:00,2412.4,2414.25,2408.34,2409.9
2024-07-19 15:00:00,2409.89,2410.07,2401.5,2403.61
2024-07-19 16:00:00,2403.6,2406.52,2393.71,2403.57
2024-07-19 17:00:00,2403.63,2404.61,2395.96,2397.95
2024-07-19 18:00:00,2397.93,2408.31,2397.78,2405.31
2024-07-19 19:00:00,2405.31,2405.89,2399.28,2399.53
2024-07-19 20:00:00,2399.56,2400.69,2395.54,2399.05
2024-07-19 21:00:00,2399.04,2400.22,2397.09,2398.5
2024-07-19 22:00:00,2398.54,2400.01,2397.01,2398.56
2024-07-19 23:00:00,2398.57,2400.45,2397.69,2400.3
2024-07-22 01:00:00,2401.79,2411.57,2400.64,2411.23
2024-07-22 02:00:00,2411.21,2411.86,2409.12,2411.44
2024-07-22 03:00:00,2411.46,2411.56,2406.8,2407.76
2024-07-22 04:00:00,2407.78,2412.04,2405.6,2406.32
2024-07-22 05:00:00,2406.31,2408.1,2403.22,2406.41
2024-07-22 06:00:00,2406.44,2409.42,2405.78,2406.68
2024-07-22 07:00:00,2406.71,2407.04,2403.1,2405.51
2024-07-22 08:00:00,2405.49,2407.25,2402.86,2402.86
2024-07-22 09:00:00,2402.86,2405.18,2398.87,2402.3
2024-07-22 10:00:00,2402.39,2404.47,2399.62,2402.44
2024-07-22 11:00:00,2402.44,2404.53,2399.75,2400.76
2024-07-22 12:00:00,2400.76,2405.63,2399.75,2404.36
2024-07-22 13:00:00,2404.37,2408.27,2403.64,2406.75
2024-07-22 14:00:00,2406.77,2407.51,2397.93,2397.94
2024-07-22 15:00:00,2397.94,2399.41,2388.7,2394.21
2024-07-22 16:00:00,2394.09,2400.03,2391.31,2392.63
2024-07-22 17:00:00,2392.62,2394.72,2383.71,2387.12
2024-07-22 18:00:00,2387.11,2390.39,2384.17,2386.18
2024-07-22 19:00:00,2386.18,2393.21,2386.01,2392.94
2024-07-22 20:00:00,2392.95,2396.26,2391.7,2393.93
2024-07-22 21:00:00,2393.94,2396.34,2392.38,2395.6
2024-07-22 22:00:00,2395.61,2399.93,2395.08,2398.91
2024-07-22 23:00:00,2398.92,2399.34,2395.61,2396.35
2024-07-23 01:00:00,2396.71,2398.1,2395.07,2395.11
2024-07-23 02:00:00,2395.07,2396.08,2394.69,2395.63
2024-07-23 03:00:00,2395.63,2400.16,2395.39,2399.83
2024-07-23 04:00:00,2399.84,2403.88,2397.77,2400.97
2024-07-23 05:00:00,2400.92,2402.32,2397.44,2399.56
2024-07-23 06:00:00,2399.57,2400.64,2396.06,2398.22
2024-07-23 07:00:00,2398.21,2399.52,2395.73,2396.41
2024-07-23 08:00:00,2396.41,2396.76,2390.65,2392.47
2024-07-23 09:00:00,2392.47,2393.67,2388.17,2390.32
2024-07-23 10:00:00,2390.28,2399.1,2389.88,2397.77
2024-07-23 11:00:00,2397.81,2407.02,2396.23,2403.92
2024-07-23 12:00:00,2403.91,2408.06,2403.06,2406.74
2024-07-23 13:00:00,2406.73,2408.18,2405.48,2407.58
2024-07-23 14:00:00,2407.57,2411.91,2405.94,2407.54
2024-07-23 15:00:00,2407.48,2409.18,2403.56,2405.36
2024-07-23 16:00:00,2405.34,2407.55,2399.45,2401.86
2024-07-23 17:00:00,2401.88,2407.33,2399.56,2402.87
2024-07-23 18:00:00,2402.88,2407.08,2402.02,2405.31
2024-07-23 19:00:00,2405.31,2406.7,2402.89,2405.21
2024-07-23 20:00:00,2405.21,2408.11,2402.53,2404.84
2024-07-23 21:00:00,2404.83,2406.07,2403.7,2405.6
2024-07-23 22:00:00,2405.59,2408.9,2405.3,2407.41
2024-07-23 23:00:00,2407.44,2409.88,2405.31,2409.62
2024-07-24 01:00:00,2408.65,2409.61,2407.94,2409.24
2024-07-24 02:00:00,2409.24,2409.34,2407.76,2408.35
2024-07-24 03:00:00,2408.42,2410.1,2407.9,2408.17
2024-07-24 04:00:00,2408.18,2412.06,2404.88,2408.1
2024-07-24 05:00:00,2408.05,2415.76,2407.06,2414.07
2024-07-24 06:00:00,2414.05,2418.28,2413.53,2416.42
2024-07-24 07:00:00,2416.43,2417.9,2414.68,2417.76
2024-07-24 08:00:00,2417.75,2417.87,2412.94,2416.05
2024-07-24 09:00:00,2416.05,2419.1,2414.08,2417.45
2024-07-24 10:00:00,2417.45,2417.78,2411.53,2414.51
2024-07-24 11:00:00,2414.49,2415.01,2410.6,2411.7
2024-07-24 12:00:00,2411.7,2414.76,2409.7,2413.33
2024-07-24 13:00:00,2413.33,2416.34,2412.09,2413.54
2024-07-24 14:00:00,2413.53,2417.68,2410.49,2417.38
2024-07-24 15:00:00,2417.35,2421.89,2416.14,2421.32
2024-07-24 16:00:00,2421.35,2426.57,2413.51,2421.75
2024-07-24 17:00:00,2421.72,2431.9,2419.1,2430.15
2024-07-24 18:00:00,2430.25,2431.26,2422.29,2424.72
2024-07-24 19:00:00,2424.72,2424.81,2418.48,2418.95
2024-07-24 20:00:00,2418.95,2419.47,2407.93,2409.1
2024-07-24 21:00:00,2409.09,2409.35,2405.57,2408.15
2024-07-24 22:00:00,2408.07,2408.61,2398.26,2398.3
2024-07-24 23:00:00,2398.32,2400.43,2396.72,2397.23
2024-07-25 01:00:00,2397.05,2398.53,2392.92,2397.75
2024-07-25 02:00:00,2397.75,2401.11,2396.94,2398.64
2024-07-25 03:00:00,2398.66,2399.2,2395.95,2396.99
2024-07-25 04:00:00,2396.99,2399.97,2370.48,2376.37
2024-07-25 05:00:00,2376.32,2380.66,2369.88,2372.52
2024-07-25 06:00:00,2372.52,2375.49,2366.66,2374.74
2024-07-25 07:00:00,2374.72,2377.9,2373.08,2377.53
2024-07-25 08:00:00,2377.53,2377.8,2368.97,2376.22
2024-07-25 09:00:00,2376.22,2378.65,2369.75,2372.01
2024-07-25 10:00:00,2371.99,2377.41,2365.74,2373.99
2024-07-25 11:00:00,2373.98,2377.48,2371.93,2374.6
2024-07-25 12:00:00,2374.59,2376.11,2370.38,2373.58
2024-07-25 13:00:00,2373.57,2382.4,2371.87,2381.12
2024-07-25 14:00:00,2381.12,2381.63,2367.94,2368.41
2024-07-25 15:00:00,2368.4,2376.5,2362.68,2371.04
2024-07-25 16:00:00,2371.02,2376.23,2362.02,2364.97
2024-07-25 17:00:00,2364.82,2368.33,2357.92,2366.55
2024-07-25 18:00:00,2366.58,2368.31,2362.04,2363.03
2024-07-25 19:00:00,2363.04,2364.49,2357.43,2362.55
2024-07-25 20:00:00,2362.55,2365.38,2352.97,2356.05
2024-07-25 21:00:00,2356.04,2360.18,2354.18,2357.05
2024-07-25 22:00:00,2357.07,2363.78,2356.03,2361.98
2024-07-25 23:00:00,2362.01,2365.27,2359.26,2364.49
2024-07-26 01:00:00,2364.05,2365.31,2362.79,2363.22
2024-07-26 02:00:00,2363.24,2364.68,2361.96,2363.7
2024-07-26 03:00:00,2363.71,2365.29,2362.12,2362.61
2024-07-26 04:00:00,2362.61,2373.88,2355.7,2373.46
2024-07-26 05:00:00,2373.49,2379.18,2370.43,2374.14
2024-07-26 06:00:00,2374.15,2378.28,2371.42,2371.64
2024-07-26 07:00:00,2371.67,2372.74,2369.68,2369.73
2024-07-26 08:00:00,2369.74,2375.19,2368.16,2374.16
2024-07-26 09:00:00,2374.16,2374.36,2365.12,2369.57
2024-07-26 10:00:00,2369.57,2371.87,2367.53,2371.43
2024-07-26 11:00:00,2371.44,2374.04,2369.25,2372.85
2024-07-26 12:00:00,2372.87,2374.39,2371.59,2373.65
2024-07-26 13:00:00,2373.62,2375.21,2372.54,2372.65
2024-07-26 14:00:00,2372.66,2375.66,2370.19,2373.18
2024-07-26 15:00:00,2373.18,2378.94,2370.91,2377.4
2024-07-26 16:00:00,2377.43,2383.1,2373.98,2381.19
2024-07-26 17:00:00,2381.06,2390.68,2379.76,2381.84
2024-07-26 18:00:00,2381.81,2386.79,2379.89,2385.16
2024-07-26 19:00:00,2385.08,2390.26,2384.51,2389.06
2024-07-26 20:00:00,2389.06,2389.09,2381.04,2383.36
2024-07-26 21:00:00,2383.35,2386.14,2382.7,2384.29
2024-07-26 22:00:00,2384.29,2386.97,2382.59,2386.21
2024-07-26 23:00:00,2386.22,2388.62,2385.31,2387.34
2024-07-29 01:00:00,2388.7,2403.05,2387.15,2395.7
2024-07-29 02:00:00,2395.7,2398.81,2394.62,2396.93
2024-07-29 03:00:00,2396.97,2401.52,2396.95,2399.94
2024-07-29 04:00:00,2399.92,2402.39,2388.59,2392.75
2024-07-29 05:00:00,2392.71,2394.6,2390.88,2393.11
2024-07-29 06:00:00,2393.1,2395.14,2391.85,2394.48
2024-07-29 07:00:00,2394.48,2395.97,2393.21,2394.79
2024-07-29 08:00:00,2394.79,2396.13,2390.11,2392.6
2024-07-29 09:00:00,2392.6,2395.39,2390.69,2391.65
2024-07-29 10:00:00,2391.65,2394.25,2389.34,2391.45
2024-07-29 11:00:00,2391.44,2392.61,2386.85,2390.23
2024-07-29 12:00:00,2390.23,2393.36,2389.75,2392.7
2024-07-29 13:00:00,2392.7,2395.29,2391.89,2392.49
2024-07-29 14:00:00,2392.49,2392.93,2386.77,2387.65
2024-07-29 15:00:00,2387.64,2394.08,2385.36,2393.74
2024-07-29 16:00:00,2393.75,2396.62,2389.74,2391.74
2024-07-29 17:00:00,2391.75,2393.99,2379.97,2381.27
2024-07-29 18:00:00,2381.13,2382.86,2369.54,2376.7
2024-07-29 19:00:00,2376.7,2378.9,2374.47,2378.02
2024-07-29 20:00:00,2378.1,2383.31,2377.33,2378.14
2024-07-29 21:00:00,2378.14,2380.63,2376.82,2379.45
2024-07-29 22:00:00,2379.47,2385.34,2378.2,2382.9
2024-07-29 23:00:00,2382.9,2384.57,2381.13,2383.5
2024-07-30 01:00:00,2383.83,2384.83,2382.26,2383.96
2024-07-30 02:00:00,2383.96,2384.18,2380.8,2381.04
2024-07-30 03:00:00,2381.05,2383.71,2380.11,2381.73
2024-07-30 04:00:00,2381.74,2382.32,2376.36,2379.6
2024-07-30 05:00:00,2379.58,2383.14,2378.42,2381.78
2024-07-30 06:00:00,2381.79,2385.88,2381.34,2385.66
2024-07-30 07:00:00,2385.67,2388.22,2385.6,2386.26
2024-07-30 08:00:00,2386.26,2389.74,2385.96,2388.65
2024-07-30 09:00:00,2388.68,2390.93,2387.61,2390.24
2024-07-30 10:00:00,2390.27,2391.9,2388.77,2390.21
2024-07-30 11:00:00,2390.24,2391.4,2388.45,2389.33
2024-07-30 12:00:00,2389.3,2389.97,2387.71,2389.05
2024-07-30 13:00:00,2389.03,2392.3,2387.76,2391.52
2024-07-30 14:00:00,2391.52,2392.04,2386.88,2386.99
2024-07-30 15:00:00,2387.06,2388.22,2385.67,2386.43
2024-07-30 16:00:00,2386.44,2397.62,2385.67,2393.48
2024-07-30 17:00:00,2393.33,2395.85,2387.47,2391.57
2024-07-30 18:00:00,2391.53,2392.29,2383.33,2385.24
2024-07-30 19:00:00,2385.24,2400.18,2384.95,2399.71
2024-07-30 20:00:00,2399.77,2410.75,2399.77,2405.64
2024-07-30 21:00:00,2405.69,2407.26,2403.56,2404.8
2024-07-30 22:00:00,2404.79,2408.26,2403.75,2406.93
2024-07-30 23:00:00,2406.91,2412.64,2406.88,2410.92
2024-07-31 01:00:00,2410.98,2411.1,2408.0,2409.09
2024-07-31 02:00:00,2409.09,2410.12,2408.43,2409.75
2024-07-31 03:00:00,2409.77,2409.98,2407.81,2408.87
2024-07-31 04:00:00,2408.86,2412.1,2403.76,2408.97
2024-07-31 05:00:00,2408.98,2409.29,2403.94,2407.33
2024-07-31 06:00:00,2407.32,2418.89,2407.13,2416.27
2024-07-31 07:00:00,2416.41,2421.19,2414.32,2421.08
2024-07-31 08:00:00,2421.09,2422.02,2417.2,2417.74
2024-07-31 09:00:00,2417.74,2425.4,2416.43,2421.21
2024-07-31 10:00:00,2421.26,2421.81,2415.87,2417.08
2024-07-31 11:00:00,2417.07,2421.64,2415.33,2421.34
2024-07-31 12:00:00,2421.34,2422.15,2417.8,2420.92
2024-07-31 13:00:00,2420.91,2422.78,2417.51,2418.4
2024-07-31 14:00:00,2418.4,2423.15,2418.04,2419.42
2024-07-31 15:00:00,2419.42,2422.69,2417.22,2420.35
2024-07-31 16:00:00,2420.33,2427.45,2417.76,2426.05
2024-07-31 17:00:00,2426.09,2428.93,2419.07,2422.39
2024-07-31 18:00:00,2422.37,2424.13,2419.97,2422.97
2024-07-31 19:00:00,2422.97,2427.6,2422.32,2426.9
2024-07-31 20:00:00,2426.91,2428.91,2425.08,2425.28
2024-07-31 21:00:00,2425.22,2435.15,2421.43,2433.69
2024-07-31 22:00:00,2433.68,2450.77,2431.04,2449.69
2024-07-31 23:00:00,2449.77,2450.8,2446.15,2447.24
2024-08-01 01:00:00,2448.53,2449.44,2446.95,2447.44
2024-08-01 02:00:00,2447.44,2447.85,2444.21,2445.65
2024-08-01 03:00:00,2445.65,2449.34,2445.18,2447.44
2024-08-01 04:00:00,2447.34,2458.26,2445.91,2451.22
2024-08-01 05:00:00,2451.32,2451.32,2437.22,2441.2
2024-08-01 06:00:00,2441.25,2444.51,2439.26,2442.64
2024-08-01 07:00:00,2442.62,2446.73,2442.37,2444.12
2024-08-01 08:00:00,2444.14,2447.87,2443.5,2446.8
2024-08-01 09:00:00,2446.87,2448.75,2443.97,2444.65
2024-08-01 10:00:00,2444.71,2444.81,2439.85,2440.22
2024-08-01 11:00:00,2440.23,2442.27,2433.12,2433.73
2024-08-01 12:00:00,2433.74,2434.95,2430.12,2432.94
2024-08-01 13:00:00,2432.91,2436.7,2431.9,2435.06
2024-08-01 14:00:00,2435.06,2442.87,2434.23,2440.68
2024-08-01 15:00:00,2440.7,2454.72,2440.22,2450.64
2024-08-01 16:00:00,2450.64,2457.24,2448.44,2453.5
2024-08-01 17:00:00,2453.52,2462.17,2443.12,2448.6
2024-08-01 18:00:00,2448.47,2451.68,2442.03,2445.05
2024-08-01 19:00:00,2445.05,2448.68,2443.33,2444.36
2024-08-01 20:00:00,2444.39,2444.58,2435.71,2439.24
2024-08-01 21:00:00,2439.26,2440.89,2434.76,2439.52
2024-08-01 22:00:00,2439.53,2443.98,2438.26,2443.05
2024-08-01 23:00:00,2443.03,2447.54,2441.7,2446.3
2024-08-02 01:00:00,2446.24,2447.43,2443.79,2445.06
2024-08-02 02:00:00,2445.06,2446.46,2443.97,2445.69
2024-08-02 03:00:00,2445.78,2452.19,2443.78,2448.95
2024-08-02 04:00:00,2448.94,2450.84,2434.95,2447.07
2024-08-02 05:00:00,2447.06,2455.5,2446.62,2455.49
2024-08-02 06:00:00,2455.47,2459.28,2451.63,2454.41
2024-08-02 07:00:00,2454.41,2460.22,2454.19,2457.77
2024-08-02 08:00:00,2457.78,2466.72,2457.57,2466.6
2024-08-02 09:00:00,2466.65,2468.35,2462.38,2465.42
2024-08-02 10:00:00,2465.45,2466.61,2460.1,2461.52
2024-08-02 11:00:00,2461.52,2465.2,2460.85,2461.91
2024-08-02 12:00:00,2461.92,2464.12,2460.9,2463.8
2024-08-02 13:00:00,2463.81,2465.26,2460.78,2463.35
2024-08-02 14:00:00,2463.46,2464.6,2457.52,2459.13
2024-08-02 15:00:00,2459.08,2477.61,2455.32,2472.82
2024-08-02 16:00:00,2472.77,2474.17,2455.68,2469.85
2024-08-02 17:00:00,2469.82,2474.27,2428.21,2431.44
2024-08-02 18:00:00,2431.46,2435.57,2410.72,2433.12
2024-08-02 19:00:00,2433.11,2439.12,2426.26,2430.36
2024-08-02 20:00:00,2430.35,2431.5,2422.89,2427.73
2024-08-02 21:00:00,2427.74,2433.46,2426.66,2428.92
2024-08-02 22:00:00,2428.9,2438.24,2425.54,2437.46
2024-08-02 23:00:00,2437.46,2442.34,2435.54,2441.38
2024-08-05 01:00:00,2444.61,2447.35,2437.87,2441.3
2024-08-05 02:00:00,2441.3,2445.62,2439.09,2440.87
2024-08-05 03:00:00,2440.92,2440.96,2413.82,2422.07
2024-08-05 04:00:00,2422.04,2441.85,2420.07,2439.41
2024-08-05 05:00:00,2439.35,2446.03,2433.05,2442.73
2024-08-05 06:00:00,2442.72,2452.48,2442.6,2450.91
2024-08-05 07:00:00,2450.95,2458.65,2450.81,2452.61
2024-08-05 08:00:00,2452.55,2452.56,2432.43,2437.86
2024-08-05 09:00:00,2437.86,2438.64,2422.11,2428.54
2024-08-05 10:00:00,2428.5,2445.44,2424.56,2431.88
2024-08-05 11:00:00,2431.89,2434.38,2423.25,2424.92
2024-08-05 12:00:00,2425.01,2428.65,2419.08,2424.08
2024-08-05 13:00:00,2424.07,2425.53,2407.99,2408.39
2024-08-05 14:00:00,2408.44,2408.44,2383.18,2386.66
2024-08-05 15:00:00,2386.61,2392.16,2364.06,2374.41
2024-08-05 16:00:00,2374.46,2396.93,2374.46,2392.94
2024-08-05 17:00:00,2392.74,2397.37,2386.86,2396.66
2024-08-05 18:00:00,2396.53,2412.13,2396.39,2402.68
2024-08-05 19:00:00,2402.68,2408.7,2398.96,2402.94
2024-08-05 20:00:00,2402.92,2406.52,2400.14,2404.89
2024-08-05 21:00:00,2404.9,2408.74,2403.68,2404.89
2024-08-05 22:00:00,2404.91,2412.91,2404.52,2407.55
2024-08-05 23:00:00,2407.56,2411.57,2405.32,2409.96
2024-08-06 01:00:00,2410.23,2412.49,2407.89,2408.86
2024-08-06 02:00:00,2408.86,2409.92,2404.32,2404.72
2024-08-06 03:00:00,2404.74,2418.23,2404.49,2415.83
2024-08-06 04:00:00,2415.82,2417.66,2410.59,2412.35
2024-08-06 05:00:00,2412.34,2413.11,2405.83,2407.36
2024-08-06 06:00:00,2407.4,2410.99,2406.46,2408.9
2024-08-06 07:00:00,2408.91,2412.51,2406.4,2407.95
2024-08-06 08:00:00,2407.95,2411.77,2398.05,2398.62
2024-08-06 09:00:00,2398.63,2408.21,2394.75,2401.53
2024-08-06 10:00:00,2401.52,2410.54,2401.44,2409.79
2024-08-06 11:00:00,2409.8,2415.34,2408.08,2410.97
2024-08-06 12:00:00,2411.01,2415.43,2410.2,2413.25
2024-08-06 13:00:00,2413.24,2416.21,2411.51,2412.3
2024-08-06 14:00:00,2412.3,2415.19,2410.07,2410.81
2024-08-06 15:00:00,2410.83,2412.17,2391.7,2392.86
2024-08-06 16:00:00,2392.91,2399.42,2388.71,2395.6
2024-08-06 17:00:00,2395.6,2403.03,2386.27,2388.27
2024-08-06 18:00:00,2388.28,2390.94,2381.48,2387.49
2024-08-06 19:00:00,2387.49,2391.34,2385.6,2389.91
2024-08-06 20:00:00,2389.9,2393.36,2387.55,2391.8
2024-08-06 21:00:00,2391.81,2395.87,2391.25,2392.77
2024-08-06 22:00:00,2392.78,2392.93,2386.37,2387.56
2024-08-06 23:00:00,2387.56,2390.11,2386.83,2389.85
2024-08-07 01:00:00,2391.58,2391.99,2387.92,2388.67
2024-08-07 02:00:00,2388.67,2389.57,2382.78,2383.76
2024-08-07 03:00:00,2383.74,2387.28,2381.01,2386.38
2024-08-07 04:00:00,2386.45,2387.45,2378.94,2383.98
2024-08-07 05:00:00,2384.0,2388.39,2380.77,2384.15
2024-08-07 06:00:00,2384.2,2387.44,2383.12,2385.8
2024-08-07 07:00:00,2385.81,2394.68,2385.58,2392.7
2024-08-07 08:00:00,2392.68,2396.04,2388.53,2391.33
2024-08-07 09:00:00,2391.37,2397.5,2389.5,2394.65
2024-08-07 10:00:00,2394.62,2394.82,2387.94,2389.28
2024-08-07 11:00:00,2389.24,2393.64,2388.26,2393.24
2024-08-07 12:00:00,2393.24,2396.28,2392.34,2394.21
2024-08-07 13:00:00,2394.22,2398.02,2393.01,2397.41
2024-08-07 14:00:00,2397.34,2402.25,2394.15,2400.93
2024-08-07 15:00:00,2400.98,2406.9,2398.89,2403.74
2024-08-07 16:00:00,2403.75,2404.71,2396.95,2399.96
2024-08-07 17:00:00,2399.9,2403.29,2397.85,2398.93
2024-08-07 18:00:00,2399.0,2401.63,2391.91,2394.42
2024-08-07 19:00:00,2394.42,2399.64,2392.74,2399.64
2024-08-07 20:00:00,2399.59,2399.6,2389.41,2389.73
2024-08-07 21:00:00,2389.75,2391.64,2383.74,2386.13
2024-08-07 22:00:00,2386.15,2390.39,2385.26,2385.53
2024-08-07 23:00:00,2385.54,2387.25,2381.72,2383.06
2024-08-08 01:00:00,2381.01,2384.27,2380.95,2383.6
2024-08-08 02:00:00,2383.61,2385.79,2382.69,2384.77
2024-08-08 03:00:00,2384.75,2388.72,2383.17,2385.47
2024-08-08 04:00:00,2385.47,2391.28,2384.94,2386.76
2024-08-08 05:00:00,2386.75,2390.73,2386.18,2390.35
2024-08-08 06:00:00,2390.35,2394.63,2388.58,2394.25
2024-08-08 07:00:00,2394.24,2396.31,2392.6,2394.25
2024-08-08 08:00:00,2394.28,2395.39,2392.34,2395.2
2024-08-08 09:00:00,2395.2,2400.62,2392.56,2397.75
2024-08-08 10:00:00,2397.7,2400.2,2394.67,2396.71
2024-08-08 11:00:00,2396.69,2398.04,2392.78,2394.48
2024-08-08 12:00:00,2394.47,2398.8,2393.73,2396.13
2024-08-08 13:00:00,2396.12,2406.33,2396.12,2405.23
2024-08-08 14:00:00,2405.22,2413.53,2404.88,2412.19
2024-08-08 15:00:00,2412.2,2415.38,2406.99,2407.97
2024-08-08 16:00:00,2407.98,2415.38,2402.24,2414.0
2024-08-08 17:00:00,2414.0,2424.23,2409.14,2413.63
2024-08-08 18:00:00,2413.64,2420.23,2411.89,2418.55
2024-08-08 19:00:00,2418.54,2423.7,2416.56,2418.0
2024-08-08 20:00:00,2418.0,2424.78,2415.71,2423.41
2024-08-08 21:00:00,2423.42,2426.2,2422.24,2423.87
2024-08-08 22:00:00,2423.88,2424.71,2421.51,2423.49
2024-08-08 23:00:00,2423.5,2427.53,2422.92,2427.18
2024-08-09 01:00:00,2427.07,2428.02,2424.48,2425.72
2024-08-09 02:00:00,2425.72,2426.35,2422.73,2424.53
2024-08-09 03:00:00,2424.53,2425.28,2422.49,2423.87
2024-08-09 04:00:00,2423.87,2427.4,2419.98,2427.13
2024-08-09 05:00:00,2427.13,2428.83,2422.27,2422.41
2024-08-09 06:00:00,2422.39,2423.26,2419.27,2420.95
2024-08-09 07:00:00,2420.9,2424.36,2420.11,2423.78
2024-08-09 08:00:00,2423.77,2423.85,2417.04,2417.09
2024-08-09 09:00:00,2417.09,2421.67,2416.78,2420.67
2024-08-09 10:00:00,2420.63,2426.92,2420.23,2423.05
2024-08-09 11:00:00,2423.14,2426.64,2422.11,2424.42
2024-08-09 12:00:00,2424.39,2425.45,2422.63,2423.47
2024-08-09 13:00:00,2423.46,2431.3,2422.92,2430.37
2024-08-09 14:00:00,2430.38,2432.49,2425.06,2426.61
2024-08-09 15:00:00,2426.61,2429.79,2423.7,2429.56
2024-08-09 16:00:00,2429.56,2433.03,2420.96,2426.58
2024-08-09 17:00:00,2426.58,2435.83,2425.32,2428.6
2024-08-09 18:00:00,2428.59,2432.51,2426.47,2431.34
2024-08-09 19:00:00,2431.35,2434.6,2427.46,2434.38
2024-08-09 20:00:00,2434.38,2436.93,2430.37,2430.49
2024-08-09 21:00:00,2430.53,2430.79,2427.15,2429.75
2024-08-09 22:00:00,2429.76,2429.97,2427.3,2428.97
2024-08-09 23:00:00,2428.98,2431.26,2428.98,2431.07
2024-08-12 01:00:00,2429.26,2433.35,2427.01,2430.37
2024-08-12 02:00:00,2430.37,2430.51,2427.24,2427.82
2024-08-12 03:00:00,2427.85,2428.99,2426.71,2428.38
2024-08-12 04:00:00,2428.39,2430.19,2424.55,2425.95
2024-08-12 05:00:00,2425.95,2427.38,2423.75,2426.13
2024-08-12 06:00:00,2426.09,2429.28,2425.64,2428.49
2024-08-12 07:00:00,2428.5,2433.41,2428.17,2433.28
2024-08-12 08:00:00,2433.26,2435.0,2429.01,2434.56
2024-08-12 09:00:00,2434.56,2437.13,2433.68,2436.73
2024-08-12 10:00:00,2436.73,2442.75,2435.43,2441.55
2024-08-12 11:00:00,2441.56,2443.72,2439.56,2441.86
2024-08-12 12:00:00,2441.87,2444.97,2440.49,2442.57
2024-08-12 13:00:00,2442.57,2444.61,2441.37,2443.72
2024-08-12 14:00:00,2443.72,2444.11,2439.57,2441.48
2024-08-12 15:00:00,2441.48,2445.31,2441.32,2444.33
2024-08-12 16:00:00,2444.35,2457.41,2442.02,2454.16
2024-08-12 17:00:00,2454.14,2455.41,2444.44,2453.28
2024-08-12 18:00:00,2453.28,2460.48,2452.84,2459.68
2024-08-12 19:00:00,2459.68,2466.01,2458.88,2463.03
2024-08-12 20:00:00,2463.03,2468.46,2461.66,2467.02
2024-08-12 21:00:00,2467.06,2470.89,2466.37,2470.18
2024-08-12 22:00:00,2470.16,2472.01,2469.66,2470.36
2024-08-12 23:00:00,2470.37,2473.16,2470.31,2472.03
2024-08-13 01:00:00,2471.08,2474.0,2469.99,2473.62
2024-08-13 02:00:00,2473.62,2475.89,2472.65,2475.48
2024-08-13 03:00:00,2475.49,2476.82,2468.37,2472.05
2024-08-13 04:00:00,2472.06,2473.54,2460.7,2466.31
2024-08-13 05:00:00,2466.22,2467.59,2461.38,2461.38
2024-08-13 06:00:00,2461.4,2464.53,2461.28,2463.38
2024-08-13 07:00:00,2463.39,2464.95,2460.14,2461.92
2024-08-13 08:00:00,2461.9,2464.28,2458.4,2462.66
2024-08-13 09:00:00,2462.66,2464.53,2461.05,2463.22
2024-08-13 10:00:00,2463.17,2466.05,2460.75,2464.14
2024-08-13 11:00:00,2464.14,2464.24,2458.83,2460.52
2024-08-13 12:00:00,2460.49,2461.97,2458.85,2460.53
2024-08-13 13:00:00,2460.54,2463.35,2459.31,2462.07
2024-08-13 14:00:00,2462.07,2466.53,2461.39,2465.66
2024-08-13 15:00:00,2465.66,2472.42,2464.25,2467.57
2024-08-13 16:00:00,2467.58,2475.61,2458.86,2472.79
2024-08-13 17:00:00,2472.77,2473.18,2464.03,2471.28
2024-08-13 18:00:00,2471.44,2472.94,2465.84,2468.51
2024-08-13 19:00:00,2468.52,2470.96,2466.22,2469.39
2024-08-13 20:00:00,2469.39,2470.19,2465.83,2467.56
2024-08-13 21:00:00,2467.58,2468.81,2466.24,2467.71
2024-08-13 22:00:00,2467.68,2468.73,2462.15,2466.91
2024-08-13 23:00:00,2466.9,2467.72,2464.58,2464.98
2024-08-14 01:00:00,2465.65,2467.09,2463.77,2465.39
2024-08-14 02:00:00,2465.39,2465.39,2462.87,2464.05
2024-08-14 03:00:00,2464.07,2467.27,2463.91,2465.61
2024-08-14 04:00:00,2465.59,2472.46,2464.5,2465.43
2024-08-14 05:00:00,2465.44,2465.62,2455.29,2459.84
2024-08-14 06:00:00,2459.83,2461.51,2458.7,2460.78
2024-08-14 07:00:00,2460.75,2462.78,2459.97,2461.79
2024-08-14 08:00:00,2461.78,2462.47,2459.16,2461.93
2024-08-14 09:00:00,2461.93,2467.64,2460.27,2467.32
2024-08-14 10:00:00,2467.32,2471.82,2466.26,2470.81
2024-08-14 11:00:00,2470.82,2478.58,2468.65,2474.32
2024-08-14 12:00:00,2474.3,2475.3,2471.03,2472.84
2024-08-14 13:00:00,2472.86,2476.05,2470.4,2474.89
2024-08-14 14:00:00,2474.89,2475.14,2471.64,2474.61
2024-08-14 15:00:00,2474.66,2479.7,2462.38,2468.69
2024-08-14 16:00:00,2468.69,2469.47,2449.37,2457.4
2024-08-14 17:00:00,2457.36,2458.21,2446.84,2450.13
2024-08-14 18:00:00,2450.13,2452.07,2441.96,2443.95
2024-08-14 19:00:00,2443.97,2445.4,2437.98,2444.09
2024-08-14 20:00:00,2444.1,2445.03,2440.23,2441.42
2024-08-14 21:00:00,2441.43,2447.93,2440.51,2447.63
2024-08-14 22:00:00,2447.64,2448.29,2444.3,2447.04
2024-08-14 23:00:00,2447.06,2448.27,2446.42,2447.92
2024-08-15 01:00:00,2447.5,2448.62,2446.51,2447.84
2024-08-15 02:00:00,2447.84,2449.4,2447.1,2449.35
2024-08-15 03:00:00,2449.36,2454.15,2448.43,2450.06
2024-08-15 04:00:00,2450.04,2453.43,2448.08,2450.59
2024-08-15 05:00:00,2450.6,2452.46,2449.73,2451.37
2024-08-15 06:00:00,2451.37,2454.23,2451.22,2453.54
2024-08-15 07:00:00,2453.54,2455.36,2452.74,2453.3
2024-08-15 08:00:00,2453.29,2454.96,2450.26,2453.77
2024-08-15 09:00:00,2453.77,2458.67,2452.66,2455.92
2024-08-15 10:00:00,2455.92,2456.54,2454.31,2455.73
2024-08-15 11:00:00,2455.69,2457.13,2453.49,2455.41
2024-08-15 12:00:00,2455.41,2457.14,2455.26,2456.7
2024-08-15 13:00:00,2456.69,2460.19,2456.67,2458.08
2024-08-15 14:00:00,2458.08,2464.06,2457.81,2463.4
2024-08-15 15:00:00,2463.41,2469.95,2440.94,2440.94
2024-08-15 16:00:00,2440.99,2451.36,2432.09,2444.36
2024-08-15 17:00:00,2444.38,2458.46,2444.38,2452.17
2024-08-15 18:00:00,2452.2,2459.39,2450.44,2458.32
2024-08-15 19:00:00,2458.26,2459.8,2454.95,2455.6
2024-08-15 20:00:00,2455.65,2456.33,2453.37,2455.35
2024-08-15 21:00:00,2455.38,2458.22,2454.66,2458.17
2024-08-15 22:00:00,2458.18,2461.52,2454.06,2455.49
2024-08-15 23:00:00,2455.44,2457.33,2454.68,2456.24
2024-08-16 01:00:00,2455.96,2456.26,2454.51,2454.74
2024-08-16 02:00:00,2454.74,2458.13,2454.28,2457.22
2024-08-16 03:00:00,2457.21,2459.64,2456.82,2458.24
2024-08-16 04:00:00,2458.38,2459.98,2455.66,2457.23
2024-08-16 05:00:00,2457.23,2457.68,2453.49,2454.86
2024-08-16 06:00:00,2454.86,2455.5,2450.64,2452.36
2024-08-16 07:00:00,2452.35,2453.57,2451.9,2452.63
2024-08-16 08:00:00,2452.62,2456.21,2452.49,2455.64
2024-08-16 09:00:00,2455.63,2457.71,2454.55,2454.88
2024-08-16 10:00:00,2454.9,2464.37,2451.05,2461.86
2024-08-16 11:00:00,2461.9,2463.94,2458.99,2462.24
2024-08-16 12:00:00,2462.26,2464.27,2461.14,2463.24
2024-08-16 13:00:00,2463.26,2468.07,2462.77,2464.51
2024-08-16 14:00:00,2464.51,2472.23,2464.5,2472.06
2024-08-16 15:00:00,2472.05,2492.27,2471.21,2491.54
2024-08-16 16:00:00,2491.53,2499.94,2483.53,2494.13
2024-08-16 17:00:00,2494.17,2494.94,2477.43,2487.11
2024-08-16 18:00:00,2487.12,2492.17,2485.54,2491.65
2024-08-16 19:00:00,2491.65,2497.72,2491.59,2495.78
2024-08-16 20:00:00,2495.8,2499.97,2492.99,2499.62
2024-08-16 21:00:00,2499.64,2505.48,2498.34,2503.2
2024-08-16 22:00:00,2503.19,2508.86,2501.62,2507.99
2024-08-16 23:00:00,2507.9,2509.61,2505.43,2507.46
2024-08-19 01:00:00,2508.41,2510.06,2502.3,2504.76
2024-08-19 02:00:00,2504.83,2506.7,2503.32,2506.34
2024-08-19 03:00:00,2506.33,2506.64,2500.26,2501.92
2024-08-19 04:00:00,2501.94,2505.94,2494.89,2498.09
2024-08-19 05:00:00,2498.14,2503.85,2496.12,2503.4
2024-08-19 06:00:00,2503.45,2505.71,2500.46,2503.19
2024-08-19 07:00:00,2503.18,2504.54,2498.69,2500.54
2024-08-19 08:00:00,2500.56,2502.28,2499.01,2500.99
2024-08-19 09:00:00,2500.99,2505.11,2499.58,2502.0
2024-08-19 10:00:00,2502.01,2504.73,2499.63,2502.95
2024-08-19 11:00:00,2502.91,2507.09,2502.24,2503.05
2024-08-19 12:00:00,2503.06,2503.88,2499.72,2499.82
2024-08-19 13:00:00,2499.8,2499.98,2489.45,2489.69
2024-08-19 14:00:00,2489.69,2495.1,2486.42,2494.38
2024-08-19 15:00:00,2494.37,2495.37,2488.71,2491.05
2024-08-19 16:00:00,2491.08,2495.74,2485.54,2494.69
2024-08-19 17:00:00,2494.66,2504.71,2493.8,2501.13
2024-08-19 18:00:00,2501.14,2505.83,2499.82,2503.88
2024-08-19 19:00:00,2503.88,2507.37,2501.84,2505.59
2024-08-19 20:00:00,2505.39,2505.73,2500.62,2503.04
2024-08-19 21:00:00,2503.05,2504.76,2502.4,2504.16
2024-08-19 22:00:00,2504.15,2505.71,2502.97,2505.4
2024-08-19 23:00:00,2505.36,2505.56,2503.27,2504.23
2024-08-20 01:00:00,2503.42,2504.5,2502.04,2504.22
2024-08-20 02:00:00,2504.21,2504.22,2502.36,2503.54
2024-08-20 03:00:00,2503.56,2506.73,2503.23,2504.85
2024-08-20 04:00:00,2504.85,2508.1,2501.19,2501.86
2024-08-20 05:00:00,2501.86,2502.36,2498.59,2499.53
2024-08-20 06:00:00,2499.53,2502.24,2499.0,2501.65
2024-08-20 07:00:00,2501.66,2502.69,2499.45,2500.73
2024-08-20 08:00:00,2500.72,2503.58,2499.42,2499.43
2024-08-20 09:00:00,2499.43,2505.63,2497.23,2502.39
2024-08-20 10:00:00,2502.3,2515.13,2501.12,2514.85
2024-08-20 11:00:00,2514.86,2523.0,2514.25,2519.76
2024-08-20 12:00:00,2519.77,2525.1,2519.74,2521.66
2024-08-20 13:00:00,2521.69,2524.39,2521.07,2522.76
2024-08-20 14:00:00,2522.76,2526.96,2522.09,2526.19
2024-08-20 15:00:00,2526.2,2529.11,2521.55,2526.74
2024-08-20 16:00:00,2526.8,2531.53,2519.81,2529.74
2024-08-20 17:00:00,2529.84,2530.1,2520.34,2523.71
2024-08-20 18:00:00,2523.7,2523.89,2505.76,2508.4
2024-08-20 19:00:00,2508.4,2510.49,2500.74,2508.95
2024-08-20 20:00:00,2509.0,2513.03,2506.68,2510.45
2024-08-20 21:00:00,2510.46,2515.36,2509.19,2513.22
2024-08-20 22:00:00,2513.23,2515.24,2510.83,2514.85
2024-08-20 23:00:00,2514.91,2516.79,2513.42,2514.01
2024-08-21 01:00:00,2513.79,2515.72,2513.34,2514.64
2024-08-21 02:00:00,2514.64,2515.98,2512.68,2512.84
2024-08-21 03:00:00,2512.84,2515.83,2512.38,2513.39
2024-08-21 04:00:00,2513.48,2516.97,2510.77,2516.72
2024-08-21 05:00:00,2516.71,2519.84,2515.78,2519.3
2024-08-21 06:00:00,2519.25,2519.32,2512.97,2517.28
2024-08-21 07:00:00,2517.29,2517.58,2513.75,2516.06
2024-08-21 08:00:00,2516.06,2518.33,2514.92,2515.12
2024-08-21 09:00:00,2515.12,2519.47,2511.71,2514.38
2024-08-21 10:00:00,2514.34,2516.88,2508.03,2509.65
2024-08-21 11:00:00,2509.66,2512.29,2506.8,2507.22
2024-08-21 12:00:00,2507.2,2509.2,2504.45,2505.54
2024-08-21 13:00:00,2505.52,2509.63,2504.36,2509.3
2024-08-21 14:00:00,2509.3,2513.13,2506.81,2511.7
2024-08-21 15:00:00,2511.69,2513.59,2507.02,2510.44
2024-08-21 16:00:00,2510.45,2512.76,2497.89,2502.86
2024-08-21 17:00:00,2502.95,2506.57,2493.81,2501.39
2024-08-21 18:00:00,2501.4,2511.01,2501.39,2508.4
2024-08-21 19:00:00,2508.23,2508.74,2503.09,2507.0
2024-08-21 20:00:00,2507.02,2511.24,2506.83,2509.44
2024-08-21 21:00:00,2509.45,2519.04,2509.33,2515.9
2024-08-21 22:00:00,2515.89,2516.29,2510.84,2511.37
2024-08-21 23:00:00,2511.36,2512.39,2509.65,2512.3
2024-08-22 01:00:00,2511.93,2513.88,2511.42,2513.87
2024-08-22 02:00:00,2513.85,2514.33,2512.18,2512.69
2024-08-22 03:00:00,2512.65,2514.56,2511.13,2513.63
2024-08-22 04:00:00,2513.63,2514.04,2506.96,2507.52
2024-08-22 05:00:00,2507.53,2508.56,2499.87,2502.19
2024-08-22 06:00:00,2502.18,2504.59,2501.06,2502.25
2024-08-22 07:00:00,2502.25,2502.32,2499.22,2501.83
2024-08-22 08:00:00,2501.83,2506.19,2500.59,2505.43
2024-08-22 09:00:00,2505.44,2510.48,2503.48,2507.41
2024-08-22 10:00:00,2507.41,2509.67,2504.37,2507.03
2024-08-22 11:00:00,2506.99,2507.43,2502.36,2503.53
2024-08-22 12:00:00,2503.51,2507.96,2501.03,2507.19
2024-08-22 13:00:00,2507.17,2508.98,2505.12,2505.25
2024-08-22 14:00:00,2505.24,2505.91,2497.93,2499.33
2024-08-22 15:00:00,2499.43,2504.08,2495.19,2500.56
2024-08-22 16:00:00,2500.57,2501.43,2482.95,2487.9
2024-08-22 17:00:00,2487.89,2487.89,2470.73,2479.99
2024-08-22 18:00:00,2479.95,2484.13,2474.9,2481.82
2024-08-22 19:00:00,2481.83,2485.9,2481.25,2484.15
2024-08-22 20:00:00,2484.14,2484.31,2479.62,2482.16
2024-08-22 21:00:00,2482.15,2484.7,2480.23,2482.04
2024-08-22 22:00:00,2482.16,2483.41,2478.48,2482.88
2024-08-22 23:00:00,2482.88,2484.75,2482.39,2484.73
2024-08-23 01:00:00,2484.81,2485.56,2484.33,2485.07
2024-08-23 02:00:00,2485.07,2487.5,2484.86,2487.47
2024-08-23 03:00:00,2487.46,2492.15,2486.4,2489.89
2024-08-23 04:00:00,2489.89,2491.33,2487.81,2490.78
2024-08-23 05:00:00,2490.78,2491.48,2486.61,2489.86
2024-08-23 06:00:00,2489.84,2493.59,2489.41,2493.09
2024-08-23 07:00:00,2493.09,2494.4,2492.52,2493.32
2024-08-23 08:00:00,2493.33,2495.62,2491.02,2491.71
2024-08-23 09:00:00,2491.71,2494.46,2490.52,2492.81
2024-08-23 10:00:00,2492.8,2493.98,2491.55,2493.35
2024-08-23 11:00:00,2493.31,2499.84,2492.95,2498.88
2024-08-23 12:00:00,2498.91,2501.75,2496.88,2498.83
2024-08-23 13:00:00,2498.82,2499.14,2495.51,2498.92
2024-08-23 14:00:00,2498.92,2502.35,2497.34,2501.46
2024-08-23 15:00:00,2501.47,2502.19,2498.28,2501.17
2024-08-23 16:00:00,2501.18,2503.76,2494.32,2498.52
2024-08-23 17:00:00,2498.17,2517.8,2498.07,2509.06
2024-08-23 18:00:00,2509.07,2518.23,2507.89,2509.72
2024-08-23 19:00:00,2509.72,2510.34,2501.68,2510.16
2024-08-23 20:00:00,2510.17,2513.11,2509.43,2510.79
2024-08-23 21:00:00,2510.78,2511.76,2509.02,2509.62
2024-08-23 22:00:00,2509.6,2512.64,2507.78,2510.69
2024-08-23 23:00:00,2510.68,2512.23,2509.5,2511.93
2024-08-26 01:00:00,2511.56,2514.52,2510.89,2512.83
2024-08-26 02:00:00,2512.86,2516.54,2512.8,2515.83
2024-08-26 03:00:00,2515.84,2516.82,2512.38,2513.59
2024-08-26 04:00:00,2513.61,2515.3,2510.5,2513.24
2024-08-26 05:00:00,2513.23,2515.23,2511.66,2511.81
2024-08-26 06:00:00,2511.8,2512.86,2509.26,2509.74
2024-08-26 07:00:00,2509.73,2510.75,2508.87,2509.51
2024-08-26 08:00:00,2509.47,2511.2,2508.63,2510.39
2024-08-26 09:00:00,2510.4,2515.2,2509.72,2515.01
2024-08-26 10:00:00,2515.0,2521.67,2514.03,2521.38
2024-08-26 11:00:00,2521.34,2525.65,2520.64,2524.12
2024-08-26 12:00:00,2524.12,2525.49,2523.28,2524.93
2024-08-26 13:00:00,2524.96,2526.54,2522.52,2524.77
2024-08-26 14:00:00,2524.77,2526.7,2520.81,2526.4
2024-08-26 15:00:00,2526.41,2526.67,2522.41,2523.74
2024-08-26 16:00:00,2523.74,2526.34,2515.36,2515.81
2024-08-26 17:00:00,2515.83,2518.85,2510.52,2516.82
2024-08-26 18:00:00,2516.83,2517.34,2511.31,2515.72
2024-08-26 19:00:00,2515.72,2520.36,2513.49,2520.08
2024-08-26 20:00:00,2520.06,2523.24,2516.39,2517.97
2024-08-26 21:00:00,2517.99,2519.4,2515.52,2516.78
2024-08-26 22:00:00,2516.82,2520.82,2516.75,2518.04
2024-08-26 23:00:00,2518.05,2519.06,2517.35,2517.91
2024-08-27 01:00:00,2518.06,2518.23,2516.91,2517.19
2024-08-27 02:00:00,2517.18,2517.6,2515.38,2515.42
2024-08-27 03:00:00,2515.41,2516.66,2512.8,2513.06
2024-08-27 04:00:00,2513.09,2514.0,2508.19,2509.6
2024-08-27 05:00:00,2509.59,2510.29,2505.74,2508.66
2024-08-27 06:00:00,2508.63,2509.09,2505.78,2508.96
2024-08-27 07:00:00,2508.95,2509.43,2506.18,2507.23
2024-08-27 08:00:00,2507.24,2513.68,2506.52,2513.47
2024-08-27 09:00:00,2513.5,2517.35,2512.63,2514.82
2024-08-27 10:00:00,2514.81,2517.43,2504.45,2504.82
2024-08-27 11:00:00,2504.82,2512.38,2503.45,2510.92
2024-08-27 12:00:00,2510.88,2513.68,2508.0,2508.77
2024-08-27 13:00:00,2508.79,2510.28,2506.8,2508.87
2024-08-27 14:00:00,2508.87,2512.38,2508.55,2511.3
2024-08-27 15:00:00,2511.3,2514.24,2507.66,2509.75
2024-08-27 16:00:00,2509.72,2514.97,2503.47,2511.36
2024-08-27 17:00:00,2511.18,2518.0,2507.69,2514.63
2024-08-27 18:00:00,2514.64,2520.17,2511.45,2512.04
2024-08-27 19:00:00,2512.04,2514.35,2509.8,2514.32
2024-08-27 20:00:00,2514.32,2521.61,2513.99,2519.93
2024-08-27 21:00:00,2519.96,2525.84,2519.77,2524.33
2024-08-27 22:00:00,2524.37,2525.71,2522.93,2524.95
2024-08-27 23:00:00,2524.96,2525.79,2523.68,2524.59
2024-08-28 01:00:00,2524.56,2525.96,2524.56,2525.5
2024-08-28 02:00:00,2525.51,2528.9,2524.08,2525.2
2024-08-28 03:00:00,2525.19,2525.77,2523.78,2524.3
2024-08-28 04:00:00,2524.24,2524.24,2516.75,2517.03
2024-08-28 05:00:00,2517.02,2518.42,2513.31,2516.24
2024-08-28 06:00:00,2516.23,2516.99,2513.19,2515.81
2024-08-28 07:00:00,2515.79,2516.08,2510.18,2511.43
2024-08-28 08:00:00,2511.44,2511.6,2505.42,2505.71
2024-08-28 09:00:00,2505.71,2508.86,2503.2,2508.44
2024-08-28 10:00:00,2508.42,2511.24,2507.44,2509.88
2024-08-28 11:00:00,2509.82,2509.82,2505.92,2508.1
2024-08-28 12:00:00,2508.06,2511.26,2507.75,2510.04
2024-08-28 13:00:00,2510.05,2510.39,2502.54,2505.26
2024-08-28 14:00:00,2505.26,2505.36,2500.65,2501.31
2024-08-28 15:00:00,2501.31,2501.47,2493.55,2500.51
2024-08-28 16:00:00,2500.53,2510.47,2499.3,2506.48
2024-08-28 17:00:00,2506.44,2508.97,2503.89,2507.5
2024-08-28 18:00:00,2507.51,2510.13,2504.91,2506.05
2024-08-28 19:00:00,2506.05,2506.34,2496.31,2501.82
2024-08-28 20:00:00,2501.81,2506.17,2500.48,2505.31
2024-08-28 21:00:00,2505.32,2508.1,2503.54,2507.9
2024-08-28 22:00:00,2507.88,2509.5,2506.72,2507.49
2024-08-28 23:00:00,2507.55,2508.44,2502.73,2504.67
2024-08-29 01:00:00,2504.55,2508.63,2504.37,2507.16
2024-08-29 02:00:00,2507.16,2508.08,2506.27,2508.02
2024-08-29 03:00:00,2508.02,2515.29,2507.88,2512.21
2024-08-29 04:00:00,2512.2,2514.62,2511.59,2513.07
2024-08-29 05:00:00,2513.01,2515.09,2511.6,2512.74
2024-08-29 06:00:00,2512.73,2516.76,2512.29,2516.55
2024-08-29 07:00:00,2516.55,2518.09,2515.52,2515.81
2024-08-29 08:00:00,2515.78,2519.82,2513.66,2518.71
2024-08-29 09:00:00,2518.71,2521.13,2516.2,2516.82
2024-08-29 10:00:00,2516.9,2519.06,2515.11,2519.04
2024-08-29 11:00:00,2519.07,2520.03,2515.01,2517.05
2024-08-29 12:00:00,2517.08,2524.17,2515.83,2522.86
2024-08-29 13:00:00,2522.89,2524.29,2520.73,2522.97
2024-08-29 14:00:00,2522.98,2523.25,2518.92,2519.82
2024-08-29 15:00:00,2519.79,2519.79,2503.55,2509.09
2024-08-29 16:00:00,2509.08,2519.11,2508.13,2516.71
2024-08-29 17:00:00,2516.73,2522.21,2514.35,2521.99
2024-08-29 18:00:00,2522.03,2525.46,2518.46,2522.49
2024-08-29 19:00:00,2522.5,2526.58,2517.33,2525.17
2024-08-29 20:00:00,2525.14,2528.6,2523.38,2525.76
2024-08-29 21:00:00,2525.79,2526.23,2520.86,2522.97
2024-08-29 22:00:00,2522.96,2524.73,2520.76,2521.02
2024-08-29 23:00:00,2521.04,2522.11,2520.57,2521.09
2024-08-30 01:00:00,2521.13,2521.58,2520.2,2520.84
2024-08-30 02:00:00,2520.84,2520.84,2518.79,2519.51
2024-08-30 03:00:00,2519.52,2519.58,2516.65,2517.65
2024-08-30 04:00:00,2517.66,2519.95,2514.35,2515.98
2024-08-30 05:00:00,2515.97,2517.76,2514.14,2516.0
2024-08-30 06:00:00,2515.99,2516.93,2512.22,2513.45
2024-08-30 07:00:00,2513.44,2514.48,2512.07,2513.27
2024-08-30 08:00:00,2513.28,2516.18,2512.42,2513.75
2024-08-30 09:00:00,2513.75,2523.88,2513.06,2517.78
2024-08-30 10:00:00,2517.73,2521.28,2517.52,2519.27
2024-08-30 11:00:00,2519.26,2526.63,2518.81,2522.82
2024-08-30 12:00:00,2522.82,2526.75,2522.52,2524.07
2024-08-30 13:00:00,2524.08,2524.68,2515.01,2515.22
2024-08-30 14:00:00,2515.24,2521.56,2514.89,2519.39
2024-08-30 15:00:00,2519.33,2524.72,2516.2,2519.63
2024-08-30 16:00:00,2519.58,2519.76,2512.83,2514.87
2024-08-30 17:00:00,2514.81,2518.27,2506.29,2508.98
2024-08-30 18:00:00,2508.97,2509.42,2500.15,2502.37
2024-08-30 19:00:00,2502.36,2505.94,2496.53,2497.62
2024-08-30 20:00:00,2497.63,2500.35,2494.06,2499.5
2024-08-30 21:00:00,2499.48,2504.64,2499.32,2502.31
2024-08-30 22:00:00,2502.19,2503.87,2498.2,2502.27
2024-08-30 23:00:00,2502.21,2503.52,2501.78,2503.35
2024-09-02 01:00:00,2502.34,2504.58,2501.84,2503.34
2024-09-02 02:00:00,2503.34,2503.55,2501.86,2502.88
2024-09-02 03:00:00,2502.89,2504.88,2501.05,2501.4
2024-09-02 04:00:00,2501.38,2504.6,2496.54,2497.85
2024-09-02 05:00:00,2497.85,2498.19,2489.94,2491.86
2024-09-02 06:00:00,2491.86,2496.32,2491.37,2496.21
2024-09-02 07:00:00,2496.23,2499.34,2496.11,2496.84
2024-09-02 08:00:00,2496.83,2498.39,2495.2,2496.36
2024-09-02 09:00:00,2496.38,2501.31,2495.76,2497.51
2024-09-02 10:00:00,2497.5,2499.44,2496.08,2498.12
2024-09-02 11:00:00,2498.11,2507.18,2497.18,2506.2
2024-09-02 12:00:00,2506.16,2506.51,2498.11,2498.93
2024-09-02 13:00:00,2498.9,2501.97,2498.06,2499.14
2024-09-02 14:00:00,2499.14,2500.1,2496.94,2499.71
2024-09-02 15:00:00,2499.71,2503.1,2498.71,2501.17
2024-09-02 16:00:00,2501.17,2502.2,2498.39,2499.81
2024-09-02 17:00:00,2499.8,2502.35,2497.64,2501.93
2024-09-02 18:00:00,2501.91,2502.34,2499.8,2501.48
2024-09-02 19:00:00,2501.48,2501.79,2498.54,2500.41
2024-09-02 20:00:00,2500.42,2501.18,2498.69,2499.37
2024-09-02 21:00:00,2499.37,2500.01,2498.71,2499.46
2024-09-03 01:00:00,2499.89,2500.56,2497.41,2497.64
2024-09-03 02:00:00,2497.64,2498.39,2496.39,2497.07
2024-09-03 03:00:00,2497.13,2497.58,2494.93,2495.66
2024-09-03 04:00:00,2495.64,2495.78,2489.69,2493.65
2024-09-03 05:00:00,2493.65,2496.31,2492.37,2495.18
2024-09-03 06:00:00,2495.13,2495.76,2492.99,2494.68
2024-09-03 07:00:00,2494.67,2496.84,2493.81,2495.87
2024-09-03 08:00:00,2495.85,2495.85,2492.66,2494.95
2024-09-03 09:00:00,2494.93,2498.76,2492.71,2497.78
2024-09-03 10:00:00,2497.78,2501.92,2496.53,2500.77
2024-09-03 11:00:00,2500.76,2506.18,2500.49,2503.86
2024-09-03 12:00:00,2503.86,2504.89,2500.82,2500.82
2024-09-03 13:00:00,2500.82,2500.95,2492.59,2497.24
2024-09-03 14:00:00,2497.24,2501.47,2484.67,2489.58
2024-09-03 15:00:00,2489.56,2502.02,2487.04,2493.11
2024-09-03 16:00:00,2493.12,2497.54,2475.48,2479.9
2024-09-03 17:00:00,2479.71,2485.6,2473.39,2478.17
2024-09-03 18:00:00,2478.19,2489.37,2477.06,2488.28
2024-09-03 19:00:00,2488.28,2488.83,2483.84,2485.98
2024-09-03 20:00:00,2485.98,2491.91,2485.37,2489.36
2024-09-03 21:00:00,2489.36,2489.91,2486.99,2489.22
2024-09-03 22:00:00,2489.21,2494.24,2488.87,2491.9
2024-09-03 23:00:00,2491.93,2493.16,2491.32,2492.86
2024-09-04 01:00:00,2493.05,2494.33,2492.05,2493.01
2024-09-04 02:00:00,2493.01,2494.61,2492.2,2493.12
2024-09-04 03:00:00,2493.14,2494.88,2492.06,2492.28
2024-09-04 04:00:00,2492.26,2494.44,2491.22,2493.35
2024-09-04 05:00:00,2493.33,2496.75,2492.28,2495.15
2024-09-04 06:00:00,2495.16,2496.39,2493.47,2494.94
2024-09-04 07:00:00,2494.93,2496.69,2494.39,2495.79
2024-09-04 08:00:00,2495.76,2496.49,2492.62,2493.02
2024-09-04 09:00:00,2493.02,2493.3,2483.6,2484.2
2024-09-04 10:00:00,2484.15,2488.13,2481.91,2482.09
2024-09-04 11:00:00,2482.07,2483.22,2472.39,2473.2
2024-09-04 12:00:00,2473.19,2483.18,2471.77,2481.53
2024-09-04 13:00:00,2481.53,2489.9,2481.03,2488.95
2024-09-04 14:00:00,2488.95,2491.14,2486.62,2489.14
2024-09-04 15:00:00,2489.15,2490.99,2485.38,2486.43
2024-09-04 16:00:00,2486.47,2489.95,2481.97,2485.6
2024-09-04 17:00:00,2484.96,2500.15,2484.18,2496.12
2024-09-04 18:00:00,2496.16,2498.24,2492.7,2493.97
2024-09-04 19:00:00,2493.97,2497.85,2493.1,2496.62
2024-09-04 20:00:00,2496.62,2497.22,2493.4,2493.93
2024-09-04 21:00:00,2493.92,2495.44,2492.39,2494.59
2024-09-04 22:00:00,2494.58,2494.7,2491.39,2493.29
2024-09-04 23:00:00,2493.27,2496.93,2492.85,2495.44
2024-09-05 01:00:00,2495.24,2495.68,2494.41,2495.29
2024-09-05 02:00:00,2495.3,2496.8,2495.02,2495.77
2024-09-05 03:00:00,2495.78,2496.49,2494.41,2495.1
2024-09-05 04:00:00,2495.09,2499.21,2494.41,2496.3
2024-09-05 05:00:00,2496.3,2498.9,2496.14,2498.0
2024-09-05 06:00:00,2497.99,2498.5,2494.53,2494.76
2024-09-05 07:00:00,2494.72,2494.97,2493.72,2494.18
2024-09-05 08:00:00,2494.15,2502.21,2493.86,2501.88
2024-09-05 09:00:00,2501.87,2506.84,2500.71,2504.27
2024-09-05 10:00:00,2504.27,2507.41,2502.87,2506.33
2024-09-05 11:00:00,2506.34,2516.56,2505.91,2514.59
2024-09-05 12:00:00,2514.6,2517.16,2514.6,2515.4
2024-09-05 13:00:00,2515.4,2516.87,2513.23,2516.23
2024-09-05 14:00:00,2516.21,2518.24,2513.56,2515.13
2024-09-05 15:00:00,2515.13,2523.31,2513.47,2517.63
2024-09-05 16:00:00,2517.63,2519.27,2512.34,2514.65
2024-09-05 17:00:00,2514.63,2520.46,2507.57,2508.64
2024-09-05 18:00:00,2508.62,2510.84,2503.84,2507.03
2024-09-05 19:00:00,2507.03,2511.42,2505.99,2510.29
2024-09-05 20:00:00,2510.29,2515.31,2509.16,2515.01
2024-09-05 21:00:00,2515.02,2516.76,2514.73,2515.48
2024-09-05 22:00:00,2515.47,2515.97,2513.54,2514.78
2024-09-05 23:00:00,2514.76,2516.73,2514.74,2516.63
2024-09-06 01:00:00,2516.84,2516.95,2515.58,2516.06
2024-09-06 02:00:00,2516.05,2517.93,2516.01,2517.14
2024-09-06 03:00:00,2517.2,2517.56,2515.51,2515.81
2024-09-06 04:00:00,2515.81,2516.58,2513.4,2513.71
2024-09-06 05:00:00,2513.7,2517.92,2512.9,2517.65
2024-09-06 06:00:00,2517.65,2518.28,2516.82,2518.14
2024-09-06 07:00:00,2518.12,2519.44,2517.69,2518.32
2024-09-06 08:00:00,2518.31,2521.7,2518.31,2520.0
2024-09-06 09:00:00,2519.98,2521.31,2516.53,2519.11
2024-09-06 10:00:00,2519.11,2519.84,2516.21,2516.4
2024-09-06 11:00:00,2516.4,2518.14,2515.42,2517.76
2024-09-06 12:00:00,2517.75,2519.82,2516.27,2519.13
2024-09-06 13:00:00,2519.1,2519.75,2517.15,2518.86
2024-09-06 14:00:00,2518.86,2520.2,2514.62,2516.23
2024-09-06 15:00:00,2516.22,2529.08,2507.85,2522.17
2024-09-06 16:00:00,2522.15,2522.93,2502.17,2509.26
2024-09-06 17:00:00,2509.3,2515.51,2500.38,2506.68
2024-09-06 18:00:00,2506.68,2518.33,2503.59,2505.47
2024-09-06 19:00:00,2505.34,2505.67,2485.02,2488.91
2024-09-06 20:00:00,2488.91,2496.91,2485.85,2495.41
2024-09-06 21:00:00,2495.43,2496.84,2491.93,2494.5
2024-09-06 22:00:00,2494.61,2496.76,2490.6,2495.87
2024-09-06 23:00:00,2495.81,2497.72,2494.67,2497.61
2024-09-09 01:00:00,2497.09,2498.09,2496.01,2497.79
2024-09-09 02:00:00,2497.83,2498.2,2495.45,2496.81
2024-09-09 03:00:00,2496.81,2498.13,2495.54,2495.89
2024-09-09 04:00:00,2495.9,2498.58,2494.6,2497.6
2024-09-09 05:00:00,2497.64,2499.06,2496.92,2497.14
2024-09-09 06:00:00,2497.14,2500.31,2496.65,2499.19
2024-09-09 07:00:00,2499.2,2499.34,2497.4,2498.13
2024-09-09 08:00:00,2498.12,2498.21,2487.4,2487.82
2024-09-09 09:00:00,2487.82,2493.49,2485.44,2489.65
2024-09-09 10:00:00,2489.66,2496.6,2488.77,2494.09
2024-09-09 11:00:00,2494.16,2495.55,2489.97,2492.13
2024-09-09 12:00:00,2492.13,2497.52,2491.98,2496.3
2024-09-09 13:00:00,2496.34,2499.03,2493.03,2494.31
2024-09-09 14:00:00,2494.31,2498.75,2493.27,2497.1
2024-09-09 15:00:00,2497.16,2504.02,2496.26,2500.82
2024-09-09 16:00:00,2500.81,2505.14,2499.22,2499.68
2024-09-09 17:00:00,2499.72,2501.08,2493.17,2496.75
2024-09-09 18:00:00,2496.78,2499.45,2493.51,2499.05
2024-09-09 19:00:00,2499.05,2505.13,2499.05,2504.23
2024-09-09 20:00:00,2504.23,2506.42,2499.32,2499.87
2024-09-09 21:00:00,2499.91,2505.2,2499.36,2504.63
2024-09-09 22:00:00,2504.63,2505.98,2502.55,2505.89
2024-09-09 23:00:00,2505.86,2507.04,2505.15,2506.22
2024-09-10 01:00:00,2506.19,2507.12,2505.73,2506.92
2024-09-10 02:00:00,2506.88,2507.56,2505.6,2506.66
2024-09-10 03:00:00,2506.65,2507.38,2504.7,2505.31
2024-09-10 04:00:00,2505.31,2506.75,2502.74,2503.73
2024-09-10 05:00:00,2503.77,2503.9,2501.68,2502.89
2024-09-10 06:00:00,2502.86,2504.26,2501.34,2502.44
2024-09-10 07:00:00,2502.45,2502.75,2500.98,2501.69
2024-09-10 08:00:00,2501.71,2504.87,2500.69,2503.76
2024-09-10 09:00:00,2503.76,2506.43,2503.27,2504.99
2024-09-10 10:00:00,2505.0,2507.61,2501.99,2502.76
2024-09-10 11:00:00,2502.69,2503.08,2500.02,2502.22
2024-09-10 12:00:00,2502.22,2505.93,2500.09,2505.88
2024-09-10 13:00:00,2505.92,2509.56,2505.04,2505.58
2024-09-10 14:00:00,2505.58,2507.05,2504.13,2504.49
2024-09-10 15:00:00,2504.46,2513.94,2504.39,2513.71
2024-09-10 16:00:00,2513.7,2515.23,2506.21,2506.7
2024-09-10 17:00:00,2506.69,2509.18,2500.77,2508.98
2024-09-10 18:00:00,2508.97,2518.32,2508.14,2512.5
2024-09-10 19:00:00,2512.59,2515.41,2510.58,2514.29
2024-09-10 20:00:00,2514.3,2515.57,2512.75,2513.05
2024-09-10 21:00:00,2513.04,2516.51,2511.97,2516.24
2024-09-10 22:00:00,2516.24,2517.33,2514.02,2517.14
2024-09-10 23:00:00,2517.13,2517.34,2515.66,2516.54
2024-09-11 01:00:00,2516.55,2517.09,2516.17,2516.32
2024-09-11 02:00:00,2516.35,2518.72,2516.26,2518.54
2024-09-11 03:00:00,2518.53,2519.03,2516.06,2516.45
2024-09-11 04:00:00,2516.46,2522.45,2514.85,2518.62
2024-09-11 05:00:00,2518.62,2520.23,2517.5,2518.63
2024-09-11 06:00:00,2518.67,2519.85,2516.72,2519.33
2024-09-11 07:00:00,2519.33,2520.04,2518.53,2519.5
2024-09-11 08:00:00,2519.5,2522.36,2519.24,2521.18
2024-09-11 09:00:00,2521.18,2528.93,2520.8,2526.53
2024-09-11 10:00:00,2526.52,2527.61,2520.68,2521.35
2024-09-11 11:00:00,2521.36,2527.11,2520.63,2524.17
2024-09-11 12:00:00,2524.18,2524.61,2521.92,2523.14
2024-09-11 13:00:00,2523.13,2523.22,2519.7,2521.68
2024-09-11 14:00:00,2521.68,2524.11,2520.64,2522.15
2024-09-11 15:00:00,2522.14,2523.53,2502.13,2508.06
2024-09-11 16:00:00,2508.07,2512.79,2503.04,2509.51
2024-09-11 17:00:00,2509.53,2510.31,2500.85,2509.34
2024-09-11 18:00:00,2509.39,2514.82,2508.59,2514.69
2024-09-11 19:00:00,2514.69,2519.93,2513.61,2515.07
2024-09-11 20:00:00,2515.06,2516.79,2512.31,2514.53
2024-09-11 21:00:00,2514.52,2516.24,2511.13,2511.4
2024-09-11 22:00:00,2511.39,2513.15,2509.68,2512.9
2024-09-11 23:00:00,2512.87,2513.77,2511.24,2511.35
2024-09-12 01:00:00,2511.97,2513.86,2511.93,2512.78
2024-09-12 02:00:00,2512.78,2512.98,2511.75,2511.86
2024-09-12 03:00:00,2511.85,2512.34,2511.0,2512.07
2024-09-12 04:00:00,2512.08,2515.1,2511.58,2513.05
2024-09-12 05:00:00,2513.05,2514.02,2510.9,2512.15
2024-09-12 06:00:00,2512.14,2515.98,2512.1,2515.77
2024-09-12 07:00:00,2515.77,2517.65,2515.47,2516.92
2024-09-12 08:00:00,2516.92,2519.59,2516.92,2519.34
2024-09-12 09:00:00,2519.34,2522.15,2516.66,2516.82
2024-09-12 10:00:00,2516.81,2517.64,2514.41,2515.85
2024-09-12 11:00:00,2515.83,2519.24,2515.02,2517.29
2024-09-12 12:00:00,2517.28,2519.1,2516.28,2518.67
2024-09-12 13:00:00,2518.66,2520.92,2513.05,2513.11
2024-09-12 14:00:00,2513.1,2520.25,2512.9,2519.4
2024-09-12 15:00:00,2519.41,2535.14,2518.82,2528.99
2024-09-12 16:00:00,2528.43,2551.56,2522.05,2545.33
2024-09-12 17:00:00,2545.31,2554.65,2541.74,2553.23
2024-09-12 18:00:00,2553.24,2555.06,2548.75,2553.19
2024-09-12 19:00:00,2553.1,2553.54,2544.79,2550.6
2024-09-12 20:00:00,2550.61,2554.67,2550.03,2553.88
2024-09-12 21:00:00,2553.94,2558.68,2551.94,2555.75
2024-09-12 22:00:00,2555.76,2558.97,2554.49,2557.81
2024-09-12 23:00:00,2557.75,2559.98,2556.64,2558.6
2024-09-13 01:00:00,2558.54,2559.34,2557.1,2557.34
2024-09-13 02:00:00,2557.34,2558.47,2556.61,2558.37
2024-09-13 03:00:00,2558.35,2562.67,2556.68,2561.49
2024-09-13 04:00:00,2561.49,2567.91,2559.85,2563.18
2024-09-13 05:00:00,2563.19,2565.51,2561.52,2565.27
2024-09-13 06:00:00,2565.26,2569.94,2564.52,2567.82
2024-09-13 07:00:00,2567.83,2570.02,2566.55,2568.72
2024-09-13 08:00:00,2568.71,2570.18,2565.89,2566.49
2024-09-13 09:00:00,2566.48,2568.73,2563.0,2567.04
2024-09-13 10:00:00,2567.04,2570.95,2563.81,2569.66
2024-09-13 11:00:00,2569.67,2570.91,2565.58,2569.88
2024-09-13 12:00:00,2569.75,2572.82,2566.93,2568.47
2024-09-13 13:00:00,2568.46,2569.23,2565.53,2566.99
2024-09-13 14:00:00,2566.99,2568.19,2563.6,2567.22
2024-09-13 15:00:00,2567.32,2575.77,2565.97,2575.71
2024-09-13 16:00:00,2575.74,2583.3,2573.38,2577.22
2024-09-13 17:00:00,2577.22,2580.11,2573.02,2578.24
2024-09-13 18:00:00,2578.25,2582.36,2573.6,2582.09
2024-09-13 19:00:00,2582.13,2585.03,2580.02,2584.21
2024-09-13 20:00:00,2584.2,2585.92,2581.39,2582.56
2024-09-13 21:00:00,2582.58,2583.87,2580.58,2582.23
2024-09-13 22:00:00,2582.22,2582.84,2578.58,2582.52
2024-09-13 23:00:00,2582.53,2582.77,2577.7,2578.38
2024-09-16 01:00:00,2579.39,2580.73,2577.6,2579.95
2024-09-16 02:00:00,2579.96,2580.31,2578.17,2579.13
2024-09-16 03:00:00,2579.07,2582.27,2578.8,2581.25
2024-09-16 04:00:00,2581.25,2582.76,2579.73,2581.64
2024-09-16 05:00:00,2581.63,2585.83,2581.44,2585.3
2024-09-16 06:00:00,2585.3,2588.88,2583.74,2586.23
2024-09-16 07:00:00,2586.23,2586.65,2584.84,2585.7
2024-09-16 08:00:00,2585.7,2589.39,2585.36,2588.65
2024-09-16 09:00:00,2588.65,2589.56,2585.06,2585.19
2024-09-16 10:00:00,2585.23,2585.53,2579.48,2582.03
2024-09-16 11:00:00,2582.03,2588.42,2581.3,2586.77
2024-09-16 12:00:00,2586.78,2588.18,2584.11,2585.45
2024-09-16 13:00:00,2585.46,2586.29,2575.17,2579.74
2024-09-16 14:00:00,2579.74,2583.12,2578.62,2582.9
2024-09-16 15:00:00,2582.9,2583.45,2578.39,2583.34
2024-09-16 16:00:00,2583.34,2589.22,2581.11,2588.12
2024-09-16 17:00:00,2588.12,2588.38,2576.04,2580.11
2024-09-16 18:00:00,2580.1,2581.82,2577.62,2579.82
2024-09-16 19:00:00,2579.83,2583.95,2579.48,2583.59
2024-09-16 20:00:00,2583.54,2584.01,2579.77,2582.5
2024-09-16 21:00:00,2582.5,2582.73,2580.1,2580.93
2024-09-16 22:00:00,2580.93,2583.16,2579.5,2582.42
2024-09-16 23:00:00,2582.44,2583.36,2581.76,2582.42
2024-09-17 01:00:00,2582.09,2583.5,2582.03,2582.8
2024-09-17 02:00:00,2582.83,2583.81,2582.06,2583.6
2024-09-17 03:00:00,2583.61,2584.31,2580.18,2580.18
2024-09-17 04:00:00,2580.2,2582.65,2578.27,2582.5
2024-09-17 05:00:00,2582.51,2586.22,2580.93,2581.46
2024-09-17 06:00:00,2581.42,2581.42,2576.71,2577.13
2024-09-17 07:00:00,2577.14,2579.07,2574.86,2576.82
2024-09-17 08:00:00,2576.81,2579.47,2574.48,2579.27
2024-09-17 09:00:00,2579.27,2586.82,2579.27,2584.23
2024-09-17 10:00:00,2584.23,2585.55,2582.59,2583.72
2024-09-17 11:00:00,2583.72,2584.07,2577.54,2580.05
2024-09-17 12:00:00,2580.04,2580.04,2571.64,2573.5
2024-09-17 13:00:00,2573.51,2576.02,2569.63,2572.9
2024-09-17 14:00:00,2573.01,2581.58,2572.1,2579.68
2024-09-17 15:00:00,2579.68,2581.51,2568.29,2577.64
2024-09-17 16:00:00,2577.69,2579.44,2572.96,2573.62
2024-09-17 17:00:00,2573.62,2582.11,2571.68,2576.35
2024-09-17 18:00:00,2576.36,2577.02,2561.68,2565.52
2024-09-17 19:00:00,2565.53,2566.55,2561.29,2563.04
2024-09-17 20:00:00,2563.03,2570.39,2560.69,2569.82
2024-09-17 21:00:00,2569.84,2571.56,2568.53,2570.02
2024-09-17 22:00:00,2570.03,2571.06,2566.86,2568.54
2024-09-17 23:00:00,2568.55,2570.13,2568.25,2569.45
2024-09-18 01:00:00,2569.64,2571.34,2569.56,2570.67
2024-09-18 02:00:00,2570.81,2574.37,2570.63,2573.93
2024-09-18 03:00:00,2573.93,2574.68,2571.36,2572.91
2024-09-18 04:00:00,2572.91,2576.33,2571.58,2572.16
2024-09-18 05:00:00,2572.15,2574.06,2569.94,2573.66
2024-09-18 06:00:00,2573.65,2576.34,2572.66,2575.81
2024-09-18 07:00:00,2575.81,2576.36,2567.88,2568.58
2024-09-18 08:00:00,2568.55,2569.13,2565.64,2567.64
2024-09-18 09:00:00,2567.62,2569.93,2566.56,2569.04
2024-09-18 10:00:00,2569.05,2571.82,2568.49,2571.42
2024-09-18 11:00:00,2571.42,2571.84,2568.15,2569.69
2024-09-18 12:00:00,2569.69,2571.85,2567.9,2571.84
2024-09-18 13:00:00,2571.84,2578.01,2570.95,2576.04
2024-09-18 14:00:00,2576.04,2580.62,2574.94,2577.36
2024-09-18 15:00:00,2577.36,2578.77,2573.44,2576.14
2024-09-18 16:00:00,2576.15,2578.45,2568.52,2571.69
2024-09-18 17:00:00,2571.66,2574.73,2567.94,2571.58
2024-09-18 18:00:00,2571.59,2574.38,2568.02,2569.63
2024-09-18 19:00:00,2569.63,2575.11,2568.79,2574.79
2024-09-18 20:00:00,2574.77,2574.79,2566.3,2566.84
2024-09-18 21:00:00,2566.3,2600.04,2566.3,2575.67
2024-09-18 22:00:00,2575.56,2576.14,2546.71,2548.92
2024-09-18 23:00:00,2548.94,2560.8,2548.28,2559.27
2024-09-19 01:00:00,2558.73,2561.52,2555.62,2559.21
2024-09-19 02:00:00,2559.21,2559.6,2556.18,2559.19
2024-09-19 03:00:00,2559.19,2559.43,2556.86,2558.66
2024-09-19 04:00:00,2558.68,2558.68,2550.94,2555.18
2024-09-19 05:00:00,2555.17,2566.59,2555.17,2564.07
2024-09-19 06:00:00,2564.03,2565.21,2561.21,2563.93
2024-09-19 07:00:00,2563.96,2564.07,2559.47,2563.96
2024-09-19 08:00:00,2563.95,2574.45,2563.86,2574.45
2024-09-19 09:00:00,2574.45,2578.66,2573.8,2575.73
2024-09-19 10:00:00,2575.73,2584.54,2574.95,2584.29
2024-09-19 11:00:00,2584.23,2586.52,2581.3,2584.86
2024-09-19 12:00:00,2584.85,2594.76,2583.96,2591.73
2024-09-19 13:00:00,2591.72,2591.76,2585.82,2588.55
2024-09-19 14:00:00,2588.55,2589.67,2584.25,2589.32
2024-09-19 15:00:00,2589.3,2591.15,2573.08,2576.71
2024-09-19 16:00:00,2576.65,2582.42,2569.65,2575.14
2024-09-19 17:00:00,2575.19,2584.52,2571.64,2581.14
2024-09-19 18:00:00,2581.14,2589.31,2580.33,2588.97
2024-09-19 19:00:00,2588.97,2592.48,2587.66,2591.64
2024-09-19 20:00:00,2591.65,2592.57,2587.85,2590.47
2024-09-19 21:00:00,2590.49,2590.69,2586.52,2588.1
2024-09-19 22:00:00,2588.1,2588.78,2585.84,2588.25
2024-09-19 23:00:00,2588.23,2589.64,2585.84,2586.61
2024-09-20 01:00:00,2586.85,2587.8,2586.18,2587.62
2024-09-20 02:00:00,2587.62,2587.66,2586.27,2587.12
2024-09-20 03:00:00,2587.12,2588.4,2586.05,2587.96
2024-09-20 04:00:00,2588.04,2589.35,2584.71,2588.17
2024-09-20 05:00:00,2588.1,2592.4,2587.29,2591.48
2024-09-20 06:00:00,2591.45,2593.51,2590.87,2591.34
2024-09-20 07:00:00,2591.35,2594.25,2591.27,2593.61
2024-09-20 08:00:00,2593.66,2595.09,2592.32,2594.45
2024-09-20 09:00:00,2594.38,2606.86,2594.21,2605.35
2024-09-20 10:00:00,2605.35,2609.64,2604.63,2607.05
2024-09-20 11:00:00,2607.04,2612.65,2605.34,2609.69
2024-09-20 12:00:00,2609.69,2610.46,2602.38,2606.22
2024-09-20 13:00:00,2606.24,2614.1,2606.1,2613.08
2024-09-20 14:00:00,2613.1,2615.35,2610.17,2613.58
2024-09-20 15:00:00,2613.57,2619.23,2613.33,2615.49
2024-09-20 16:00:00,2615.49,2616.45,2602.54,2606.54
2024-09-20 17:00:00,2606.54,2617.03,2604.66,2613.97
2024-09-20 18:00:00,2613.97,2622.98,2611.08,2622.7
2024-09-20 19:00:00,2622.7,2625.65,2619.61,2624.78
2024-09-20 20:00:00,2624.78,2625.27,2619.13,2619.45
2024-09-20 21:00:00,2619.46,2622.08,2617.74,2621.58
2024-09-20 22:00:00,2621.6,2623.29,2620.55,2621.03
2024-09-20 23:00:00,2621.0,2622.47,2618.92,2622.26
2024-09-23 01:00:00,2619.54,2622.04,2618.26,2620.33
2024-09-23 02:00:00,2620.33,2621.38,2619.53,2620.14
2024-09-23 03:00:00,2620.13,2620.3,2618.09,2618.18
2024-09-23 04:00:00,2618.21,2621.38,2615.97,2620.0
2024-09-23 05:00:00,2620.02,2626.11,2618.73,2625.29
2024-09-23 06:00:00,2625.28,2631.02,2624.76,2628.43
2024-09-23 07:00:00,2628.44,2630.92,2627.92,2629.32
2024-09-23 08:00:00,2629.3,2631.22,2626.71,2629.93
2024-09-23 09:00:00,2629.93,2630.04,2624.36,2624.36
2024-09-23 10:00:00,2624.35,2624.91,2613.78,2615.06
2024-09-23 11:00:00,2615.05,2619.57,2614.59,2616.74
2024-09-23 12:00:00,2616.74,2621.94,2615.31,2621.5
2024-09-23 13:00:00,2621.5,2623.52,2620.61,2621.42
2024-09-23 14:00:00,2621.42,2625.65,2620.83,2623.98
2024-09-23 15:00:00,2623.98,2627.97,2619.95,2626.94
2024-09-23 16:00:00,2626.95,2634.14,2625.49,2631.81
2024-09-23 17:00:00,2631.83,2634.74,2627.97,2630.29
2024-09-23 18:00:00,2630.3,2631.84,2625.63,2629.18
2024-09-23 19:00:00,2629.19,2630.75,2626.44,2628.12
2024-09-23 20:00:00,2628.09,2629.0,2626.38,2627.87
2024-09-23 21:00:00,2627.89,2628.67,2625.91,2627.25
2024-09-23 22:00:00,2627.27,2627.82,2625.6,2626.18
2024-09-23 23:00:00,2626.16,2628.52,2626.09,2628.39
2024-09-24 01:00:00,2628.64,2628.64,2626.64,2627.37
2024-09-24 02:00:00,2627.37,2627.41,2625.75,2626.23
2024-09-24 03:00:00,2626.22,2626.55,2623.74,2625.09
2024-09-24 04:00:00,2625.09,2630.1,2624.84,2629.03
2024-09-24 05:00:00,2629.01,2629.19,2626.66,2628.82
2024-09-24 06:00:00,2628.81,2635.99,2628.69,2633.91
2024-09-24 07:00:00,2633.9,2638.15,2631.88,2638.0
2024-09-24 08:00:00,2638.01,2639.96,2625.08,2625.28
2024-09-24 09:00:00,2625.33,2629.8,2624.43,2628.62
2024-09-24 10:00:00,2628.7,2630.18,2622.56,2628.85
2024-09-24 11:00:00,2628.84,2629.44,2625.83,2628.97
2024-09-24 12:00:00,2628.96,2630.78,2627.01,2630.68
2024-09-24 13:00:00,2630.68,2636.09,2630.52,2633.28
2024-09-24 14:00:00,2633.22,2633.28,2623.28,2626.23
2024-09-24 15:00:00,2626.25,2633.19,2623.42,2633.0
2024-09-24 16:00:00,2633.06,2637.21,2630.83,2635.35
2024-09-24 17:00:00,2635.34,2647.04,2634.44,2643.44
2024-09-24 18:00:00,2643.43,2648.31,2639.67,2642.41
2024-09-24 19:00:00,2642.41,2655.06,2642.38,2653.41
2024-09-24 20:00:00,2653.42,2654.43,2649.7,2653.98
2024-09-24 21:00:00,2653.98,2657.59,2653.28,2657.19
2024-09-24 22:00:00,2657.19,2664.24,2656.33,2662.59
2024-09-24 23:00:00,2662.59,2663.58,2656.45,2656.99
2024-09-25 01:00:00,2657.43,2659.74,2657.38,2659.08
2024-09-25 02:00:00,2659.08,2659.14,2656.61,2658.08
2024-09-25 03:00:00,2658.08,2660.84,2656.53,2660.73
2024-09-25 04:00:00,2660.73,2662.75,2655.41,2659.97
2024-09-25 05:00:00,2659.97,2670.39,2659.59,2670.02
2024-09-25 06:00:00,2670.0,2670.1,2659.79,2661.39
2024-09-25 07:00:00,2661.4,2661.57,2657.57,2658.83
2024-09-25 08:00:00,2658.84,2659.72,2654.35,2657.12
2024-09-25 09:00:00,2657.14,2659.71,2653.42,2654.63
2024-09-25 10:00:00,2654.63,2657.53,2651.47,2656.84
2024-09-25 11:00:00,2656.84,2658.5,2654.52,2655.8
2024-09-25 12:00:00,2655.8,2657.59,2652.65,2656.85
2024-09-25 13:00:00,2656.86,2658.08,2654.29,2655.5
2024-09-25 14:00:00,2655.5,2657.97,2653.83,2657.29
2024-09-25 15:00:00,2657.28,2660.72,2656.84,2659.4
2024-09-25 16:00:00,2659.39,2666.05,2658.26,2664.42
2024-09-25 17:00:00,2664.4,2667.38,2654.2,2658.89
2024-09-25 18:00:00,2658.94,2660.69,2655.22,2657.73
2024-09-25 19:00:00,2657.62,2658.75,2649.61,2653.63
2024-09-25 20:00:00,2653.62,2662.86,2653.05,2660.51
2024-09-25 21:00:00,2660.49,2661.62,2659.01,2660.31
2024-09-25 22:00:00,2660.31,2661.49,2659.38,2659.61
2024-09-25 23:00:00,2659.6,2660.15,2656.17,2657.02
2024-09-26 01:00:00,2656.47,2659.67,2656.47,2658.2
2024-09-26 02:00:00,2658.2,2659.37,2656.14,2656.24
2024-09-26 03:00:00,2656.24,2660.23,2655.31,2659.0
2024-09-26 04:00:00,2659.01,2661.31,2657.6,2660.7
2024-09-26 05:00:00,2660.72,2661.55,2656.97,2658.08
2024-09-26 06:00:00,2658.04,2662.44,2657.68,2662.43
2024-09-26 07:00:00,2662.48,2662.81,2660.08,2660.59
2024-09-26 08:00:00,2660.59,2663.33,2659.67,2661.37
2024-09-26 09:00:00,2661.36,2662.52,2657.9,2661.6
2024-09-26 10:00:00,2661.6,2666.77,2659.4,2664.61
2024-09-26 11:00:00,2664.54,2670.42,2664.53,2668.94
2024-09-26 12:00:00,2668.93,2669.71,2666.84,2668.79
2024-09-26 13:00:00,2668.79,2675.54,2667.39,2672.59
2024-09-26 14:00:00,2672.58,2685.44,2672.16,2682.67
2024-09-26 15:00:00,2682.68,2684.11,2668.4,2677.16
2024-09-26 16:00:00,2677.13,2679.6,2654.7,2660.75
2024-09-26 17:00:00,2660.76,2669.45,2659.66,2665.72
2024-09-26 18:00:00,2665.74,2673.06,2662.32,2671.31
2024-09-26 19:00:00,2671.31,2672.31,2662.87,2668.07
2024-09-26 20:00:00,2668.07,2672.1,2667.5,2670.86
2024-09-26 21:00:00,2670.9,2677.02,2670.03,2675.8
2024-09-26 22:00:00,2675.8,2677.79,2672.14,2673.53
2024-09-26 23:00:00,2673.57,2673.9,2670.74,2672.23
2024-09-27 01:00:00,2672.24,2673.16,2671.64,2672.25
2024-09-27 02:00:00,2672.28,2673.22,2671.86,2672.59
2024-09-27 03:00:00,2672.59,2672.61,2669.29,2669.7
2024-09-27 04:00:00,2669.7,2672.71,2666.12,2669.43
2024-09-27 05:00:00,2669.45,2670.95,2667.2,2668.91
2024-09-27 06:00:00,2668.89,2673.87,2668.52,2673.55
2024-09-27 07:00:00,2673.56,2673.83,2669.21,2670.37
2024-09-27 08:00:00,2670.38,2671.23,2662.26,2664.79
2024-09-27 09:00:00,2664.79,2669.45,2663.96,2665.76
2024-09-27 10:00:00,2665.74,2668.18,2660.81,2664.64
2024-09-27 11:00:00,2664.58,2665.34,2661.71,2662.46
2024-09-27 12:00:00,2662.5,2664.89,2658.23,2663.64
2024-09-27 13:00:00,2663.59,2665.48,2661.92,2664.23
2024-09-27 14:00:00,2664.23,2669.06,2664.18,2666.02
2024-09-27 15:00:00,2666.03,2674.2,2662.23,2670.01
2024-09-27 16:00:00,2669.98,2670.93,2663.94,2665.62
2024-09-27 17:00:00,2665.78,2666.81,2649.32,2649.39
2024-09-27 18:00:00,2649.41,2654.53,2644.68,2649.74
2024-09-27 19:00:00,2649.65,2656.18,2645.85,2651.66
2024-09-27 20:00:00,2651.7,2652.29,2643.04,2645.04
2024-09-27 21:00:00,2645.13,2648.81,2643.38,2647.88
2024-09-27 22:00:00,2647.88,2652.72,2645.47,2652.01
2024-09-27 23:00:00,2652.02,2660.03,2651.08,2659.81
2024-09-30 01:00:00,2658.25,2663.46,2657.84,2662.61
2024-09-30 02:00:00,2662.61,2664.95,2661.6,2663.5
2024-09-30 03:00:00,2663.52,2665.9,2661.17,2661.56
2024-09-30 04:00:00,2661.55,2664.28,2647.17,2652.61
2024-09-30 05:00:00,2652.61,2656.3,2650.18,2652.53
2024-09-30 06:00:00,2652.52,2655.48,2652.14,2653.48
2024-09-30 07:00:00,2653.49,2655.77,2652.03,2655.75
2024-09-30 08:00:00,2655.77,2659.23,2654.28,2657.73
2024-09-30 09:00:00,2657.72,2660.02,2655.61,2657.72
2024-09-30 10:00:00,2657.8,2660.51,2650.62,2650.86
2024-09-30 11:00:00,2650.55,2656.52,2650.55,2653.4
2024-09-30 12:00:00,2653.45,2653.55,2648.29,2649.62
2024-09-30 13:00:00,2649.62,2649.95,2635.69,2636.83
2024-09-30 14:00:00,2636.84,2642.75,2634.36,2641.52
2024-09-30 15:00:00,2641.5,2644.17,2634.81,2638.87
2024-09-30 16:00:00,2638.85,2642.02,2630.43,2635.62
2024-09-30 17:00:00,2635.61,2636.07,2628.7,2633.13
2024-09-30 18:00:00,2633.14,2636.33,2630.18,2633.79
2024-09-30 19:00:00,2633.79,2639.33,2633.29,2639.0
2024-09-30 20:00:00,2639.01,2641.71,2636.29,2637.69
2024-09-30 21:00:00,2637.71,2638.23,2624.59,2631.43
2024-09-30 22:00:00,2631.42,2631.67,2626.42,2630.96
2024-09-30 23:00:00,2630.93,2635.09,2630.69,2634.53
2024-10-01 01:00:00,2634.35,2634.94,2632.13,2634.94
2024-10-01 02:00:00,2634.99,2636.14,2634.44,2635.62
2024-10-01 03:00:00,2635.61,2637.09,2633.77,2636.41
2024-10-01 04:00:00,2636.38,2639.68,2635.4,2639.62
2024-10-01 05:00:00,2639.65,2639.8,2634.9,2636.31
2024-10-01 06:00:00,2636.29,2638.5,2634.42,2637.87
2024-10-01 07:00:00,2637.87,2640.31,2637.29,2639.53
2024-10-01 08:00:00,2639.53,2644.24,2639.45,2642.97
2024-10-01 09:00:00,2642.97,2645.46,2642.53,2645.16
2024-10-01 10:00:00,2645.23,2647.25,2641.6,2645.52
2024-10-01 11:00:00,2645.52,2646.74,2642.29,2646.43
2024-10-01 12:00:00,2646.46,2649.16,2645.3,2648.57
2024-10-01 13:00:00,2648.58,2650.42,2648.11,2650.26
2024-10-01 14:00:00,2650.26,2651.99,2646.8,2650.11
2024-10-01 15:00:00,2650.13,2656.57,2650.08,2651.41
2024-10-01 16:00:00,2651.42,2671.67,2647.9,2667.41
2024-10-01 17:00:00,2667.27,2669.71,2657.3,2659.12
2024-10-01 18:00:00,2659.01,2665.32,2653.75,2663.36
2024-10-01 19:00:00,2663.36,2673.04,2661.11,2666.37
2024-10-01 20:00:00,2666.38,2671.71,2661.12,2662.4
2024-10-01 21:00:00,2662.42,2664.81,2657.49,2661.02
2024-10-01 22:00:00,2661.0,2664.22,2658.08,2658.57
2024-10-01 23:00:00,2658.57,2664.0,2657.8,2663.37
2024-10-02 01:00:00,2663.25,2663.25,2661.29,2662.0
2024-10-02 02:00:00,2662.05,2662.18,2660.07,2660.28
2024-10-02 03:00:00,2660.28,2660.56,2656.84,2657.31
2024-10-02 04:00:00,2657.34,2661.89,2656.2,2660.5
2024-10-02 05:00:00,2660.49,2661.03,2658.72,2660.04
2024-10-02 06:00:00,2660.01,2661.44,2655.04,2655.26
2024-10-02 07:00:00,2655.29,2656.38,2652.52,2654.07
2024-10-02 08:00:00,2654.06,2656.08,2644.44,2647.93
2024-10-02 09:00:00,2647.92,2650.63,2647.1,2649.56
2024-10-02 10:00:00,2649.63,2655.41,2649.39,2655.33
2024-10-02 11:00:00,2655.33,2655.73,2648.57,2652.34
2024-10-02 12:00:00,2652.33,2655.42,2651.51,2652.8
2024-10-02 13:00:00,2652.82,2654.28,2648.72,2649.07
2024-10-02 14:00:00,2649.07,2652.48,2647.91,2649.44
2024-10-02 15:00:00,2649.57,2652.88,2643.68,2649.5
2024-10-02 16:00:00,2649.5,2660.76,2649.13,2659.44
2024-10-02 17:00:00,2659.46,2663.26,2647.33,2647.99
2024-10-02 18:00:00,2647.98,2650.6,2641.02,2649.82
2024-10-02 19:00:00,2649.83,2652.21,2648.02,2649.63
2024-10-02 20:00:00,2649.6,2652.69,2647.07,2652.07
2024-10-02 21:00:00,2652.08,2655.81,2651.04,2653.95
2024-10-02 22:00:00,2653.98,2658.82,2653.57,2658.47
2024-10-02 23:00:00,2658.47,2659.77,2658.21,2658.67
2024-10-03 01:00:00,2658.51,2660.24,2657.91,2659.41
2024-10-03 02:00:00,2659.41,2661.13,2659.33,2660.19
2024-10-03 03:00:00,2660.19,2662.79,2657.35,2657.7
2024-10-03 04:00:00,2657.71,2658.82,2654.89,2658.11
2024-10-03 05:00:00,2658.11,2658.54,2655.28,2655.68
2024-10-03 06:00:00,2655.67,2657.85,2653.23,2655.97
2024-10-03 07:00:00,2655.94,2656.44,2654.55,2654.91
2024-10-03 08:00:00,2654.9,2656.54,2651.76,2653.17
2024-10-03 09:00:00,2653.17,2657.4,2651.24,2655.79
2024-10-03 10:00:00,2655.79,2656.13,2643.43,2645.16
2024-10-03 11:00:00,2645.17,2647.34,2641.74,2645.06
2024-10-03 12:00:00,2645.02,2647.46,2640.89,2644.76
2024-10-03 13:00:00,2644.76,2647.99,2643.94,2646.66
2024-10-03 14:00:00,2646.66,2648.89,2643.58,2647.87
2024-10-03 15:00:00,2647.87,2653.93,2641.98,2642.33
2024-10-03 16:00:00,2642.31,2651.24,2641.52,2646.67
2024-10-03 17:00:00,2646.64,2654.2,2636.9,2650.07
2024-10-03 18:00:00,2650.07,2654.47,2647.85,2648.72
2024-10-03 19:00:00,2648.72,2661.17,2648.44,2659.92
2024-10-03 20:00:00,2659.96,2662.02,2655.05,2656.62
2024-10-03 21:00:00,2656.64,2659.56,2655.32,2657.4
2024-10-03 22:00:00,2657.39,2659.29,2656.87,2657.85
2024-10-03 23:00:00,2657.82,2657.83,2655.76,2656.01
2024-10-04 01:00:00,2656.25,2657.09,2654.3,2655.93
2024-10-04 02:00:00,2655.93,2656.51,2654.23,2655.7
2024-10-04 03:00:00,2655.71,2657.43,2655.35,2657.16
2024-10-04 04:00:00,2657.15,2659.08,2656.68,2658.17
2024-10-04 05:00:00,2658.19,2663.39,2657.81,2661.96
2024-10-04 06:00:00,2661.97,2663.48,2660.71,2660.99
2024-10-04 07:00:00,2660.96,2665.91,2660.57,2664.0
2024-10-04 08:00:00,2663.99,2667.77,2663.99,2667.33
2024-10-04 09:00:00,2667.33,2667.46,2659.6,2660.14
2024-10-04 10:00:00,2660.15,2663.03,2658.63,2660.93
2024-10-04 11:00:00,2660.94,2661.45,2658.76,2658.93
2024-10-04 12:00:00,2658.94,2660.08,2656.77,2657.37
2024-10-04 13:00:00,2657.37,2660.62,2657.08,2658.19
2024-10-04 14:00:00,2658.19,2662.42,2657.35,2661.21
2024-10-04 15:00:00,2661.22,2661.37,2631.91,2638.72
2024-10-04 16:00:00,2638.7,2655.13,2637.5,2651.83
2024-10-04 17:00:00,2651.9,2660.96,2646.45,2658.4
2024-10-04 18:00:00,2658.43,2670.15,2647.86,2653.21
2024-10-04 19:00:00,2653.41,2653.8,2641.87,2645.34
2024-10-04 20:00:00,2645.29,2650.47,2644.0,2650.1
2024-10-04 21:00:00,2650.13,2650.78,2644.37,2645.62
2024-10-04 22:00:00,2645.68,2652.09,2642.79,2651.6
2024-10-04 23:00:00,2651.57,2653.96,2649.77,2653.57
2024-10-07 01:00:00,2649.56,2652.85,2649.56,2650.77
2024-10-07 02:00:00,2650.73,2652.39,2649.74,2650.19
2024-10-07 03:00:00,2650.2,2651.14,2647.78,2649.31
2024-10-07 04:00:00,2649.43,2652.01,2643.83,2646.14
2024-10-07 05:00:00,2646.21,2648.64,2645.28,2645.31
2024-10-07 06:00:00,2645.25,2647.49,2643.89,2647.46
2024-10-07 07:00:00,2647.47,2648.66,2646.37,2646.82
2024-10-07 08:00:00,2646.66,2646.79,2640.01,2640.65
2024-10-07 09:00:00,2640.8,2643.91,2639.73,2643.11
2024-10-07 10:00:00,2643.17,2652.84,2642.03,2652.06
2024-10-07 11:00:00,2652.13,2656.39,2651.12,2652.27
2024-10-07 12:00:00,2652.27,2657.3,2650.68,2656.61
2024-10-07 13:00:00,2656.52,2658.47,2655.2,2655.39
2024-10-07 14:00:00,2655.33,2659.61,2655.1,2656.79
2024-10-07 15:00:00,2656.97,2659.16,2637.74,2640.09
2024-10-07 16:00:00,2639.86,2653.71,2639.7,2642.7
2024-10-07 17:00:00,2642.76,2647.84,2640.45,2640.82
2024-10-07 18:00:00,2640.69,2650.11,2639.2,2645.7
2024-10-07 19:00:00,2645.66,2646.91,2642.69,2646.87
2024-10-07 20:00:00,2646.68,2648.73,2644.14,2647.87
2024-10-07 21:00:00,2647.88,2648.06,2639.75,2640.91
2024-10-07 22:00:00,2640.93,2644.66,2640.46,2643.16
2024-10-07 23:00:00,2643.18,2643.65,2641.68,2642.51
2024-10-08 01:00:00,2644.69,2649.06,2641.58,2644.16
2024-10-08 02:00:00,2644.13,2644.81,2642.44,2642.98
2024-10-08 03:00:00,2643.0,2645.12,2642.35,2643.53
2024-10-08 04:00:00,2643.36,2647.85,2637.92,2647.29
2024-10-08 05:00:00,2647.27,2648.31,2633.78,2635.74
2024-10-08 06:00:00,2635.59,2645.73,2635.22,2642.97
2024-10-08 07:00:00,2642.95,2643.81,2641.36,2643.09
2024-10-08 08:00:00,2643.05,2646.33,2641.54,2645.05
2024-10-08 09:00:00,2644.93,2646.42,2635.66,2636.4
2024-10-08 10:00:00,2636.41,2638.5,2631.19,2634.01
2024-10-08 11:00:00,2634.0,2640.31,2628.63,2637.94
2024-10-08 12:00:00,2637.96,2641.97,2635.73,2641.42
2024-10-08 13:00:00,2641.39,2647.39,2639.81,2646.21
2024-10-08 14:00:00,2646.24,2651.88,2646.2,2650.74
2024-10-08 15:00:00,2650.76,2652.96,2639.79,2645.92
2024-10-08 16:00:00,2645.99,2647.52,2636.61,2639.6
2024-10-08 17:00:00,2639.63,2640.37,2619.09,2620.84
2024-10-08 18:00:00,2621.03,2621.03,2604.77,2612.98
2024-10-08 19:00:00,2612.96,2616.21,2606.72,2609.06
2024-10-08 20:00:00,2609.05,2618.12,2605.51,2614.52
2024-10-08 21:00:00,2614.68,2616.93,2613.71,2615.68
2024-10-08 22:00:00,2615.61,2623.6,2614.94,2622.81
2024-10-08 23:00:00,2622.9,2623.04,2618.83,2621.85
2024-10-09 01:00:00,2621.6,2622.41,2620.61,2621.98
2024-10-09 02:00:00,2622.08,2623.8,2621.13,2621.93
2024-10-09 03:00:00,2621.96,2623.25,2620.96,2621.16
2024-10-09 04:00:00,2621.13,2624.29,2618.27,2619.95
2024-10-09 05:00:00,2619.95,2620.44,2616.83,2618.44
2024-10-09 06:00:00,2618.42,2618.83,2614.93,2617.12
2024-10-09 07:00:00,2617.11,2618.55,2615.47,2615.98
2024-10-09 08:00:00,2615.96,2624.34,2615.8,2619.61
2024-10-09 09:00:00,2619.61,2619.62,2610.67,2612.77
2024-10-09 10:00:00,2612.47,2615.58,2609.18,2611.65
2024-10-09 11:00:00,2611.64,2617.36,2610.46,2616.3
2024-10-09 12:00:00,2616.33,2618.46,2614.6,2618.0
2024-10-09 13:00:00,2618.05,2621.48,2616.08,2621.06
2024-10-09 14:00:00,2621.09,2622.44,2617.01,2619.02
2024-10-09 15:00:00,2619.03,2622.37,2615.51,2618.89
2024-10-09 16:00:00,2618.95,2620.72,2606.73,2609.63
2024-10-09 17:00:00,2609.62,2611.91,2605.23,2609.79
2024-10-09 18:00:00,2609.7,2617.91,2609.38,2614.81
2024-10-09 19:00:00,2614.81,2615.87,2607.81,2608.69
2024-10-09 20:00:00,2608.64,2609.9,2606.57,2609.36
2024-10-09 21:00:00,2609.14,2611.05,2605.21,2606.33
2024-10-09 22:00:00,2606.38,2610.21,2606.24,2609.26
2024-10-09 23:00:00,2609.19,2609.44,2606.79,2607.68
2024-10-10 01:00:00,2607.68,2608.97,2606.45,2608.88
2024-10-10 02:00:00,2608.87,2609.45,2607.9,2608.38
2024-10-10 03:00:00,2608.41,2610.16,2605.89,2609.33
2024-10-10 04:00:00,2609.31,2612.52,2606.82,2609.07
2024-10-10 05:00:00,2609.07,2615.62,2607.96,2615.28
2024-10-10 06:00:00,2615.23,2616.9,2611.39,2611.78
2024-10-10 07:00:00,2611.74,2614.69,2611.46,2613.88
2024-10-10 08:00:00,2613.93,2615.49,2612.51,2613.32
2024-10-10 09:00:00,2613.22,2616.35,2610.59,2612.4
2024-10-10 10:00:00,2612.18,2617.03,2610.24,2616.68
2024-10-10 11:00:00,2616.73,2617.36,2613.57,2615.43
2024-10-10 12:00:00,2615.46,2618.41,2614.3,2617.16
2024-10-10 13:00:00,2617.17,2618.47,2615.58,2618.0
2024-10-10 14:00:00,2617.83,2618.89,2611.34,2612.96
2024-10-10 15:00:00,2613.04,2627.27,2611.74,2625.09
2024-10-10 16:00:00,2625.33,2627.93,2615.91,2626.73
2024-10-10 17:00:00,2627.2,2629.73,2622.62,2625.44
2024-10-10 18:00:00,2625.48,2626.16,2618.78,2623.65
2024-10-10 19:00:00,2623.67,2629.02,2618.69,2619.23
2024-10-10 20:00:00,2619.19,2626.33,2616.5,2623.81
2024-10-10 21:00:00,2623.83,2629.09,2623.32,2626.47
2024-10-10 22:00:00,2626.42,2631.39,2625.99,2629.21
2024-10-10 23:00:00,2629.37,2631.52,2628.76,2630.05
2024-10-11 01:00:00,2629.75,2629.9,2628.02,2628.24
2024-10-11 02:00:00,2628.27,2635.96,2628.27,2633.17
2024-10-11 03:00:00,2633.18,2634.46,2631.88,2633.84
2024-10-11 04:00:00,2633.87,2637.89,2632.95,2637.76
2024-10-11 05:00:00,2637.7,2644.13,2635.27,2642.32
2024-10-11 06:00:00,2642.3,2646.02,2640.77,2645.47
2024-10-11 07:00:00,2645.44,2646.07,2643.94,2645.66
2024-10-11 08:00:00,2645.52,2646.01,2643.15,2644.73
2024-10-11 09:00:00,2644.75,2647.12,2637.99,2639.51
2024-10-11 10:00:00,2639.52,2645.59,2638.33,2645.43
2024-10-11 11:00:00,2645.41,2646.19,2639.13,2639.2
2024-10-11 12:00:00,2639.19,2641.68,2636.17,2637.9
2024-10-11 13:00:00,2637.9,2642.26,2637.04,2641.64
2024-10-11 14:00:00,2641.68,2644.73,2638.73,2644.64
2024-10-11 15:00:00,2644.76,2650.07,2639.91,2643.0
2024-10-11 16:00:00,2643.0,2653.4,2642.63,2649.05
2024-10-11 17:00:00,2649.22,2655.34,2646.44,2653.05
2024-10-11 18:00:00,2653.06,2659.3,2653.06,2658.81
2024-10-11 19:00:00,2658.83,2661.4,2657.86,2660.52
2024-10-11 20:00:00,2660.5,2661.24,2656.3,2659.46
2024-10-11 21:00:00,2659.53,2659.53,2656.16,2658.67
2024-10-11 22:00:00,2658.64,2658.84,2655.27,2656.12
2024-10-11 23:00:00,2656.06,2657.17,2654.79,2656.38
2024-10-14 01:00:00,2655.69,2655.84,2645.34,2650.29
2024-10-14 02:00:00,2650.29,2650.65,2647.65,2648.09
2024-10-14 03:00:00,2648.09,2648.35,2645.09,2646.66
2024-10-14 04:00:00,2646.62,2648.46,2643.61,2646.15
2024-10-14 05:00:00,2646.14,2655.52,2643.17,2655.19
2024-10-14 06:00:00,2655.17,2657.36,2653.78,2655.58
2024-10-14 07:00:00,2655.63,2660.38,2655.3,2659.23
2024-10-14 08:00:00,2659.23,2660.75,2657.12,2659.01
2024-10-14 09:00:00,2658.99,2666.77,2657.51,2664.11
2024-10-14 10:00:00,2664.21,2665.2,2659.11,2660.37
2024-10-14 11:00:00,2660.44,2661.87,2658.37,2659.41
2024-10-14 12:00:00,2659.45,2663.01,2656.87,2658.49
2024-10-14 13:00:00,2658.48,2660.86,2655.81,2655.83
2024-10-14 14:00:00,2655.83,2656.83,2651.06,2652.2
2024-10-14 15:00:00,2651.95,2654.55,2649.19,2651.33
2024-10-14 16:00:00,2651.32,2661.18,2647.69,2655.56
2024-10-14 17:00:00,2655.29,2657.0,2644.75,2645.66
2024-10-14 18:00:00,2645.7,2649.05,2643.93,2646.72
2024-10-14 19:00:00,2646.76,2649.73,2645.77,2648.49
2024-10-14 20:00:00,2648.47,2649.92,2647.26,2648.66
2024-10-14 21:00:00,2648.63,2650.94,2648.47,2649.22
2024-10-14 22:00:00,2649.2,2652.6,2647.03,2652.47
2024-10-14 23:00:00,2652.47,2653.32,2646.17,2648.52
2024-10-15 01:00:00,2648.48,2650.37,2647.26,2650.01
2024-10-15 02:00:00,2650.1,2650.98,2648.99,2649.43
2024-10-15 03:00:00,2649.43,2650.27,2647.89,2648.24
2024-10-15 04:00:00,2648.19,2651.3,2647.22,2648.47
2024-10-15 05:00:00,2648.45,2652.84,2648.1,2651.63
2024-10-15 06:00:00,2651.66,2651.68,2644.5,2645.72
2024-10-15 07:00:00,2645.76,2645.76,2642.97,2644.29
2024-10-15 08:00:00,2644.35,2644.35,2638.33,2641.86
2024-10-15 09:00:00,2641.8,2649.21,2641.51,2648.59
2024-10-15 10:00:00,2648.87,2653.92,2647.94,2650.72
2024-10-15 11:00:00,2650.68,2655.56,2649.75,2653.81
2024-10-15 12:00:00,2653.81,2655.5,2651.05,2653.58
2024-10-15 13:00:00,2653.84,2656.75,2652.7,2652.98
2024-10-15 14:00:00,2652.98,2654.54,2645.84,2647.76
2024-10-15 15:00:00,2647.77,2657.34,2647.2,2648.2
2024-10-15 16:00:00,2648.12,2653.25,2646.09,2648.61
2024-10-15 17:00:00,2648.61,2664.16,2647.79,2659.69
2024-10-15 18:00:00,2659.78,2665.12,2657.32,2664.69
2024-10-15 19:00:00,2664.69,2668.96,2661.12,2661.82
2024-10-15 20:00:00,2661.8,2664.21,2659.01,2663.69
2024-10-15 21:00:00,2663.71,2665.79,2663.45,2665.12
2024-10-15 22:00:00,2665.08,2666.44,2659.41,2661.68
2024-10-15 23:00:00,2661.65,2663.15,2660.27,2662.64
2024-10-16 01:00:00,2662.43,2662.83,2661.49,2662.19
2024-10-16 02:00:00,2662.19,2662.57,2660.42,2660.48
2024-10-16 03:00:00,2660.49,2660.5,2658.73,2660.22
2024-10-16 04:00:00,2660.24,2668.04,2660.14,2668.04
2024-10-16 05:00:00,2668.02,2670.06,2665.53,2668.03
2024-10-16 06:00:00,2668.05,2669.2,2665.3,2667.21
2024-10-16 07:00:00,2667.16,2668.2,2665.6,2666.75
2024-10-16 08:00:00,2666.77,2670.57,2666.13,2669.41
2024-10-16 09:00:00,2669.49,2677.67,2666.71,2677.22
2024-10-16 10:00:00,2677.17,2677.45,2673.23,2676.15
2024-10-16 11:00:00,2676.05,2680.07,2674.58,2679.43
2024-10-16 12:00:00,2679.83,2682.73,2678.06,2680.16
2024-10-16 13:00:00,2680.24,2680.91,2673.24,2674.33
2024-10-16 14:00:00,2674.37,2680.63,2672.95,2678.34
2024-10-16 15:00:00,2678.33,2681.93,2676.54,2681.74
2024-10-16 16:00:00,2681.69,2685.24,2672.45,2675.08
2024-10-16 17:00:00,2675.05,2681.38,2670.06,2672.16
2024-10-16 18:00:00,2672.18,2675.68,2667.57,2669.98
2024-10-16 19:00:00,2669.94,2674.27,2666.13,2674.18
2024-10-16 20:00:00,2674.29,2676.31,2673.15,2675.27
2024-10-16 21:00:00,2675.27,2676.71,2674.59,2674.97
2024-10-16 22:00:00,2674.95,2675.06,2672.8,2674.84
2024-10-16 23:00:00,2675.01,2675.01,2673.15,2673.64
2024-10-17 01:00:00,2673.91,2674.65,2673.24,2673.81
2024-10-17 02:00:00,2673.81,2674.72,2673.51,2674.11
2024-10-17 03:00:00,2674.18,2677.98,2674.11,2677.9
2024-10-17 04:00:00,2677.9,2683.06,2676.51,2683.0
2024-10-17 05:00:00,2683.09,2684.93,2678.89,2681.96
2024-10-17 06:00:00,2681.95,2682.26,2674.5,2676.55
2024-10-17 07:00:00,2676.61,2679.62,2676.41,2679.05
2024-10-17 08:00:00,2679.08,2684.32,2678.05,2683.53
2024-10-17 09:00:00,2683.56,2685.72,2680.1,2681.18
2024-10-17 10:00:00,2681.2,2683.77,2678.99,2681.94
2024-10-17 11:00:00,2681.96,2683.92,2680.03,2681.86
2024-10-17 12:00:00,2681.85,2682.06,2676.93,2679.45
2024-10-17 13:00:00,2679.38,2688.8,2679.01,2687.48
2024-10-17 14:00:00,2687.46,2688.44,2680.73,2681.22
2024-10-17 15:00:00,2681.15,2682.22,2673.15,2680.68
2024-10-17 16:00:00,2680.69,2689.96,2678.01,2688.78
2024-10-17 17:00:00,2688.97,2696.43,2684.71,2695.68
2024-10-17 18:00:00,2695.69,2696.74,2687.5,2693.37
2024-10-17 19:00:00,2693.42,2693.42,2683.97,2692.28
2024-10-17 20:00:00,2692.37,2694.19,2690.51,2691.95
2024-10-17 21:00:00,2691.95,2692.2,2689.19,2689.52
2024-10-17 22:00:00,2689.55,2692.61,2688.91,2692.12
2024-10-17 23:00:00,2692.02,2692.96,2691.01,2692.83
2024-10-18 01:00:00,2692.69,2693.3,2691.82,2692.68
2024-10-18 02:00:00,2692.69,2694.3,2692.28,2693.7
2024-10-18 03:00:00,2693.71,2695.87,2692.76,2692.95
2024-10-18 04:00:00,2693.04,2706.74,2692.81,2704.65
2024-10-18 05:00:00,2704.53,2711.95,2704.02,2708.18
2024-10-18 06:00:00,2708.12,2710.84,2706.89,2709.98
2024-10-18 07:00:00,2709.98,2711.42,2708.8,2710.19
2024-10-18 08:00:00,2710.18,2714.07,2710.09,2711.4
2024-10-18 09:00:00,2711.3,2711.6,2702.65,2707.45
2024-10-18 10:00:00,2707.37,2709.11,2702.25,2702.25
2024-10-18 11:00:00,2702.25,2706.31,2701.78,2706.31
2024-10-18 12:00:00,2706.36,2713.21,2706.23,2711.43
2024-10-18 13:00:00,2711.44,2713.2,2707.93,2712.55
2024-10-18 14:00:00,2712.63,2713.14,2707.97,2709.76
2024-10-18 15:00:00,2709.8,2716.97,2709.17,2709.5
2024-10-18 16:00:00,2709.24,2715.73,2704.99,2713.62
2024-10-18 17:00:00,2713.53,2720.11,2712.15,2717.41
2024-10-18 18:00:00,2717.41,2719.17,2713.62,2714.83
2024-10-18 19:00:00,2714.83,2718.92,2714.74,2717.6
2024-10-18 20:00:00,2717.61,2720.03,2713.63,2715.91
2024-10-18 21:00:00,2716.0,2721.31,2715.6,2720.25
2024-10-18 22:00:00,2720.25,2720.48,2718.07,2719.7
2024-10-18 23:00:00,2719.72,2722.6,2719.16,2721.91
2024-10-21 01:00:00,2720.16,2723.81,2719.29,2723.58
2024-10-21 02:00:00,2723.54,2725.02,2722.43,2723.49
2024-10-21 03:00:00,2723.8,2725.84,2721.42,2721.61
2024-10-21 04:00:00,2721.62,2729.24,2721.05,2726.43
2024-10-21 05:00:00,2726.44,2731.42,2724.71,2730.77
2024-10-21 06:00:00,2730.71,2732.82,2729.4,2731.52
2024-10-21 07:00:00,2731.53,2731.98,2729.58,2730.35
2024-10-21 08:00:00,2730.37,2730.37,2724.41,2724.81
2024-10-21 09:00:00,2724.78,2730.63,2723.53,2730.31
2024-10-21 10:00:00,2730.2,2732.5,2725.32,2730.36
2024-10-21 11:00:00,2730.32,2733.13,2729.42,2731.39
2024-10-21 12:00:00,2731.52,2736.91,2730.94,2734.5
2024-10-21 13:00:00,2734.56,2734.91,2727.75,2733.38
2024-10-21 14:00:00,2733.47,2738.1,2733.07,2734.39
2024-10-21 15:00:00,2734.41,2739.82,2732.74,2738.53
2024-10-21 16:00:00,2738.7,2740.56,2733.74,2739.08
2024-10-21 17:00:00,2739.16,2739.45,2722.28,2725.17
2024-10-21 18:00:00,2725.28,2727.12,2716.9,2720.3
2024-10-21 19:00:00,2719.98,2724.04,2718.11,2723.45
2024-10-21 20:00:00,2723.51,2725.62,2721.66,2722.86
2024-10-21 21:00:00,2722.9,2723.26,2715.31,2716.32
2024-10-21 22:00:00,2716.3,2720.94,2714.27,2719.92
2024-10-21 23:00:00,2719.92,2720.95,2718.75,2719.5
2024-10-22 01:00:00,2719.49,2721.64,2718.93,2720.71
2024-10-22 02:00:00,2720.67,2722.61,2720.38,2721.41
2024-10-22 03:00:00,2721.45,2725.21,2720.64,2724.82
2024-10-22 04:00:00,2724.82,2730.3,2723.87,2728.11
2024-10-22 05:00:00,2728.0,2730.63,2727.76,2728.83
2024-10-22 06:00:00,2728.75,2733.11,2728.63,2731.03
2024-10-22 07:00:00,2730.94,2736.02,2730.94,2734.73
2024-10-22 08:00:00,2734.7,2735.13,2729.02,2730.37
2024-10-22 09:00:00,2730.5,2737.14,2729.53,2735.06
2024-10-22 10:00:00,2734.83,2736.24,2732.52,2733.62
2024-10-22 11:00:00,2733.47,2738.36,2731.51,2734.9
2024-10-22 12:00:00,2734.92,2736.08,2729.8,2731.46
2024-10-22 13:00:00,2731.48,2739.38,2730.45,2738.97
2024-10-22 14:00:00,2738.91,2739.26,2729.49,2731.85
2024-10-22 15:00:00,2731.88,2738.08,2731.55,2736.23
2024-10-22 16:00:00,2736.22,2742.02,2735.47,2735.84
2024-10-22 17:00:00,2735.32,2743.2,2733.81,2741.88
2024-10-22 18:00:00,2741.92,2744.19,2736.75,2737.54
2024-10-22 19:00:00,2737.51,2745.58,2737.18,2745.36
2024-10-22 20:00:00,2745.43,2748.33,2743.61,2746.68
2024-10-22 21:00:00,2746.74,2747.26,2744.12,2744.64
2024-10-22 22:00:00,2744.59,2748.86,2743.85,2748.38
2024-10-22 23:00:00,2748.49,2748.81,2746.74,2748.81
2024-10-23 01:00:00,2748.27,2748.27,2746.16,2747.25
2024-10-23 02:00:00,2747.26,2748.1,2745.88,2746.59
2024-10-23 03:00:00,2746.64,2747.04,2744.8,2745.26
2024-10-23 04:00:00,2745.15,2747.23,2737.89,2738.55
2024-10-23 05:00:00,2738.48,2741.08,2737.89,2738.89
2024-10-23 06:00:00,2738.79,2747.03,2738.26,2746.11
2024-10-23 07:00:00,2746.19,2750.69,2745.39,2750.0
2024-10-23 08:00:00,2749.99,2753.24,2748.86,2751.46
2024-10-23 09:00:00,2751.43,2753.19,2748.08,2750.42
2024-10-23 10:00:00,2750.44,2755.59,2749.26,2754.92
2024-10-23 11:00:00,2754.92,2758.47,2754.67,2756.89
2024-10-23 12:00:00,2757.02,2757.58,2749.84,2750.61
2024-10-23 13:00:00,2750.57,2752.54,2749.75,2750.75
2024-10-23 14:00:00,2750.73,2752.93,2749.2,2749.97
2024-10-23 15:00:00,2749.96,2750.44,2740.77,2743.32
2024-10-23 16:00:00,2743.37,2744.19,2731.65,2737.29
2024-10-23 17:00:00,2737.35,2738.59,2716.47,2717.74
2024-10-23 18:00:00,2717.83,2722.57,2708.78,2721.83
2024-10-23 19:00:00,2721.77,2723.23,2718.52,2719.35
2024-10-23 20:00:00,2719.34,2720.68,2713.78,2716.7
2024-10-23 21:00:00,2716.59,2716.59,2712.03,2714.07
2024-10-23 22:00:00,2714.08,2718.12,2713.22,2716.07
2024-10-23 23:00:00,2716.38,2716.65,2714.09,2715.57
2024-10-24 01:00:00,2715.39,2718.28,2715.09,2718.05
2024-10-24 02:00:00,2718.12,2721.9,2718.06,2721.33
2024-10-24 03:00:00,2721.27,2721.43,2717.77,2721.29
2024-10-24 04:00:00,2721.22,2726.64,2720.36,2723.76
2024-10-24 05:00:00,2723.73,2724.51,2720.26,2723.37
2024-10-24 06:00:00,2723.37,2724.07,2721.39,2722.9
2024-10-24 07:00:00,2722.91,2727.02,2722.85,2726.54
2024-10-24 08:00:00,2726.49,2729.79,2725.83,2728.98
2024-10-24 09:00:00,2728.95,2736.5,2728.32,2735.22
2024-10-24 10:00:00,2735.25,2737.08,2732.15,2733.55
2024-10-24 11:00:00,2733.6,2737.89,2732.48,2736.87
2024-10-24 12:00:00,2736.81,2739.1,2735.85,2736.51
2024-10-24 13:00:00,2736.5,2739.14,2736.28,2736.87
2024-10-24 14:00:00,2736.75,2739.62,2735.12,2738.56
2024-10-24 15:00:00,2738.58,2741.59,2734.39,2739.08
2024-10-24 16:00:00,2738.91,2743.19,2729.61,2733.54
2024-10-24 17:00:00,2733.47,2736.09,2722.49,2732.41
2024-10-24 18:00:00,2732.56,2734.34,2726.91,2731.09
2024-10-24 19:00:00,2731.13,2735.46,2725.85,2733.52
2024-10-24 20:00:00,2733.52,2737.01,2732.92,2735.33
2024-10-24 21:00:00,2735.35,2737.68,2734.39,2735.58
2024-10-24 22:00:00,2735.48,2736.77,2733.46,2736.77
2024-10-24 23:00:00,2737.09,2737.09,2735.04,2735.84
2024-10-25 01:00:00,2735.83,2736.03,2734.55,2734.63
2024-10-25 02:00:00,2734.64,2735.51,2733.64,2733.84
2024-10-25 03:00:00,2733.89,2734.9,2731.3,2732.39
2024-10-25 04:00:00,2732.46,2735.15,2729.84,2729.99
2024-10-25 05:00:00,2730.02,2730.16,2726.2,2728.35
2024-10-25 06:00:00,2728.34,2728.41,2724.42,2726.01
2024-10-25 07:00:00,2726.05,2727.76,2723.87,2726.01
2024-10-25 08:00:00,2726.06,2729.76,2726.03,2728.46
2024-10-25 09:00:00,2728.52,2732.6,2724.95,2732.32
2024-10-25 10:00:00,2732.2,2732.2,2725.83,2726.39
2024-10-25 11:00:00,2726.33,2727.01,2718.85,2719.4
2024-10-25 12:00:00,2719.4,2721.41,2717.02,2721.23
2024-10-25 13:00:00,2721.29,2722.67,2717.25,2722.28
2024-10-25 14:00:00,2722.25,2729.36,2721.24,2724.2
2024-10-25 15:00:00,2724.21,2732.52,2723.28,2731.49
2024-10-25 16:00:00,2731.58,2732.1,2725.22,2727.6
2024-10-25 17:00:00,2726.91,2740.58,2726.59,2738.5
2024-10-25 18:00:00,2738.5,2742.01,2736.46,2737.11
2024-10-25 19:00:00,2737.05,2739.34,2733.99,2739.19
2024-10-25 20:00:00,2739.18,2745.05,2738.72,2744.29
2024-10-25 21:00:00,2744.28,2744.72,2741.27,2742.08
2024-10-25 22:00:00,2742.06,2744.44,2740.38,2742.55
2024-10-25 23:00:00,2742.63,2747.55,2742.45,2747.39
2024-10-28 00:00:00,2732.7,2736.15,2730.19,2734.49
2024-10-28 01:00:00,2734.47,2740.17,2734.47,2735.78
2024-10-28 02:00:00,2735.76,2736.3,2732.24,2732.45
2024-10-28 03:00:00,2732.33,2732.95,2724.72,2732.26
2024-10-28 04:00:00,2732.34,2735.59,2730.72,2734.11
2024-10-28 05:00:00,2734.14,2734.66,2729.67,2729.68
2024-10-28 06:00:00,2729.69,2733.37,2729.08,2733.0
2024-10-28 07:00:00,2733.0,2738.81,2731.15,2738.42
2024-10-28 08:00:00,2738.44,2744.55,2737.52,2740.58
2024-10-28 09:00:00,2740.72,2743.66,2735.77,2738.89
2024-10-28 10:00:00,2739.05,2740.83,2731.25,2731.96
2024-10-28 11:00:00,2731.89,2734.03,2728.5,2729.3
2024-10-28 12:00:00,2729.1,2733.3,2727.89,2732.14
2024-10-28 13:00:00,2732.14,2732.84,2729.73,2732.25
2024-10-28 14:00:00,2732.18,2734.84,2730.19,2734.38
2024-10-28 15:00:00,2734.23,2743.39,2732.83,2740.93
2024-10-28 16:00:00,2740.84,2745.92,2738.95,2744.23
2024-10-28 17:00:00,2744.5,2744.5,2739.69,2740.78
2024-10-28 18:00:00,2740.69,2744.96,2740.03,2742.7
2024-10-28 19:00:00,2742.72,2744.9,2740.32,2743.32
2024-10-28 20:00:00,2743.33,2743.39,2740.15,2741.83
2024-10-28 21:00:00,2741.85,2743.5,2740.29,2742.5
2024-10-28 22:00:00,2742.47,2743.05,2741.32,2742.24
2024-10-29 00:00:00,2741.97,2742.31,2739.8,2742.07
2024-10-29 01:00:00,2742.07,2744.39,2741.19,2744.39
2024-10-29 02:00:00,2744.36,2746.82,2743.22,2745.8
2024-10-29 03:00:00,2745.81,2752.36,2745.63,2752.11
2024-10-29 04:00:00,2752.1,2757.76,2750.47,2753.0
2024-10-29 05:00:00,2753.03,2753.34,2748.61,2751.7
2024-10-29 06:00:00,2751.71,2755.28,2751.37,2754.79
2024-10-29 07:00:00,2754.9,2756.89,2749.74,2749.96
2024-10-29 08:00:00,2749.96,2756.51,2748.95,2755.81
2024-10-29 09:00:00,2755.69,2756.37,2751.94,2752.42
2024-10-29 10:00:00,2752.43,2755.02,2746.37,2754.59
2024-10-29 11:00:00,2754.6,2756.65,2750.12,2752.48
2024-10-29 12:00:00,2752.51,2753.19,2747.41,2749.84
2024-10-29 13:00:00,2749.86,2753.33,2746.33,2751.75
2024-10-29 14:00:00,2751.67,2753.43,2748.95,2749.29
2024-10-29 15:00:00,2749.11,2763.95,2748.23,2759.91
2024-10-29 16:00:00,2759.77,2771.72,2759.77,2769.53
2024-10-29 17:00:00,2769.57,2770.47,2760.81,2764.24
2024-10-29 18:00:00,2764.23,2770.21,2764.14,2769.37
2024-10-29 19:00:00,2769.37,2772.54,2766.27,2769.73
2024-10-29 20:00:00,2769.81,2773.55,2768.19,2772.95
2024-10-29 21:00:00,2773.0,2774.75,2771.03,2772.27
2024-10-29 22:00:00,2772.15,2774.75,2771.81,2774.44
2024-10-30 00:00:00,2774.11,2775.16,2772.85,2774.5
2024-10-30 01:00:00,2774.54,2775.12,2773.39,2774.96
2024-10-30 02:00:00,2774.98,2779.15,2774.82,2778.13
2024-10-30 03:00:00,2778.13,2782.21,2776.96,2781.74
2024-10-30 04:00:00,2781.72,2781.9,2776.07,2780.52
2024-10-30 05:00:00,2780.51,2781.29,2777.29,2778.97
2024-10-30 06:00:00,2778.97,2780.97,2777.43,2780.21
2024-10-30 07:00:00,2780.2,2784.93,2778.07,2783.15
2024-10-30 08:00:00,2783.12,2789.84,2781.3,2787.01
2024-10-30 09:00:00,2787.07,2788.04,2780.56,2782.3
2024-10-30 10:00:00,2782.28,2784.59,2779.54,2781.89
2024-10-30 11:00:00,2781.37,2784.65,2780.17,2784.59
2024-10-30 12:00:00,2784.56,2786.5,2780.19,2780.2
2024-10-30 13:00:00,2780.19,2782.06,2778.39,2778.6
2024-10-30 14:00:00,2778.59,2783.44,2773.36,2782.53
2024-10-30 15:00:00,2782.52,2787.54,2770.87,2777.34
2024-10-30 16:00:00,2777.24,2781.79,2775.16,2780.17
2024-10-30 17:00:00,2780.12,2785.85,2771.97,2784.68
2024-10-30 18:00:00,2784.69,2787.46,2783.03,2785.39
2024-10-30 19:00:00,2785.46,2789.61,2783.98,2788.6
2024-10-30 20:00:00,2788.62,2790.05,2787.35,2787.76
2024-10-30 21:00:00,2787.77,2788.17,2784.49,2787.38
2024-10-30 22:00:00,2787.66,2788.08,2784.75,2787.21
2024-10-31 00:00:00,2787.85,2787.85,2786.08,2787.54
2024-10-31 01:00:00,2787.54,2788.11,2785.25,2785.33
2024-10-31 02:00:00,2785.48,2788.21,2784.71,2787.58
2024-10-31 03:00:00,2787.64,2790.09,2783.54,2784.65
2024-10-31 04:00:00,2784.62,2789.02,2784.39,2787.11
2024-10-31 05:00:00,2786.85,2788.45,2784.33,2784.55
2024-10-31 06:00:00,2784.64,2785.35,2782.05,2784.46
2024-10-31 07:00:00,2784.37,2786.55,2782.63,2785.06
2024-10-31 08:00:00,2785.08,2786.03,2779.65,2779.76
2024-10-31 09:00:00,2779.77,2784.08,2778.11,2782.04
2024-10-31 10:00:00,2782.03,2783.11,2776.92,2779.0
2024-10-31 11:00:00,2778.64,2780.15,2777.0,2778.21
2024-10-31 12:00:00,2778.21,2781.17,2773.34,2780.85
2024-10-31 13:00:00,2780.96,2782.61,2776.73,2779.44
2024-10-31 14:00:00,2779.43,2781.94,2771.99,2773.62
2024-10-31 15:00:00,2773.61,2773.93,2754.71,2755.33
2024-10-31 16:00:00,2755.34,2756.84,2734.68,2734.79
2024-10-31 17:00:00,2734.6,2740.95,2731.64,2740.66
2024-10-31 18:00:00,2740.63,2743.71,2738.03,2740.74
2024-10-31 19:00:00,2740.78,2743.82,2738.31,2739.63
2024-10-31 20:00:00,2739.68,2747.98,2739.62,2746.96
2024-10-31 21:00:00,2747.08,2749.64,2745.76,2746.51
2024-10-31 22:00:00,2746.55,2748.18,2743.27,2743.77
2024-11-01 00:00:00,2743.91,2747.65,2743.57,2746.16
2024-11-01 01:00:00,2746.17,2747.92,2745.5,2746.65
2024-11-01 02:00:00,2746.69,2747.3,2744.86,2745.07
2024-11-01 03:00:00,2745.03,2749.89,2744.86,2749.65
2024-11-01 04:00:00,2749.56,2750.87,2745.81,2748.57
2024-11-01 05:00:00,2748.71,2751.92,2747.45,2751.85
2024-11-01 06:00:00,2751.86,2752.91,2750.7,2752.24
2024-11-01 07:00:00,2752.35,2755.21,2751.69,2754.98
2024-11-01 08:00:00,2755.06,2757.67,2751.28,2752.01
2024-11-01 09:00:00,2752.02,2753.13,2747.08,2749.66
2024-11-01 10:00:00,2749.36,2755.08,2748.55,2753.3
2024-11-01 11:00:00,2753.42,2755.46,2748.12,2751.26
2024-11-01 12:00:00,2751.25,2751.82,2744.84,2749.65
2024-11-01 13:00:00,2749.63,2754.06,2749.61,2752.97
2024-11-01 14:00:00,2753.05,2759.87,2748.88,2753.74
2024-11-01 15:00:00,2753.84,2762.26,2752.19,2755.67
2024-11-01 16:00:00,2757.77,2758.87,2739.74,2747.16
2024-11-01 17:00:00,2747.3,2750.18,2742.57,2744.79
2024-11-01 18:00:00,2744.77,2746.14,2740.47,2743.18
2024-11-01 19:00:00,2743.15,2743.98,2735.09,2736.32
2024-11-01 20:00:00,2736.31,2738.02,2733.53,2736.21
2024-11-01 21:00:00,2736.26,2737.02,2733.17,2733.92
2024-11-01 22:00:00,2734.14,2736.17,2733.26,2735.84
2024-11-04 01:00:00,2738.13,2740.88,2730.55,2738.34
2024-11-04 02:00:00,2738.36,2740.98,2736.99,2740.34
2024-11-04 03:00:00,2740.51,2741.33,2735.35,2739.91
2024-11-04 04:00:00,2739.9,2740.96,2736.98,2739.95
2024-11-04 05:00:00,2739.93,2742.41,2739.34,2740.95
2024-11-04 06:00:00,2740.92,2742.13,2739.74,2740.9
2024-11-04 07:00:00,2740.89,2743.68,2737.69,2741.53
2024-11-04 08:00:00,2741.56,2741.62,2735.73,2741.42
2024-11-04 09:00:00,2741.55,2744.75,2735.1,2735.86
2024-11-04 10:00:00,2735.83,2738.42,2732.04,2733.35
2024-11-04 11:00:00,2733.34,2744.04,2732.56,2743.3
2024-11-04 12:00:00,2743.31,2745.18,2736.47,2738.62
2024-11-04 13:00:00,2738.5,2740.89,2736.1,2740.58
2024-11-04 14:00:00,2740.5,2744.02,2739.5,2743.39
2024-11-04 15:00:00,2743.4,2746.74,2738.77,2746.73
2024-11-04 16:00:00,2746.74,2748.16,2737.87,2743.27
2024-11-04 17:00:00,2743.26,2745.55,2737.71,2738.51
2024-11-04 18:00:00,2738.51,2738.9,2732.37,2734.2
2024-11-04 19:00:00,2734.22,2738.51,2731.74,2738.41
2024-11-04 20:00:00,2738.46,2739.24,2735.67,2738.09
2024-11-04 21:00:00,2738.2,2739.66,2737.2,2738.32
2024-11-04 22:00:00,2738.33,2738.59,2736.31,2737.34
2024-11-04 23:00:00,2737.36,2737.66,2735.94,2736.46
2024-11-05 01:00:00,2736.84,2738.06,2736.03,2736.06
2024-11-05 02:00:00,2736.11,2736.69,2734.03,2735.08
2024-11-05 03:00:00,2735.09,2736.16,2732.94,2734.25
2024-11-05 04:00:00,2734.25,2735.26,2724.71,2728.4
2024-11-05 05:00:00,2728.39,2735.95,2727.71,2735.32
2024-11-05 06:00:00,2735.32,2736.39,2733.13,2734.45
2024-11-05 07:00:00,2734.42,2737.22,2731.97,2732.56
2024-11-05 08:00:00,2732.56,2738.77,2731.7,2737.82
2024-11-05 09:00:00,2737.82,2741.32,2735.12,2736.46
2024-11-05 10:00:00,2736.3,2743.26,2732.09,2742.53
2024-11-05 11:00:00,2742.54,2744.9,2738.83,2739.91
2024-11-05 12:00:00,2739.92,2740.23,2735.6,2737.88
2024-11-05 13:00:00,2737.86,2743.0,2737.86,2741.71
2024-11-05 14:00:00,2741.78,2743.15,2737.61,2737.92
2024-11-05 15:00:00,2738.05,2746.74,2736.34,2744.8
2024-11-05 16:00:00,2744.71,2749.88,2741.54,2746.33
2024-11-05 17:00:00,2742.69,2745.4,2732.99,2742.07
2024-11-05 18:00:00,2742.06,2744.5,2736.39,2738.93
2024-11-05 19:00:00,2739.19,2743.62,2738.24,2741.99
2024-11-05 20:00:00,2741.99,2743.88,2739.34,2741.23
2024-11-05 21:00:00,2741.23,2742.28,2739.53,2740.47
2024-11-05 22:00:00,2740.36,2743.51,2739.65,2743.03
2024-11-05 23:00:00,2743.14,2744.96,2742.57,2743.72
2024-11-06 01:00:00,2743.32,2746.42,2741.99,2745.71
2024-11-06 02:00:00,2745.7,2745.72,2735.34,2737.99
2024-11-06 03:00:00,2738.51,2749.69,2732.64,2747.09
2024-11-06 04:00:00,2746.88,2748.39,2736.71,2737.49
2024-11-06 05:00:00,2737.52,2743.5,2730.69,2734.12
2024-11-06 06:00:00,2734.12,2742.96,2733.39,2741.82
2024-11-06 07:00:00,2741.99,2743.65,2736.4,2739.05
2024-11-06 08:00:00,2738.79,2739.33,2701.5,2706.84
2024-11-06 09:00:00,2707.01,2733.16,2704.19,2725.89
2024-11-06 10:00:00,2725.56,2733.67,2722.82,2724.51
2024-11-06 11:00:00,2724.48,2728.5,2716.45,2724.65
2024-11-06 12:00:00,2724.53,2727.12,2718.7,2720.25
2024-11-06 13:00:00,2720.22,2722.72,2696.27,2699.39
2024-11-06 14:00:00,2698.46,2707.99,2693.44,2695.14
2024-11-06 15:00:00,2694.81,2694.81,2659.14,2664.12
2024-11-06 16:00:00,2663.89,2670.36,2652.44,2659.81
2024-11-06 17:00:00,2659.83,2675.89,2657.47,2675.77
2024-11-06 18:00:00,2675.93,2678.18,2662.95,2666.19
2024-11-06 19:00:00,2666.2,2669.23,2661.54,2663.24
2024-11-06 20:00:00,2663.35,2669.57,2662.83,2665.57
2024-11-06 21:00:00,2665.63,2668.47,2664.96,2667.02
2024-11-06 22:00:00,2667.07,2667.7,2659.35,2660.68
2024-11-06 23:00:00,2660.68,2662.41,2658.89,2658.94
2024-11-07 01:00:00,2659.18,2664.33,2659.08,2664.07
2024-11-07 02:00:00,2664.05,2664.2,2660.95,2661.52
2024-11-07 03:00:00,2661.43,2663.94,2643.33,2649.44
2024-11-07 04:00:00,2649.41,2657.55,2649.41,2657.44
2024-11-07 05:00:00,2657.51,2661.24,2655.69,2659.24
2024-11-07 06:00:00,2659.21,2659.66,2654.14,2654.61
2024-11-07 07:00:00,2654.72,2660.69,2654.72,2659.31
2024-11-07 08:00:00,2659.13,2659.5,2652.82,2657.05
2024-11-07 09:00:00,2657.08,2667.57,2656.15,2663.31
2024-11-07 10:00:00,2663.59,2666.69,2657.47,2657.67
2024-11-07 11:00:00,2657.52,2666.03,2657.52,2661.62
2024-11-07 12:00:00,2661.64,2668.39,2659.85,2666.59
2024-11-07 13:00:00,2666.55,2668.07,2663.83,2666.18
2024-11-07 14:00:00,2666.19,2674.09,2664.23,2673.65
2024-11-07 15:00:00,2673.81,2685.06,2672.38,2684.51
2024-11-07 16:00:00,2684.73,2694.95,2682.38,2691.81
2024-11-07 17:00:00,2691.56,2700.09,2690.13,2698.79
2024-11-07 18:00:00,2698.7,2699.45,2690.68,2695.79
2024-11-07 19:00:00,2695.87,2700.21,2694.3,2699.21
2024-11-07 20:00:00,2699.32,2699.32,2694.01,2695.1
2024-11-07 21:00:00,2695.09,2698.01,2687.56,2694.25
2024-11-07 22:00:00,2694.38,2710.27,2692.83,2704.48
2024-11-07 23:00:00,2704.43,2708.55,2703.69,2706.24
2024-11-08 01:00:00,2705.81,2708.08,2704.14,2706.94
2024-11-08 02:00:00,2706.93,2710.35,2705.58,2706.27
2024-11-08 03:00:00,2706.33,2707.54,2699.19,2699.85
2024-11-08 04:00:00,2699.87,2701.03,2695.13,2697.55
2024-11-08 05:00:00,2697.45,2700.51,2694.1,2695.17
2024-11-08 06:00:00,2695.11,2696.11,2693.28,2693.58
2024-11-08 07:00:00,2693.58,2696.3,2693.58,2695.12
2024-11-08 08:00:00,2695.12,2695.7,2686.03,2686.39
2024-11-08 09:00:00,2686.14,2687.77,2680.35,2687.39
2024-11-08 10:00:00,2687.42,2691.78,2681.94,2688.72
2024-11-08 11:00:00,2688.6,2690.95,2687.15,2689.23
2024-11-08 12:00:00,2689.3,2689.3,2682.02,2688.54
2024-11-08 13:00:00,2688.69,2694.92,2686.78,2691.86
2024-11-08 14:00:00,2691.86,2693.1,2686.25,2691.94
2024-11-08 15:00:00,2691.55,2701.04,2687.92,2697.57
2024-11-08 16:00:00,2697.69,2704.1,2687.85,2691.54
2024-11-08 17:00:00,2690.07,2692.87,2683.46,2687.53
2024-11-08 18:00:00,2687.47,2689.22,2682.98,2683.28
2024-11-08 19:00:00,2683.43,2688.47,2683.43,2687.89
2024-11-08 20:00:00,2687.89,2688.75,2683.83,2684.91
2024-11-08 21:00:00,2685.12,2687.53,2683.26,2687.09
2024-11-08 22:00:00,2686.96,2688.56,2684.91,2685.02
2024-11-08 23:00:00,2685.06,2685.88,2682.74,2684.15
2024-11-11 01:00:00,2682.96,2685.68,2678.87,2685.68
2024-11-11 02:00:00,2685.62,2686.22,2682.56,2683.98
2024-11-11 03:00:00,2683.91,2684.8,2671.89,2672.99
2024-11-11 04:00:00,2673.02,2675.12,2666.43,2671.99
2024-11-11 05:00:00,2671.74,2671.98,2668.03,2670.3
2024-11-11 06:00:00,2670.19,2672.35,2668.86,2672.14
2024-11-11 07:00:00,2672.19,2674.26,2667.04,2669.24
2024-11-11 08:00:00,2669.22,2674.05,2668.48,2673.21
2024-11-11 09:00:00,2673.27,2674.03,2668.83,2669.57
2024-11-11 10:00:00,2669.37,2671.75,2667.6,2669.52
2024-11-11 11:00:00,2669.51,2670.85,2663.85,2666.85
2024-11-11 12:00:00,2666.84,2675.33,2660.95,2661.91
2024-11-11 13:00:00,2661.86,2666.99,2658.97,2662.6
2024-11-11 14:00:00,2662.62,2663.19,2656.68,2657.24
2024-11-11 15:00:00,2657.1,2657.53,2634.33,2635.49
2024-11-11 16:00:00,2635.54,2635.63,2617.71,2622.48
2024-11-11 17:00:00,2623.04,2626.28,2613.45,2614.55
2024-11-11 18:00:00,2614.54,2618.05,2612.55,2614.91
2024-11-11 19:00:00,2615.16,2616.96,2611.52,2612.56
2024-11-11 20:00:00,2612.54,2619.21,2610.59,2618.96
2024-11-11 21:00:00,2618.93,2620.6,2617.82,2619.11
2024-11-11 22:00:00,2619.25,2626.17,2619.25,2621.96
2024-11-11 23:00:00,2621.96,2623.04,2619.17,2619.3
2024-11-12 01:00:00,2619.5,2624.09,2619.29,2624.01
2024-11-12 02:00:00,2624.02,2625.08,2622.25,2624.02
2024-11-12 03:00:00,2623.99,2627.13,2619.2,2624.05
2024-11-12 04:00:00,2623.97,2625.43,2620.47,2622.04
2024-11-12 05:00:00,2622.01,2623.79,2618.75,2618.93
2024-11-12 06:00:00,2618.83,2619.08,2615.57,2617.76
2024-11-12 07:00:00,2617.9,2618.13,2605.4,2606.89
2024-11-12 08:00:00,2606.84,2610.14,2603.47,2607.94
2024-11-12 09:00:00,2607.91,2609.05,2595.14,2598.06
2024-11-12 10:00:00,2598.51,2606.49,2598.01,2600.64
2024-11-12 11:00:00,2600.39,2600.75,2590.87,2593.31
2024-11-12 12:00:00,2593.28,2598.63,2589.81,2596.69
2024-11-12 13:00:00,2596.7,2599.13,2592.44,2597.83
2024-11-12 14:00:00,2597.84,2607.09,2597.84,2605.26
2024-11-12 15:00:00,2605.24,2616.37,2604.47,2611.58
2024-11-12 16:00:00,2611.62,2616.96,2609.02,2610.37
2024-11-12 17:00:00,2610.36,2611.73,2597.41,2598.41
2024-11-12 18:00:00,2598.46,2604.18,2597.77,2600.74
2024-11-12 19:00:00,2600.76,2601.1,2592.46,2597.46
2024-11-12 20:00:00,2597.54,2602.05,2596.4,2599.26
2024-11-12 21:00:00,2599.27,2601.29,2597.9,2598.12
2024-11-12 22:00:00,2598.05,2601.35,2595.09,2599.61
2024-11-12 23:00:00,2599.96,2600.69,2597.2,2597.98
2024-11-13 01:00:00,2598.53,2599.82,2597.57,2598.97
2024-11-13 02:00:00,2598.97,2599.9,2598.04,2599.42
2024-11-13 03:00:00,2599.45,2611.19,2599.45,2607.98
2024-11-13 04:00:00,2608.25,2612.6,2605.17,2612.13
2024-11-13 05:00:00,2612.14,2613.34,2606.36,2611.61
2024-11-13 06:00:00,2611.6,2612.42,2606.11,2606.24
2024-11-13 07:00:00,2606.33,2607.92,2603.6,2605.79
2024-11-13 08:00:00,2605.79,2607.44,2604.22,2605.33
2024-11-13 09:00:00,2605.34,2607.41,2604.3,2606.24
2024-11-13 10:00:00,2605.99,2610.66,2601.06,2607.62
2024-11-13 11:00:00,2607.65,2611.6,2607.39,2608.65
2024-11-13 12:00:00,2608.6,2610.44,2606.93,2609.06
2024-11-13 13:00:00,2609.07,2611.6,2605.85,2610.82
2024-11-13 14:00:00,2610.83,2612.71,2608.93,2609.65
2024-11-13 15:00:00,2609.65,2618.81,2607.13,2612.31
2024-11-13 16:00:00,2612.21,2616.36,2601.2,2602.29
2024-11-13 17:00:00,2602.16,2606.89,2593.63,2605.37
2024-11-13 18:00:00,2605.29,2605.95,2584.74,2585.82
2024-11-13 19:00:00,2585.73,2586.75,2577.56,2583.32
2024-11-13 20:00:00,2583.29,2585.42,2579.56,2582.75
2024-11-13 21:00:00,2582.75,2584.78,2580.59,2580.98
2024-11-13 22:00:00,2580.97,2581.14,2572.97,2573.73
2024-11-13 23:00:00,2573.64,2577.06,2572.65,2572.7
2024-11-14 01:00:00,2574.82,2581.29,2568.87,2570.93
2024-11-14 02:00:00,2570.98,2574.71,2569.6,2572.48
2024-11-14 03:00:00,2572.5,2572.83,2561.55,2562.56
2024-11-14 04:00:00,2562.48,2564.63,2558.95,2560.68
2024-11-14 05:00:00,2560.59,2565.08,2559.98,2560.72
2024-11-14 06:00:00,2560.68,2565.3,2559.27,2565.17
2024-11-14 07:00:00,2565.17,2565.2,2555.33,2558.64
2024-11-14 08:00:00,2558.71,2560.5,2551.94,2555.07
2024-11-14 09:00:00,2555.07,2558.87,2550.15,2556.75
2024-11-14 10:00:00,2556.92,2559.68,2554.48,2556.13
2024-11-14 11:00:00,2556.31,2558.32,2536.77,2543.51
2024-11-14 12:00:00,2543.53,2547.99,2539.02,2546.99
2024-11-14 13:00:00,2547.09,2555.04,2545.15,2553.63
2024-11-14 14:00:00,2553.68,2556.88,2550.08,2552.16
2024-11-14 15:00:00,2552.2,2560.27,2551.27,2557.18
2024-11-14 16:00:00,2557.13,2565.93,2554.34,2559.63
2024-11-14 17:00:00,2559.52,2572.89,2558.65,2570.27
2024-11-14 18:00:00,2570.35,2577.42,2569.21,2573.96
2024-11-14 19:00:00,2574.01,2575.86,2567.54,2572.93
2024-11-14 20:00:00,2573.1,2573.43,2567.16,2569.9
2024-11-14 21:00:00,2569.88,2576.86,2569.85,2575.98
2024-11-14 22:00:00,2575.94,2576.58,2563.9,2567.16
2024-11-14 23:00:00,2567.34,2569.51,2564.1,2564.53
2024-11-15 01:00:00,2565.12,2567.2,2564.78,2566.88
2024-11-15 02:00:00,2566.87,2567.62,2565.91,2566.85
2024-11-15 03:00:00,2566.84,2571.71,2563.1,2564.95
2024-11-15 04:00:00,2565.0,2571.08,2564.87,2570.19
2024-11-15 05:00:00,2570.18,2571.1,2567.62,2567.74
2024-11-15 06:00:00,2567.69,2569.49,2567.04,2567.08
2024-11-15 07:00:00,2567.04,2567.23,2559.78,2559.99
2024-11-15 08:00:00,2559.95,2563.57,2554.58,2561.39
2024-11-15 09:00:00,2561.33,2564.82,2559.33,2563.73
2024-11-15 10:00:00,2563.74,2568.92,2560.92,2566.85
2024-11-15 11:00:00,2566.82,2568.88,2563.91,2564.0
2024-11-15 12:00:00,2564.0,2570.42,2563.04,2567.93
2024-11-15 13:00:00,2567.72,2573.34,2566.62,2570.78
2024-11-15 14:00:00,2570.7,2571.05,2565.49,2569.21
2024-11-15 15:00:00,2569.37,2575.67,2561.31,2565.32
2024-11-15 16:00:00,2565.21,2575.56,2564.32,2572.93
2024-11-15 17:00:00,2572.89,2576.05,2565.11,2570.74
2024-11-15 18:00:00,2570.76,2573.31,2562.05,2562.14
2024-11-15 19:00:00,2562.17,2564.75,2560.15,2562.92
2024-11-15 20:00:00,2562.98,2567.74,2559.45,2567.48
2024-11-15 21:00:00,2567.58,2568.01,2562.76,2563.86
2024-11-15 22:00:00,2563.82,2563.86,2559.78,2562.22
2024-11-15 23:00:00,2562.17,2562.41,2560.94,2561.78
2024-11-18 01:00:00,2564.94,2575.56,2564.79,2571.4
2024-11-18 02:00:00,2571.35,2577.17,2569.87,2576.56
2024-11-18 03:00:00,2576.56,2597.27,2576.56,2587.01
2024-11-18 04:00:00,2586.92,2594.99,2586.81,2591.14
2024-11-18 05:00:00,2591.1,2592.49,2587.78,2589.85
2024-11-18 06:00:00,2589.84,2593.11,2589.25,2592.27
2024-11-18 07:00:00,2592.21,2592.31,2585.08,2585.56
2024-11-18 08:00:00,2585.48,2587.65,2580.41,2585.95
2024-11-18 09:00:00,2586.0,2587.08,2581.71,2582.9
2024-11-18 10:00:00,2582.53,2590.01,2582.08,2585.65
2024-11-18 11:00:00,2585.53,2597.26,2583.79,2595.69
2024-11-18 12:00:00,2595.78,2596.7,2589.55,2594.07
2024-11-18 13:00:00,2594.09,2595.39,2590.56,2594.44
2024-11-18 14:00:00,2594.39,2597.12,2590.38,2595.15
2024-11-18 15:00:00,2595.1,2604.98,2592.95,2603.88
2024-11-18 16:00:00,2603.96,2610.16,2602.77,2608.13
2024-11-18 17:00:00,2608.45,2613.37,2605.9,2612.95
2024-11-18 18:00:00,2613.06,2615.02,2609.41,2611.56
2024-11-18 19:00:00,2611.57,2611.94,2607.37,2610.44
2024-11-18 20:00:00,2610.4,2612.02,2607.67,2611.12
2024-11-18 21:00:00,2611.23,2612.57,2608.37,2609.8
2024-11-18 22:00:00,2609.77,2611.53,2608.28,2610.26
2024-11-18 23:00:00,2610.33,2612.26,2609.87,2611.72
2024-11-19 01:00:00,2611.74,2613.08,2610.23,2612.67
2024-11-19 02:00:00,2612.67,2613.71,2610.95,2613.34
2024-11-19 03:00:00,2613.53,2617.78,2611.53,2615.62
2024-11-19 04:00:00,2615.6,2624.11,2615.6,2622.51
2024-11-19 05:00:00,2622.44,2625.6,2621.25,2624.5
2024-11-19 06:00:00,2624.51,2625.1,2621.49,2622.9
2024-11-19 07:00:00,2622.8,2623.39,2620.85,2622.55
2024-11-19 08:00:00,2622.57,2626.61,2621.37,2625.15
2024-11-19 09:00:00,2625.12,2625.21,2617.73,2619.08
2024-11-19 10:00:00,2619.02,2627.01,2618.7,2626.34
2024-11-19 11:00:00,2626.09,2634.44,2625.29,2630.28
2024-11-19 12:00:00,2629.95,2636.49,2629.92,2635.05
2024-11-19 13:00:00,2635.05,2635.97,2629.06,2629.58
2024-11-19 14:00:00,2629.57,2639.33,2628.8,2639.2
2024-11-19 15:00:00,2639.25,2639.4,2629.27,2635.25
2024-11-19 16:00:00,2635.18,2636.81,2622.89,2623.53
2024-11-19 17:00:00,2623.27,2628.63,2621.0,2624.48
2024-11-19 18:00:00,2624.53,2628.36,2622.41,2626.47
2024-11-19 19:00:00,2626.32,2633.08,2625.66,2628.1
2024-11-19 20:00:00,2628.14,2630.36,2626.32,2630.11
2024-11-19 21:00:00,2630.24,2631.52,2628.84,2630.7
2024-11-19 22:00:00,2630.69,2634.57,2630.41,2633.76
2024-11-19 23:00:00,2633.87,2633.93,2630.61,2632.11
2024-11-20 01:00:00,2632.0,2635.55,2631.79,2635.18
2024-11-20 02:00:00,2635.17,2639.05,2634.78,2637.82
2024-11-20 03:00:00,2637.89,2641.48,2635.78,2639.57
2024-11-20 04:00:00,2639.61,2641.75,2638.36,2640.17
2024-11-20 05:00:00,2640.14,2641.2,2637.64,2637.95
2024-11-20 06:00:00,2637.99,2638.79,2636.16,2636.6
2024-11-20 07:00:00,2636.51,2638.5,2634.93,2636.84
2024-11-20 08:00:00,2636.65,2637.05,2628.65,2629.56
2024-11-20 09:00:00,2629.3,2630.18,2621.3,2621.59
2024-11-20 10:00:00,2621.45,2624.44,2618.91,2624.14
2024-11-20 11:00:00,2624.13,2625.62,2621.03,2621.91
2024-11-20 12:00:00,2621.88,2626.2,2620.94,2625.09
2024-11-20 13:00:00,2625.09,2628.15,2621.5,2628.11
2024-11-20 14:00:00,2628.09,2632.34,2627.07,2631.78
2024-11-20 15:00:00,2631.83,2640.4,2631.23,2636.06
2024-11-20 16:00:00,2636.09,2646.37,2634.18,2643.18
2024-11-20 17:00:00,2643.15,2648.88,2640.85,2648.88
2024-11-20 18:00:00,2648.83,2650.86,2646.14,2650.65
2024-11-20 19:00:00,2650.66,2655.35,2649.27,2651.84
2024-11-20 20:00:00,2651.91,2652.09,2645.4,2648.63
2024-11-20 21:00:00,2648.65,2653.04,2648.6,2650.83
2024-11-20 22:00:00,2650.78,2651.12,2647.3,2648.92
2024-11-20 23:00:00,2648.94,2650.5,2648.04,2650.08
2024-11-21 01:00:00,2649.8,2652.94,2648.63,2652.22
2024-11-21 02:00:00,2652.21,2658.82,2651.82,2658.43
2024-11-21 03:00:00,2658.61,2660.41,2651.81,2653.29
2024-11-21 04:00:00,2653.45,2658.23,2652.52,2653.66
2024-11-21 05:00:00,2653.6,2657.14,2650.38,2656.92
2024-11-21 06:00:00,2656.91,2658.93,2656.86,2656.98
2024-11-21 07:00:00,2657.0,2658.14,2654.63,2656.87
2024-11-21 08:00:00,2656.93,2662.19,2656.59,2661.39
2024-11-21 09:00:00,2661.15,2664.48,2660.07,2663.08
2024-11-21 10:00:00,2662.92,2670.32,2662.03,2668.85
2024-11-21 11:00:00,2668.81,2671.66,2663.53,2668.83
2024-11-21 12:00:00,2668.84,2670.31,2665.09,2669.88
2024-11-21 13:00:00,2669.93,2673.47,2668.31,2671.51
2024-11-21 14:00:00,2671.59,2671.81,2663.05,2663.31
2024-11-21 15:00:00,2663.18,2667.64,2660.46,2665.44
2024-11-21 16:00:00,2665.53,2671.56,2661.49,2664.9
2024-11-21 17:00:00,2664.77,2670.52,2664.42,2667.75
2024-11-21 18:00:00,2667.8,2669.69,2661.32,2664.69
2024-11-21 19:00:00,2664.67,2672.82,2661.78,2671.79
2024-11-21 20:00:00,2671.85,2673.02,2669.03,2672.41
2024-11-21 21:00:00,2672.41,2673.44,2667.86,2669.64
2024-11-21 22:00:00,2669.7,2671.83,2668.59,2671.53
2024-11-21 23:00:00,2671.54,2671.87,2668.02,2669.41
2024-11-22 01:00:00,2669.66,2670.0,2668.21,2669.23
2024-11-22 02:00:00,2669.23,2673.54,2668.94,2673.09
2024-11-22 03:00:00,2673.11,2679.45,2673.11,2677.87
2024-11-22 04:00:00,2677.74,2686.41,2677.3,2686.01
2024-11-22 05:00:00,2686.01,2690.54,2681.47,2686.18
2024-11-22 06:00:00,2686.23,2692.26,2682.94,2688.75
2024-11-22 07:00:00,2688.89,2689.11,2683.14,2686.59
2024-11-22 08:00:00,2686.65,2693.23,2685.9,2692.75
2024-11-22 09:00:00,2692.86,2698.93,2690.49,2696.38
2024-11-22 10:00:00,2696.27,2700.39,2694.78,2697.33
2024-11-22 11:00:00,2697.29,2707.44,2693.58,2703.26
2024-11-22 12:00:00,2703.45,2708.56,2702.66,2707.67
2024-11-22 13:00:00,2707.74,2709.99,2697.07,2698.8
2024-11-22 14:00:00,2698.8,2704.86,2697.11,2702.98
2024-11-22 15:00:00,2702.79,2704.13,2689.4,2692.91
2024-11-22 16:00:00,2693.04,2696.28,2684.6,2694.1
2024-11-22 17:00:00,2694.38,2704.98,2694.38,2703.66
2024-11-22 18:00:00,2703.79,2706.59,2700.84,2705.14
2024-11-22 19:00:00,2705.15,2707.26,2703.58,2706.8
2024-11-22 20:00:00,2706.82,2711.42,2706.71,2710.89
2024-11-22 21:00:00,2711.0,2711.41,2707.02,2708.2
2024-11-22 22:00:00,2708.12,2708.86,2705.12,2705.96
2024-11-22 23:00:00,2705.83,2715.5,2705.83,2715.34
2024-11-25 01:00:00,2692.25,2721.31,2691.7,2719.87
2024-11-25 02:00:00,2719.84,2720.1,2709.86,2710.59
2024-11-25 03:00:00,2710.87,2710.87,2694.9,2701.19
2024-11-25 04:00:00,2701.3,2704.47,2692.38,2695.2
2024-11-25 05:00:00,2695.21,2697.41,2659.03,2672.11
2024-11-25 06:00:00,2672.11,2676.34,2663.91,2672.5
2024-11-25 07:00:00,2672.6,2674.02,2657.72,2664.78
2024-11-25 08:00:00,2664.95,2669.93,2661.74,2666.93
2024-11-25 09:00:00,2666.95,2672.58,2663.86,2667.82
2024-11-25 10:00:00,2667.74,2673.62,2667.21,2672.01
2024-11-25 11:00:00,2672.03,2675.15,2669.84,2673.88
2024-11-25 12:00:00,2673.77,2678.05,2668.86,2677.72
2024-11-25 13:00:00,2677.65,2688.73,2677.65,2686.78
2024-11-25 14:00:00,2686.82,2686.92,2679.97,2680.92
2024-11-25 15:00:00,2680.75,2687.8,2676.72,2678.31
2024-11-25 16:00:00,2678.28,2678.75,2633.67,2641.34
2024-11-25 17:00:00,2641.36,2641.7,2626.32,2628.35
2024-11-25 18:00:00,2628.41,2639.37,2628.41,2632.08
2024-11-25 19:00:00,2631.99,2634.19,2624.62,2627.8
2024-11-25 20:00:00,2627.67,2628.49,2615.6,2618.74
2024-11-25 21:00:00,2618.72,2626.23,2618.26,2625.65
2024-11-25 22:00:00,2625.74,2628.76,2622.69,2626.02
2024-11-25 23:00:00,2625.99,2628.32,2625.0,2625.46
2024-11-26 01:00:00,2625.01,2628.45,2604.86,2610.42
2024-11-26 02:00:00,2610.42,2624.4,2608.41,2619.9
2024-11-26 03:00:00,2619.88,2632.15,2618.13,2628.06
2024-11-26 04:00:00,2628.13,2630.44,2624.97,2625.35
2024-11-26 05:00:00,2625.33,2631.05,2622.96,2630.34
2024-11-26 06:00:00,2630.36,2631.42,2625.05,2626.33
2024-11-26 07:00:00,2626.37,2626.43,2617.83,2624.34
2024-11-26 08:00:00,2624.4,2625.95,2621.1,2622.06
2024-11-26 09:00:00,2621.96,2622.86,2610.89,2614.13
2024-11-26 10:00:00,2614.03,2618.24,2612.51,2613.47
2024-11-26 11:00:00,2613.39,2627.06,2612.88,2625.98
2024-11-26 12:00:00,2626.04,2633.13,2625.1,2631.37
2024-11-26 13:00:00,2631.38,2633.21,2627.66,2633.12
2024-11-26 14:00:00,2633.24,2634.74,2629.29,2630.95
2024-11-26 15:00:00,2630.96,2641.9,2624.03,2629.96
2024-11-26 16:00:00,2629.84,2633.78,2616.84,2622.05
2024-11-26 17:00:00,2622.02,2632.76,2620.25,2629.4
2024-11-26 18:00:00,2629.56,2631.4,2626.4,2628.71
2024-11-26 19:00:00,2628.6,2628.61,2624.97,2625.02
2024-11-26 20:00:00,2624.99,2624.99,2619.56,2622.61
2024-11-26 21:00:00,2623.16,2628.89,2622.41,2628.06
2024-11-26 22:00:00,2628.06,2632.85,2627.49,2631.7
2024-11-26 23:00:00,2631.73,2633.53,2630.73,2633.02
2024-11-27 01:00:00,2630.47,2634.15,2630.16,2632.29
2024-11-27 02:00:00,2632.29,2633.09,2627.26,2627.74
2024-11-27 03:00:00,2627.81,2632.71,2627.0,2631.46
2024-11-27 04:00:00,2631.38,2640.47,2631.16,2637.58
2024-11-27 05:00:00,2637.59,2639.39,2635.89,2637.72
2024-11-27 06:00:00,2637.68,2640.57,2636.59,2638.98
2024-11-27 07:00:00,2638.97,2645.75,2638.15,2642.02
2024-11-27 08:00:00,2642.11,2647.95,2638.97,2647.68
2024-11-27 09:00:00,2647.71,2648.41,2645.9,2646.6
2024-11-27 10:00:00,2646.24,2653.67,2645.22,2653.55
2024-11-27 11:00:00,2653.61,2653.79,2647.82,2648.31
2024-11-27 12:00:00,2648.32,2649.91,2647.73,2648.58
2024-11-27 13:00:00,2648.69,2652.34,2643.46,2651.11
2024-11-27 14:00:00,2651.12,2655.01,2649.54,2651.19
2024-11-27 15:00:00,2651.25,2658.2,2645.81,2656.26
2024-11-27 16:00:00,2656.19,2656.78,2649.12,2651.24
2024-11-27 17:00:00,2651.05,2651.5,2635.52,2642.59
2024-11-27 18:00:00,2642.47,2644.24,2638.15,2638.97
2024-11-27 19:00:00,2639.0,2642.77,2635.37,2637.3
2024-11-27 20:00:00,2637.26,2640.75,2636.56,2638.96
2024-11-27 21:00:00,2638.98,2639.45,2633.89,2634.73
2024-11-27 22:00:00,2634.67,2638.97,2634.25,2636.94
2024-11-27 23:00:00,2636.93,2637.47,2634.76,2635.95
2024-11-28 01:00:00,2637.8,2638.04,2636.27,2637.1
2024-11-28 02:00:00,2637.12,2638.38,2635.09,2635.68
2024-11-28 03:00:00,2635.69,2636.25,2620.92,2628.78
2024-11-28 04:00:00,2628.82,2630.16,2625.59,2628.26
2024-11-28 05:00:00,2628.18,2632.11,2625.71,2630.28
2024-11-28 06:00:00,2630.29,2634.01,2629.34,2631.27
2024-11-28 07:00:00,2631.28,2633.96,2630.13,2633.41
2024-11-28 08:00:00,2633.42,2639.6,2631.86,2636.78
2024-11-28 09:00:00,2636.81,2639.34,2634.57,2637.39
2024-11-28 10:00:00,2637.2,2646.24,2635.69,2644.0
2024-11-28 11:00:00,2644.03,2647.92,2642.74,2646.14
2024-11-28 12:00:00,2646.14,2649.57,2644.84,2647.55
2024-11-28 13:00:00,2647.55,2649.49,2644.92,2646.92
2024-11-28 14:00:00,2646.92,2647.23,2643.91,2646.01
2024-11-28 15:00:00,2645.98,2647.82,2642.74,2647.09
2024-11-28 16:00:00,2647.08,2647.95,2640.83,2641.28
2024-11-28 17:00:00,2641.15,2643.1,2636.24,2638.14
2024-11-28 18:00:00,2638.15,2642.48,2637.5,2642.02
2024-11-28 19:00:00,2642.09,2642.27,2639.59,2640.92
2024-11-28 20:00:00,2640.91,2641.34,2639.46,2639.8
2024-11-28 21:00:00,2639.8,2639.94,2636.96,2637.07
2024-11-29 01:00:00,2637.58,2639.4,2637.24,2638.8
2024-11-29 02:00:00,2638.79,2639.18,2635.68,2636.08
2024-11-29 03:00:00,2636.06,2647.18,2634.03,2644.95
2024-11-29 04:00:00,2644.94,2662.77,2644.82,2657.41
2024-11-29 05:00:00,2657.42,2660.55,2654.8,2660.06
2024-11-29 06:00:00,2660.13,2664.28,2658.36,2659.85
2024-11-29 07:00:00,2659.85,2664.03,2659.38,2662.35
2024-11-29 08:00:00,2662.3,2666.37,2661.72,2665.17
2024-11-29 09:00:00,2665.31,2665.46,2658.98,2660.56
2024-11-29 10:00:00,2660.55,2662.53,2654.56,2657.32
2024-11-29 11:00:00,2657.18,2664.72,2655.95,2664.17
2024-11-29 12:00:00,2664.17,2665.85,2661.31,2662.76
2024-11-29 13:00:00,2662.75,2664.34,2659.45,2659.59
2024-11-29 14:00:00,2659.59,2664.94,2659.02,2660.06
2024-11-29 15:00:00,2660.26,2663.29,2656.22,2657.98
2024-11-29 16:00:00,2658.0,2662.7,2651.86,2653.47
2024-11-29 17:00:00,2653.59,2658.87,2650.68,2658.87
2024-11-29 18:00:00,2658.92,2662.28,2657.92,2662.13
2024-11-29 19:00:00,2662.13,2662.27,2657.49,2660.5
2024-11-29 20:00:00,2660.53,2660.53,2651.64,2652.75
2024-11-29 21:00:00,2652.54,2653.01,2648.54,2650.33
2024-12-02 01:00:00,2652.01,2652.69,2643.01,2645.74
2024-12-02 02:00:00,2645.91,2647.64,2630.18,2637.45
2024-12-02 03:00:00,2637.41,2639.0,2622.92,2635.88
2024-12-02 04:00:00,2635.9,2638.04,2625.75,2626.76
2024-12-02 05:00:00,2626.84,2631.01,2624.07,2629.27
2024-12-02 06:00:00,2629.33,2630.45,2626.17,2628.59
2024-12-02 07:00:00,2628.58,2628.73,2621.92,2623.14
2024-12-02 08:00:00,2623.12,2627.67,2621.86,2625.99
2024-12-02 09:00:00,2625.94,2633.6,2625.27,2629.89
2024-12-02 10:00:00,2629.53,2632.79,2626.6,2629.48
2024-12-02 11:00:00,2629.36,2636.82,2628.59,2633.64
2024-12-02 12:00:00,2633.53,2637.62,2633.33,2635.82
2024-12-02 13:00:00,2635.81,2646.27,2635.69,2641.79
2024-12-02 14:00:00,2641.75,2645.1,2639.12,2640.89
2024-12-02 15:00:00,2640.44,2648.81,2637.03,2646.97
2024-12-02 16:00:00,2646.96,2651.5,2642.52,2645.17
2024-12-02 17:00:00,2644.34,2649.31,2640.27,2642.3
2024-12-02 18:00:00,2642.39,2644.32,2638.59,2641.27
2024-12-02 19:00:00,2641.34,2641.98,2637.32,2638.81
2024-12-02 20:00:00,2638.79,2638.89,2633.59,2637.0
2024-12-02 21:00:00,2636.99,2640.25,2636.6,2637.58
2024-12-02 22:00:00,2637.47,2644.13,2635.32,2637.2
2024-12-02 23:00:00,2637.05,2639.04,2636.46,2638.62
2024-12-03 01:00:00,2639.23,2642.86,2638.61,2642.18
2024-12-03 02:00:00,2642.21,2644.3,2640.58,2641.09
2024-12-03 03:00:00,2641.1,2645.13,2634.11,2636.54
2024-12-03 04:00:00,2636.53,2639.11,2634.52,2637.06
2024-12-03 05:00:00,2637.05,2640.66,2636.3,2640.48
2024-12-03 06:00:00,2640.42,2642.96,2638.44,2639.86
2024-12-03 07:00:00,2639.85,2641.98,2637.15,2641.14
2024-12-03 08:00:00,2641.22,2650.05,2641.22,2646.85
2024-12-03 09:00:00,2646.82,2647.62,2644.42,2644.61
2024-12-03 10:00:00,2644.38,2645.38,2639.27,2645.04
2024-12-03 11:00:00,2645.18,2648.02,2643.95,2643.98
2024-12-03 12:00:00,2644.1,2645.57,2642.52,2642.81
2024-12-03 13:00:00,2642.8,2645.6,2642.68,2643.7
2024-12-03 14:00:00,2643.64,2644.25,2638.22,2639.83
2024-12-03 15:00:00,2639.71,2653.61,2637.78,2652.85
2024-12-03 16:00:00,2652.94,2655.56,2645.72,2645.95
2024-12-03 17:00:00,2645.99,2646.36,2635.22,2640.42
2024-12-03 18:00:00,2640.39,2648.65,2638.93,2648.32
2024-12-03 19:00:00,2648.23,2648.76,2643.37,2647.0
2024-12-03 20:00:00,2647.02,2649.11,2643.15,2645.78
2024-12-03 21:00:00,2645.92,2646.27,2640.26,2640.95
2024-12-03 22:00:00,2640.95,2644.17,2640.68,2642.07
2024-12-03 23:00:00,2642.04,2643.98,2641.95,2643.5
2024-12-04 01:00:00,2643.29,2643.29,2641.14,2642.78
2024-12-04 02:00:00,2642.77,2643.57,2639.54,2640.57
2024-12-04 03:00:00,2640.46,2643.28,2637.76,2642.24
2024-12-04 04:00:00,2642.11,2648.07,2642.0,2645.85
2024-12-04 05:00:00,2645.84,2647.85,2643.17,2644.52
2024-12-04 06:00:00,2644.49,2648.61,2643.75,2648.41
2024-12-04 07:00:00,2648.42,2651.15,2647.55,2649.75
2024-12-04 08:00:00,2649.78,2651.37,2647.42,2649.23
2024-12-04 09:00:00,2649.24,2649.24,2640.34,2641.41
2024-12-04 10:00:00,2641.32,2642.17,2636.66,2641.23
2024-12-04 11:00:00,2641.05,2642.76,2638.63,2640.88
2024-12-04 12:00:00,2640.97,2644.54,2640.27,2644.4
2024-12-04 13:00:00,2644.41,2647.67,2643.41,2646.24
2024-12-04 14:00:00,2646.24,2646.53,2636.28,2637.1
2024-12-04 15:00:00,2636.65,2649.19,2632.31,2648.46
2024-12-04 16:00:00,2648.48,2653.47,2645.02,2648.81
2024-12-04 17:00:00,2651.0,2656.99,2647.99,2655.05
2024-12-04 18:00:00,2655.05,2655.57,2646.98,2649.73
2024-12-04 19:00:00,2649.28,2652.96,2648.36,2651.38
2024-12-04 20:00:00,2651.39,2652.92,2648.82,2649.03
2024-12-04 21:00:00,2648.9,2655.41,2646.84,2651.64
2024-12-04 22:00:00,2651.58,2651.88,2648.06,2650.05
2024-12-04 23:00:00,2650.34,2651.26,2648.97,2649.88
2024-12-05 01:00:00,2649.6,2651.67,2647.74,2650.41
2024-12-05 02:00:00,2650.43,2650.48,2647.78,2648.45
2024-12-05 03:00:00,2648.47,2650.68,2646.24,2647.07
2024-12-05 04:00:00,2647.1,2649.71,2645.28,2646.56
2024-12-05 05:00:00,2646.52,2649.33,2644.69,2648.93
2024-12-05 06:00:00,2648.88,2649.63,2645.8,2646.33
2024-12-05 07:00:00,2646.27,2655.54,2645.59,2653.14
2024-12-05 08:00:00,2653.04,2654.11,2646.63,2646.87
2024-12-05 09:00:00,2646.9,2650.94,2645.44,2648.72
2024-12-05 10:00:00,2648.82,2650.19,2642.02,2643.2
2024-12-05 11:00:00,2643.22,2646.2,2641.87,2644.82
2024-12-05 12:00:00,2644.78,2650.33,2644.71,2648.74
2024-12-05 13:00:00,2648.74,2652.66,2648.19,2651.25
2024-12-05 14:00:00,2651.35,2653.33,2647.52,2653.25
2024-12-05 15:00:00,2653.24,2654.49,2644.34,2648.91
2024-12-05 16:00:00,2648.9,2650.2,2639.63,2640.4
2024-12-05 17:00:00,2640.27,2641.92,2631.84,2640.23
2024-12-05 18:00:00,2640.23,2643.41,2632.85,2635.15
2024-12-05 19:00:00,2635.15,2635.95,2623.7,2628.01
2024-12-05 20:00:00,2627.98,2629.64,2623.52,2629.59
2024-12-05 21:00:00,2629.63,2631.68,2628.62,2629.8
2024-12-05 22:00:00,2629.77,2631.72,2627.97,2631.25
2024-12-05 23:00:00,2631.38,2632.4,2630.89,2631.66
2024-12-06 01:00:00,2631.76,2633.82,2631.42,2633.75
2024-12-06 02:00:00,2633.76,2633.76,2628.16,2628.42
2024-12-06 03:00:00,2628.46,2630.46,2612.32,2617.61
2024-12-06 04:00:00,2617.61,2625.41,2616.94,2625.29
2024-12-06 05:00:00,2625.28,2642.43,2625.05,2640.7
2024-12-06 06:00:00,2640.67,2644.35,2640.02,2642.18
2024-12-06 07:00:00,2642.15,2642.59,2635.25,2638.02
2024-12-06 08:00:00,2637.98,2642.29,2636.28,2639.24
2024-12-06 09:00:00,2639.24,2640.15,2636.04,2639.74
2024-12-06 10:00:00,2639.9,2645.2,2637.74,2644.26
2024-12-06 11:00:00,2644.27,2645.6,2639.82,2640.68
2024-12-06 12:00:00,2640.74,2640.83,2633.55,2634.15
2024-12-06 13:00:00,2634.1,2639.26,2632.46,2638.47
2024-12-06 14:00:00,2638.32,2641.5,2635.73,2638.45
2024-12-06 15:00:00,2638.52,2643.34,2631.01,2635.61
2024-12-06 16:00:00,2635.57,2638.8,2624.03,2635.07
2024-12-06 17:00:00,2635.47,2640.49,2632.5,2637.51
2024-12-06 18:00:00,2637.59,2641.62,2635.4,2640.41
2024-12-06 19:00:00,2640.22,2640.61,2634.17,2635.0
2024-12-06 20:00:00,2634.86,2639.0,2634.09,2637.17
2024-12-06 21:00:00,2637.3,2637.41,2633.01,2634.86
2024-12-06 22:00:00,2634.97,2636.34,2631.49,2631.96
2024-12-06 23:00:00,2631.88,2633.71,2631.07,2632.67
2024-12-09 01:00:00,2643.88,2648.18,2636.17,2640.03
2024-12-09 02:00:00,2640.03,2640.03,2627.57,2631.0
2024-12-09 03:00:00,2631.0,2650.49,2630.93,2646.72
2024-12-09 04:00:00,2646.7,2648.66,2640.94,2646.09
2024-12-09 05:00:00,2646.11,2646.59,2638.32,2638.84
2024-12-09 06:00:00,2638.8,2639.31,2634.59,2635.95
2024-12-09 07:00:00,2635.94,2640.37,2635.89,2638.37
2024-12-09 08:00:00,2638.35,2644.48,2638.23,2643.88
2024-12-09 09:00:00,2643.71,2651.15,2643.06,2650.55
2024-12-09 10:00:00,2650.76,2651.04,2646.1,2649.34
2024-12-09 11:00:00,2649.31,2657.47,2648.78,2655.64
2024-12-09 12:00:00,2655.71,2658.38,2653.52,2657.48
2024-12-09 13:00:00,2657.45,2660.35,2653.38,2656.29
2024-12-09 14:00:00,2656.32,2658.3,2653.42,2656.22
2024-12-09 15:00:00,2656.18,2666.26,2654.7,2665.54
2024-12-09 16:00:00,2665.72,2675.19,2662.68,2673.84
2024-12-09 17:00:00,2674.02,2676.32,2666.68,2668.32
2024-12-09 18:00:00,2668.28,2670.54,2665.57,2667.62
2024-12-09 19:00:00,2667.65,2669.25,2663.59,2664.51
2024-12-09 20:00:00,2664.6,2664.62,2661.66,2663.01
2024-12-09 21:00:00,2662.95,2663.31,2658.87,2660.18
2024-12-09 22:00:00,2660.2,2660.2,2656.68,2657.89
2024-12-09 23:00:00,2657.86,2660.92,2657.82,2660.18
2024-12-10 01:00:00,2660.85,2661.67,2659.55,2660.53
2024-12-10 02:00:00,2660.51,2665.44,2657.93,2664.95
2024-12-10 03:00:00,2665.1,2668.63,2660.58,2667.47
2024-12-10 04:00:00,2667.51,2671.44,2666.16,2669.02
2024-12-10 05:00:00,2669.03,2671.7,2665.44,2669.89
2024-12-10 06:00:00,2669.92,2673.81,2669.63,2670.3
2024-12-10 07:00:00,2670.32,2671.64,2668.28,2668.88
2024-12-10 08:00:00,2668.72,2670.86,2665.71,2670.04
2024-12-10 09:00:00,2670.04,2670.79,2663.69,2664.64
2024-12-10 10:00:00,2664.66,2665.57,2661.28,2663.24
2024-12-10 11:00:00,2663.15,2666.97,2661.64,2664.99
2024-12-10 12:00:00,2665.04,2676.73,2664.44,2675.47
2024-12-10 13:00:00,2675.49,2675.49,2669.77,2674.61
2024-12-10 14:00:00,2674.62,2679.04,2672.87,2677.73
2024-12-10 15:00:00,2677.78,2681.97,2672.31,2680.38
2024-12-10 16:00:00,2680.37,2691.73,2679.45,2688.88
2024-12-10 17:00:00,2689.06,2690.38,2684.3,2687.32
2024-12-10 18:00:00,2687.27,2692.42,2684.62,2692.13
2024-12-10 19:00:00,2692.22,2695.46,2690.17,2694.32
2024-12-10 20:00:00,2694.29,2695.17,2691.87,2692.45
2024-12-10 21:00:00,2692.35,2694.55,2691.11,2692.01
2024-12-10 22:00:00,2691.96,2693.01,2690.91,2691.61
2024-12-10 23:00:00,2691.38,2694.26,2691.27,2693.8
2024-12-11 01:00:00,2693.98,2698.26,2693.58,2695.82
2024-12-11 02:00:00,2695.82,2701.67,2693.34,2701.06
2024-12-11 03:00:00,2701.06,2703.6,2696.49,2699.8
2024-12-11 04:00:00,2700.15,2704.06,2697.29,2698.82
2024-12-11 05:00:00,2698.03,2702.12,2693.26,2695.34
2024-12-11 06:00:00,2695.31,2696.16,2682.3,2684.31
2024-12-11 07:00:00,2684.25,2692.69,2674.85,2687.71
2024-12-11 08:00:00,2686.89,2697.84,2686.78,2695.28
2024-12-11 09:00:00,2694.89,2695.95,2686.98,2689.0
2024-12-11 10:00:00,2689.2,2695.76,2687.64,2690.8
2024-12-11 11:00:00,2690.71,2696.06,2685.94,2695.73
2024-12-11 12:00:00,2695.85,2699.48,2692.11,2694.55
2024-12-11 13:00:00,2694.34,2697.5,2692.71,2696.28
2024-12-11 14:00:00,2696.26,2697.55,2693.58,2695.26
2024-12-11 15:00:00,2695.16,2702.29,2690.5,2701.06
2024-12-11 16:00:00,2701.07,2707.02,2696.48,2706.39
2024-12-11 17:00:00,2706.44,2716.12,2705.43,2712.96
2024-12-11 18:00:00,2713.09,2718.52,2711.16,2715.1
2024-12-11 19:00:00,2715.1,2719.89,2714.27,2717.98
2024-12-11 20:00:00,2717.93,2721.07,2713.77,2713.97
2024-12-11 21:00:00,2713.92,2719.64,2713.09,2717.96
2024-12-11 22:00:00,2718.05,2720.05,2716.26,2717.03
2024-12-11 23:00:00,2716.78,2718.74,2715.63,2717.95
2024-12-12 01:00:00,2717.58,2720.37,2716.16,2719.92
2024-12-12 02:00:00,2719.99,2724.29,2718.76,2724.12
2024-12-12 03:00:00,2724.31,2726.15,2700.32,2710.39
2024-12-12 04:00:00,2710.38,2710.87,2703.54,2705.75
2024-12-12 05:00:00,2705.63,2711.17,2704.93,2710.25
2024-12-12 06:00:00,2710.26,2714.93,2708.99,2712.44
2024-12-12 07:00:00,2712.46,2716.24,2711.45,2713.3
2024-12-12 08:00:00,2713.27,2718.22,2709.83,2718.0
2024-12-12 09:00:00,2718.02,2720.3,2715.23,2715.98
2024-12-12 10:00:00,2716.01,2719.52,2714.89,2718.04
2024-12-12 11:00:00,2718.04,2718.75,2713.81,2715.0
2024-12-12 12:00:00,2714.66,2715.79,2709.31,2711.53
2024-12-12 13:00:00,2711.53,2713.38,2707.07,2710.89
2024-12-12 14:00:00,2710.92,2712.4,2705.82,2706.42
2024-12-12 15:00:00,2706.54,2710.95,2697.18,2697.45
2024-12-12 16:00:00,2697.23,2699.54,2680.81,2686.68
2024-12-12 17:00:00,2686.65,2688.24,2675.03,2679.75
2024-12-12 18:00:00,2678.96,2683.66,2677.01,2683.44
2024-12-12 19:00:00,2683.41,2686.64,2681.36,2686.36
2024-12-12 20:00:00,2686.33,2687.01,2682.79,2684.24
2024-12-12 21:00:00,2684.34,2686.76,2682.7,2683.14
2024-12-12 22:00:00,2683.21,2683.71,2679.59,2679.89
2024-12-12 23:00:00,2679.94,2682.8,2679.46,2680.55
2024-12-13 01:00:00,2681.0,2681.42,2679.3,2680.36
2024-12-13 02:00:00,2680.13,2685.46,2678.42,2685.42
2024-12-13 03:00:00,2685.34,2692.77,2685.19,2689.96
2024-12-13 04:00:00,2689.96,2691.24,2684.37,2686.59
2024-12-13 05:00:00,2686.56,2691.26,2685.99,2687.94
2024-12-13 06:00:00,2687.97,2688.75,2685.17,2687.32
2024-12-13 07:00:00,2687.47,2689.29,2685.11,2688.28
2024-12-13 08:00:00,2688.28,2690.51,2683.25,2689.57
2024-12-13 09:00:00,2689.3,2690.17,2680.87,2683.07
2024-12-13 10:00:00,2682.78,2684.71,2674.54,2674.98
2024-12-13 11:00:00,2674.65,2676.94,2667.4,2668.77
2024-12-13 12:00:00,2668.87,2669.96,2665.11,2666.7
2024-12-13 13:00:00,2666.66,2669.46,2664.34,2664.9
2024-12-13 14:00:00,2664.82,2672.74,2662.79,2672.46
2024-12-13 15:00:00,2672.46,2672.92,2659.65,2662.06
2024-12-13 16:00:00,2661.95,2664.02,2657.37,2660.17
2024-12-13 17:00:00,2660.12,2662.56,2654.49,2659.91
2024-12-13 18:00:00,2659.66,2664.61,2658.73,2662.09
2024-12-13 19:00:00,2662.2,2662.25,2655.71,2656.33
2024-12-13 20:00:00,2656.36,2657.09,2652.18,2654.18
2024-12-13 21:00:00,2654.35,2655.3,2652.29,2652.95
2024-12-13 22:00:00,2652.95,2653.45,2646.39,2647.78
2024-12-13 23:00:00,2647.53,2649.85,2645.68,2648.8
2024-12-16 01:00:00,2650.72,2653.04,2648.63,2651.4
2024-12-16 02:00:00,2651.46,2651.65,2643.52,2647.06
2024-12-16 03:00:00,2647.01,2655.6,2646.78,2653.42
2024-12-16 04:00:00,2653.44,2654.65,2650.47,2651.83
2024-12-16 05:00:00,2651.82,2655.43,2651.59,2653.81
2024-12-16 06:00:00,2653.86,2654.49,2651.99,2652.79
2024-12-16 07:00:00,2652.79,2653.44,2649.58,2652.81
2024-12-16 08:00:00,2652.57,2654.7,2651.97,2653.69
2024-12-16 09:00:00,2653.69,2655.9,2651.69,2653.7
2024-12-16 10:00:00,2653.75,2662.03,2652.29,2657.99
2024-12-16 11:00:00,2657.91,2660.12,2655.76,2658.09
2024-12-16 12:00:00,2658.16,2661.13,2657.97,2658.85
2024-12-16 13:00:00,2658.76,2664.15,2657.73,2663.51
2024-12-16 14:00:00,2663.5,2664.22,2657.4,2659.97
2024-12-16 15:00:00,2659.84,2664.23,2658.94,2661.91
2024-12-16 16:00:00,2662.13,2663.03,2653.79,2654.83
2024-12-16 17:00:00,2654.91,2656.91,2650.84,2654.39
2024-12-16 18:00:00,2654.49,2655.76,2648.57,2652.18
2024-12-16 19:00:00,2652.13,2655.34,2651.79,2652.08
2024-12-16 20:00:00,2652.06,2655.64,2651.31,2655.38
2024-12-16 21:00:00,2655.4,2655.79,2652.02,2653.29
2024-12-16 22:00:00,2653.29,2653.61,2651.98,2652.95
2024-12-16 23:00:00,2653.0,2653.13,2651.39,2652.62
2024-12-17 01:00:00,2652.65,2653.02,2651.52,2651.76
2024-12-17 02:00:00,2651.76,2655.46,2651.15,2655.3
2024-12-17 03:00:00,2655.24,2658.57,2654.36,2658.05
2024-12-17 04:00:00,2657.73,2658.54,2654.0,2654.98
2024-12-17 05:00:00,2654.98,2656.11,2651.24,2653.56
2024-12-17 06:00:00,2653.49,2655.26,2651.0,2651.7
2024-12-17 07:00:00,2651.72,2654.8,2649.04,2653.75
2024-12-17 08:00:00,2653.82,2654.64,2646.46,2648.85
2024-12-17 09:00:00,2648.89,2657.1,2648.16,2653.79
2024-12-17 10:00:00,2653.42,2653.69,2641.13,2644.12
2024-12-17 11:00:00,2643.94,2646.05,2638.1,2639.65
2024-12-17 12:00:00,2639.56,2643.16,2638.13,2638.2
2024-12-17 13:00:00,2638.14,2642.53,2636.26,2642.25
2024-12-17 14:00:00,2642.27,2645.55,2640.72,2642.89
2024-12-17 15:00:00,2642.7,2646.87,2634.72,2637.08
2024-12-17 16:00:00,2637.06,2642.02,2633.03,2636.72
2024-12-17 17:00:00,2636.69,2642.86,2635.78,2640.17
2024-12-17 18:00:00,2640.17,2641.44,2636.42,2638.83
2024-12-17 19:00:00,2638.52,2647.08,2637.83,2645.99
2024-12-17 20:00:00,2645.96,2648.98,2644.99,2647.33
2024-12-17 21:00:00,2647.31,2648.17,2645.24,2645.4
2024-12-17 22:00:00,2645.49,2646.85,2643.1,2643.6
2024-12-17 23:00:00,2643.61,2646.41,2643.35,2646.4
2024-12-18 01:00:00,2646.32,2647.59,2644.77,2647.44
2024-12-18 02:00:00,2647.41,2650.31,2646.59,2650.08
2024-12-18 03:00:00,2650.07,2651.7,2648.04,2650.97
2024-12-18 04:00:00,2651.03,2651.04,2646.99,2647.48
2024-12-18 05:00:00,2647.41,2648.84,2645.1,2645.53
2024-12-18 06:00:00,2645.61,2645.92,2642.64,2645.17
2024-12-18 07:00:00,2645.14,2649.46,2643.96,2647.44
2024-12-18 08:00:00,2647.43,2647.95,2644.52,2646.63
2024-12-18 09:00:00,2646.69,2647.34,2643.39,2644.87
2024-12-18 10:00:00,2644.71,2649.66,2642.15,2647.95
2024-12-18 11:00:00,2647.71,2649.35,2645.56,2646.83
2024-12-18 12:00:00,2646.86,2649.4,2646.24,2648.35
2024-12-18 13:00:00,2648.34,2649.31,2645.71,2646.11
2024-12-18 14:00:00,2646.1,2647.75,2643.47,2643.95
2024-12-18 15:00:00,2643.75,2647.44,2640.88,2643.89
2024-12-18 16:00:00,2644.2,2644.95,2637.0,2637.93
2024-12-18 17:00:00,2637.7,2638.36,2633.52,2638.19
2024-12-18 18:00:00,2638.19,2639.52,2632.92,2634.68
2024-12-18 19:00:00,2634.67,2640.03,2634.38,2636.03
2024-12-18 20:00:00,2636.03,2638.97,2635.25,2636.26
2024-12-18 21:00:00,2629.99,2633.86,2604.14,2604.41
2024-12-18 22:00:00,2604.46,2609.27,2587.15,2592.48
2024-12-18 23:00:00,2592.32,2595.26,2583.62,2585.31
2024-12-19 01:00:00,2585.48,2592.27,2582.92,2588.18
2024-12-19 02:00:00,2588.18,2597.02,2587.99,2595.08
2024-12-19 03:00:00,2595.46,2618.11,2593.25,2611.99
2024-12-19 04:00:00,2611.65,2613.92,2606.15,2612.08
2024-12-19 05:00:00,2612.07,2613.37,2607.6,2610.39
2024-12-19 06:00:00,2610.46,2611.53,2606.68,2609.1
2024-12-19 07:00:00,2608.85,2610.38,2606.5,2607.19
2024-12-19 08:00:00,2606.98,2614.13,2603.27,2612.97
2024-12-19 09:00:00,2612.99,2622.63,2611.82,2616.5
2024-12-19 10:00:00,2616.56,2619.25,2613.2,2618.47
2024-12-19 11:00:00,2618.4,2622.9,2618.38,2620.5
2024-12-19 12:00:00,2620.48,2626.42,2617.19,2619.58
2024-12-19 13:00:00,2619.47,2621.94,2616.1,2616.72
2024-12-19 14:00:00,2616.72,2616.72,2604.26,2606.08
2024-12-19 15:00:00,2606.14,2606.14,2595.28,2596.37
2024-12-19 16:00:00,2596.19,2600.77,2591.93,2592.27
2024-12-19 17:00:00,2591.92,2595.99,2586.98,2588.44
2024-12-19 18:00:00,2588.21,2596.59,2587.21,2591.66
2024-12-19 19:00:00,2591.67,2594.24,2590.67,2592.61
2024-12-19 20:00:00,2592.65,2599.84,2591.86,2599.69
2024-12-19 21:00:00,2599.59,2601.01,2596.65,2596.65
2024-12-19 22:00:00,2596.88,2600.39,2596.46,2596.88
2024-12-19 23:00:00,2596.95,2596.98,2593.0,2594.39
2024-12-20 01:00:00,2594.75,2595.9,2592.28,2593.63
2024-12-20 02:00:00,2593.56,2595.25,2590.63,2590.83
2024-12-20 03:00:00,2590.83,2603.88,2589.69,2603.8
2024-12-20 04:00:00,2603.8,2603.99,2595.57,2597.09
2024-12-20 05:00:00,2597.07,2599.07,2595.79,2598.49
2024-12-20 06:00:00,2598.5,2601.0,2597.5,2598.04
2024-12-20 07:00:00,2598.04,2601.3,2596.46,2600.2
2024-12-20 08:00:00,2600.29,2605.36,2598.9,2604.67
2024-12-20 09:00:00,2604.55,2607.5,2602.36,2606.24
2024-12-20 10:00:00,2606.3,2607.7,2604.37,2605.52
2024-12-20 11:00:00,2605.52,2606.69,2602.88,2605.07
2024-12-20 12:00:00,2605.11,2606.92,2604.0,2604.21
2024-12-20 13:00:00,2604.2,2604.79,2600.12,2603.73
2024-12-20 14:00:00,2603.71,2606.2,2602.2,2603.54
2024-12-20 15:00:00,2603.54,2614.15,2600.15,2609.53
2024-12-20 16:00:00,2609.33,2618.33,2608.52,2616.69
2024-12-20 17:00:00,2616.47,2631.18,2616.32,2630.24
2024-12-20 18:00:00,2630.32,2631.82,2622.12,2625.15
2024-12-20 19:00:00,2625.15,2627.5,2622.2,2625.43
2024-12-20 20:00:00,2624.78,2627.3,2623.34,2625.93
2024-12-20 21:00:00,2625.93,2629.27,2624.77,2627.87
2024-12-20 22:00:00,2627.86,2628.07,2622.11,2622.57
2024-12-20 23:00:00,2622.65,2623.9,2618.65,2623.03
2024-12-23 01:00:00,2620.78,2626.27,2619.85,2624.3
2024-12-23 02:00:00,2624.36,2625.16,2617.6,2621.57
2024-12-23 03:00:00,2621.65,2624.17,2618.4,2620.85
2024-12-23 04:00:00,2620.79,2627.4,2620.45,2625.92
2024-12-23 05:00:00,2625.92,2626.9,2622.31,2624.09
2024-12-23 06:00:00,2624.1,2626.37,2623.87,2625.53
2024-12-23 07:00:00,2625.73,2629.24,2625.06,2626.59
2024-12-23 08:00:00,2626.58,2632.96,2624.53,2631.55
2024-12-23 09:00:00,2631.5,2633.22,2629.39,2630.2
2024-12-23 10:00:00,2629.79,2632.1,2625.98,2629.96
2024-12-23 11:00:00,2629.88,2630.71,2626.02,2626.43
2024-12-23 12:00:00,2626.3,2626.82,2619.02,2619.42
2024-12-23 13:00:00,2619.41,2620.1,2613.01,2616.18
2024-12-23 14:00:00,2616.24,2618.68,2614.03,2615.02
2024-12-23 15:00:00,2615.04,2619.79,2614.02,2617.38
2024-12-23 16:00:00,2617.0,2619.82,2613.72,2615.1
2024-12-23 17:00:00,2615.01,2616.25,2609.28,2609.71
2024-12-23 18:00:00,2609.7,2616.1,2608.13,2615.88
2024-12-23 19:00:00,2615.93,2616.63,2610.68,2611.2
2024-12-23 20:00:00,2611.2,2612.84,2609.94,2610.48
2024-12-23 21:00:00,2610.54,2612.53,2609.56,2611.09
2024-12-23 22:00:00,2611.05,2612.59,2609.14,2611.08
2024-12-23 23:00:00,2610.89,2613.68,2609.93,2612.77
2024-12-24 01:00:00,2613.12,2617.0,2612.87,2615.75
2024-12-24 02:00:00,2615.7,2617.35,2613.59,2616.7
2024-12-24 03:00:00,2616.72,2618.02,2614.49,2617.64
2024-12-24 04:00:00,2617.51,2619.88,2616.67,2616.88
2024-12-24 05:00:00,2616.86,2618.7,2615.65,2618.7
2024-12-24 06:00:00,2618.73,2620.38,2618.29,2620.19
2024-12-24 07:00:00,2620.2,2621.41,2618.36,2619.24
2024-12-24 08:00:00,2619.2,2619.77,2616.38,2618.96
2024-12-24 09:00:00,2618.61,2621.46,2618.06,2618.52
2024-12-24 10:00:00,2618.51,2619.87,2616.87,2617.41
2024-12-24 11:00:00,2617.41,2618.42,2613.37,2613.54
2024-12-24 12:00:00,2613.54,2617.86,2613.15,2615.59
2024-12-24 13:00:00,2615.45,2616.15,2612.32,2615.17
2024-12-24 14:00:00,2615.21,2616.31,2612.52,2613.73
2024-12-24 15:00:00,2613.66,2614.73,2611.29,2614.3
2024-12-24 16:00:00,2614.3,2617.25,2610.12,2610.89
2024-12-24 17:00:00,2610.89,2613.44,2610.02,2611.67
2024-12-24 18:00:00,2611.71,2617.67,2611.57,2615.99
2024-12-24 19:00:00,2615.91,2619.36,2615.22,2616.98
2024-12-24 20:00:00,2616.99,2617.92,2614.68,2616.59
2024-12-26 01:00:00,2616.14,2619.99,2614.12,2618.34
2024-12-26 02:00:00,2618.33,2622.63,2618.33,2621.47
2024-12-26 03:00:00,2621.24,2627.74,2620.67,2626.64
2024-12-26 04:00:00,2626.64,2627.82,2625.74,2627.59
2024-12-26 05:00:00,2627.62,2629.09,2625.48,2626.86
2024-12-26 06:00:00,2626.85,2629.18,2625.97,2627.37
2024-12-26 07:00:00,2627.37,2628.23,2626.0,2626.39
2024-12-26 08:00:00,2626.34,2627.35,2624.5,2626.09
2024-12-26 09:00:00,2626.23,2629.61,2623.64,2625.42
2024-12-26 10:00:00,2625.47,2629.03,2625.19,2627.55
2024-12-26 11:00:00,2627.53,2628.14,2625.92,2627.48
2024-12-26 12:00:00,2627.5,2629.37,2626.77,2628.75
2024-12-26 13:00:00,2628.76,2630.02,2627.69,2627.86
2024-12-26 14:00:00,2627.83,2628.42,2624.69,2626.67
2024-12-26 15:00:00,2626.71,2631.12,2621.73,2623.12
2024-12-26 16:00:00,2623.09,2630.14,2622.4,2630.02
2024-12-26 17:00:00,2630.01,2639.14,2629.1,2636.5
2024-12-26 18:00:00,2636.6,2636.8,2631.49,2631.99
2024-12-26 19:00:00,2631.99,2632.21,2627.89,2629.18
2024-12-26 20:00:00,2629.11,2635.95,2629.06,2634.73
2024-12-26 21:00:00,2634.62,2635.77,2632.68,2634.9
2024-12-26 22:00:00,2634.86,2636.14,2633.74,2634.38
2024-12-26 23:00:00,2634.26,2634.57,2632.85,2633.53
2024-12-27 01:00:00,2635.7,2636.02,2629.4,2632.68
2024-12-27 02:00:00,2632.69,2634.0,2631.31,2631.33
2024-12-27 03:00:00,2631.33,2633.81,2630.69,2632.18
2024-12-27 04:00:00,2632.07,2633.66,2628.94,2632.93
2024-12-27 05:00:00,2632.93,2635.47,2631.67,2633.72
2024-12-27 06:00:00,2633.65,2633.93,2631.79,2633.45
2024-12-27 07:00:00,2633.41,2634.16,2631.3,2631.33
2024-12-27 08:00:00,2631.24,2636.93,2631.21,2634.71
2024-12-27 09:00:00,2634.47,2638.34,2633.05,2633.67
2024-12-27 10:00:00,2633.38,2633.46,2626.05,2626.2
2024-12-27 11:00:00,2626.19,2627.66,2623.76,2624.06
2024-12-27 12:00:00,2624.03,2628.02,2623.49,2626.66
2024-12-27 13:00:00,2626.75,2628.86,2625.11,2628.66
2024-12-27 14:00:00,2628.7,2631.52,2625.58,2626.21
2024-12-27 15:00:00,2626.19,2627.27,2618.05,2618.81
2024-12-27 16:00:00,2618.84,2619.39,2611.69,2615.49
2024-12-27 17:00:00,2615.65,2619.55,2613.01,2618.11
2024-12-27 18:00:00,2618.11,2619.69,2615.32,2617.92
2024-12-27 19:00:00,2617.93,2618.23,2614.13,2615.88
2024-12-27 20:00:00,2615.82,2620.14,2615.22,2618.65
2024-12-27 21:00:00,2618.73,2621.38,2617.42,2620.72
2024-12-27 22:00:00,2620.63,2620.84,2612.61,2615.35
2024-12-27 23:00:00,2615.31,2621.56,2615.28,2621.54
2024-12-30 01:00:00,2621.03,2626.15,2619.88,2624.08
2024-12-30 02:00:00,2624.08,2625.43,2621.19,2622.31
2024-12-30 03:00:00,2622.16,2626.83,2621.63,2624.32
2024-12-30 04:00:00,2624.32,2625.44,2622.18,2623.71
2024-12-30 05:00:00,2623.85,2628.13,2622.82,2626.63
2024-12-30 06:00:00,2626.64,2626.64,2621.42,2622.19
2024-12-30 07:00:00,2622.15,2624.18,2620.5,2623.75
2024-12-30 08:00:00,2623.76,2624.67,2618.21,2619.19
2024-12-30 09:00:00,2619.03,2619.97,2615.82,2616.76
2024-12-30 10:00:00,2616.76,2617.36,2609.23,2611.88
2024-12-30 11:00:00,2611.9,2617.58,2611.39,2612.8
2024-12-30 12:00:00,2612.77,2615.23,2610.39,2610.5
2024-12-30 13:00:00,2610.45,2618.57,2609.14,2616.24
2024-12-30 14:00:00,2616.24,2622.39,2615.45,2621.62
2024-12-30 15:00:00,2621.41,2622.5,2606.58,2606.66
2024-12-30 16:00:00,2606.92,2613.77,2605.36,2611.51
2024-12-30 17:00:00,2611.51,2611.62,2599.6,2601.61
2024-12-30 18:00:00,2601.56,2602.82,2596.09,2599.87
2024-12-30 19:00:00,2599.82,2605.6,2599.82,2605.09
2024-12-30 20:00:00,2605.25,2606.71,2603.45,2606.14
2024-12-30 21:00:00,2606.19,2608.3,2603.64,2607.15
2024-12-30 22:00:00,2607.15,2609.52,2606.47,2607.74
2024-12-30 23:00:00,2607.66,2607.94,2605.6,2605.96
2024-12-31 01:00:00,2605.71,2607.31,2603.87,2606.7
2024-12-31 02:00:00,2606.67,2608.66,2605.08,2607.72
2024-12-31 03:00:00,2607.71,2611.59,2606.64,2608.99
2024-12-31 04:00:00,2608.98,2609.63,2606.89,2607.16
2024-12-31 05:00:00,2607.1,2607.58,2603.55,2604.69
2024-12-31 06:00:00,2604.68,2607.16,2604.37,2606.66
2024-12-31 07:00:00,2606.66,2608.19,2602.59,2604.36
2024-12-31 08:00:00,2604.32,2608.58,2603.56,2607.92
2024-12-31 09:00:00,2607.91,2614.11,2607.38,2613.74
2024-12-31 10:00:00,2613.81,2617.79,2612.83,2616.64
2024-12-31 11:00:00,2616.61,2616.87,2613.09,2615.27
2024-12-31 12:00:00,2615.41,2615.76,2610.96,2611.74
2024-12-31 13:00:00,2611.86,2614.26,2609.82,2611.08
2024-12-31 14:00:00,2611.0,2612.81,2609.38,2611.14
2024-12-31 15:00:00,2611.12,2616.13,2605.33,2613.32
2024-12-31 16:00:00,2613.33,2617.73,2611.34,2613.69
2024-12-31 17:00:00,2613.72,2626.65,2612.45,2625.84
2024-12-31 18:00:00,2625.65,2627.21,2622.26,2625.31
2024-12-31 19:00:00,2625.44,2627.58,2623.23,2624.38
2024-12-31 20:00:00,2624.29,2627.22,2622.73,2624.81
2024-12-31 21:00:00,2624.65,2627.19,2622.87,2623.85
2024-12-31 22:00:00,2623.84,2625.05,2622.22,2623.36
2024-12-31 23:00:00,2623.17,2624.71,2622.92,2624.61
2025-01-02 01:00:00,2624.48,2625.29,2621.48,2623.74
2025-01-02 02:00:00,2623.78,2627.8,2622.82,2625.33
2025-01-02 03:00:00,2625.35,2634.35,2623.8,2632.9
2025-01-02 04:00:00,2632.92,2636.37,2632.31,2634.72
2025-01-02 05:00:00,2634.7,2635.32,2632.3,2633.66
2025-01-02 06:00:00,2633.68,2634.2,2631.1,2633.96
2025-01-02 07:00:00,2633.99,2636.5,2633.06,2634.03
2025-01-02 08:00:00,2634.03,2635.43,2631.15,2634.06
2025-01-02 09:00:00,2634.14,2636.0,2632.96,2635.97
2025-01-02 10:00:00,2636.24,2637.84,2631.22,2636.37
2025-01-02 11:00:00,2636.43,2639.97,2636.03,2636.09
2025-01-02 12:00:00,2636.09,2646.37,2632.76,2642.74
2025-01-02 13:00:00,2642.74,2644.69,2640.33,2642.01
2025-01-02 14:00:00,2641.99,2646.45,2640.39,2643.39
2025-01-02 15:00:00,2643.34,2647.38,2636.02,2642.99
2025-01-02 16:00:00,2643.01,2651.06,2640.37,2647.73
2025-01-02 17:00:00,2647.43,2655.78,2645.2,2654.1
2025-01-02 18:00:00,2653.91,2660.45,2650.07,2659.33
2025-01-02 19:00:00,2659.32,2660.42,2652.61,2656.52
2025-01-02 20:00:00,2656.53,2658.72,2653.78,2655.47
2025-01-02 21:00:00,2655.51,2657.16,2653.85,2654.73
2025-01-02 22:00:00,2654.75,2660.46,2654.13,2659.69
2025-01-02 23:00:00,2659.81,2660.21,2656.46,2657.98
2025-01-03 01:00:00,2658.34,2659.53,2657.43,2658.38
2025-01-03 02:00:00,2658.44,2661.15,2658.4,2660.75
2025-01-03 03:00:00,2660.87,2662.34,2656.79,2659.38
2025-01-03 04:00:00,2659.47,2664.04,2656.24,2662.44
2025-01-03 05:00:00,2662.43,2665.15,2661.32,2662.26
2025-01-03 06:00:00,2662.21,2664.32,2661.7,2662.9
2025-01-03 07:00:00,2662.88,2662.9,2655.96,2658.56
2025-01-03 08:00:00,2658.58,2660.28,2656.73,2659.56
2025-01-03 09:00:00,2659.41,2659.44,2651.99,2654.17
2025-01-03 10:00:00,2654.09,2655.77,2649.91,2652.96
2025-01-03 11:00:00,2652.94,2655.95,2652.84,2653.61
2025-01-03 12:00:00,2653.61,2657.94,2653.09,2657.64
2025-01-03 13:00:00,2657.62,2659.24,2656.34,2657.62
2025-01-03 14:00:00,2657.61,2658.32,2654.81,2655.31
2025-01-03 15:00:00,2655.3,2656.36,2643.48,2649.82
2025-01-03 16:00:00,2649.78,2652.67,2645.12,2647.11
2025-01-03 17:00:00,2645.22,2648.29,2641.03,2643.84
2025-01-03 18:00:00,2643.81,2647.27,2639.04,2639.95
2025-01-03 19:00:00,2639.93,2642.59,2639.04,2641.85
2025-01-03 20:00:00,2641.85,2642.36,2639.73,2641.89
2025-01-03 21:00:00,2641.93,2642.99,2639.13,2639.56
2025-01-03 22:00:00,2639.4,2640.11,2636.89,2638.19
2025-01-03 23:00:00,2638.05,2640.77,2636.51,2639.98
2025-01-06 01:00:00,2641.45,2642.32,2639.04,2641.01
2025-01-06 02:00:00,2641.05,2643.34,2638.65,2643.24
2025-01-06 03:00:00,2643.27,2647.41,2640.75,2641.3
2025-01-06 04:00:00,2641.24,2645.29,2639.73,2644.51
2025-01-06 05:00:00,2644.5,2645.33,2639.21,2640.24
2025-01-06 06:00:00,2640.22,2640.81,2633.99,2635.47
2025-01-06 07:00:00,2635.41,2636.2,2631.7,2633.91
2025-01-06 08:00:00,2633.92,2635.36,2630.25,2631.52
2025-01-06 09:00:00,2631.49,2633.67,2625.18,2626.9
2025-01-06 10:00:00,2626.65,2632.55,2625.83,2631.52
2025-01-06 11:00:00,2631.4,2635.74,2631.2,2632.72
2025-01-06 12:00:00,2632.71,2635.07,2630.95,2633.79
2025-01-06 13:00:00,2633.81,2649.45,2632.58,2645.62
2025-01-06 14:00:00,2645.65,2647.76,2642.05,2645.43
2025-01-06 15:00:00,2645.24,2648.89,2621.89,2624.12
2025-01-06 16:00:00,2624.32,2634.82,2614.45,2631.51
2025-01-06 17:00:00,2631.53,2639.6,2629.49,2634.4
2025-01-06 18:00:00,2634.53,2641.28,2632.55,2640.86
2025-01-06 19:00:00,2640.89,2641.09,2634.22,2636.73
2025-01-06 20:00:00,2636.75,2638.58,2633.8,2634.62
2025-01-06 21:00:00,2634.62,2635.57,2632.66,2634.36
2025-01-06 22:00:00,2634.38,2635.48,2633.24,2634.63
2025-01-06 23:00:00,2634.76,2637.11,2634.65,2635.77
2025-01-07 01:00:00,2636.09,2636.24,2633.58,2634.7
2025-01-07 02:00:00,2634.7,2635.22,2632.98,2635.05
2025-01-07 03:00:00,2635.03,2641.18,2634.93,2639.05
2025-01-07 04:00:00,2639.04,2640.07,2639.0,2639.31
2025-01-07 07:00:00,2637.94,2645.71,2637.88,2644.45
2025-01-07 08:00:00,2644.44,2646.78,2639.89,2640.23
2025-01-07 09:00:00,2640.21,2642.21,2638.04,2640.49
2025-01-07 10:00:00,2640.44,2644.77,2640.1,2642.47
2025-01-07 11:00:00,2641.59,2642.2,2641.14,2641.3
2025-01-07 12:00:00,2641.32,2644.78,2641.32,2643.86
2025-01-07 13:00:00,2643.96,2648.72,2642.02,2648.46
2025-01-07 14:00:00,2648.5,2652.68,2647.41,2651.58
2025-01-07 15:00:00,2651.38,2664.33,2650.01,2662.45
2025-01-07 16:00:00,2662.53,2663.02,2655.82,2658.04
2025-01-07 17:00:00,2653.59,2654.54,2642.22,2647.75
2025-01-07 18:00:00,2647.65,2655.57,2646.55,2651.68
2025-01-07 19:00:00,2651.73,2655.96,2650.18,2652.32
2025-01-07 20:00:00,2652.38,2652.42,2647.26,2649.04
2025-01-07 21:00:00,2649.1,2650.34,2646.95,2649.38
2025-01-07 22:00:00,2649.22,2651.45,2647.17,2650.25
2025-01-07 23:00:00,2649.88,2650.39,2647.46,2648.42
2025-01-08 01:00:00,2648.45,2650.18,2647.49,2649.79
2025-01-08 02:00:00,2649.69,2651.52,2648.72,2650.54
2025-01-08 03:00:00,2650.56,2650.77,2647.16,2648.74
2025-01-08 04:00:00,2648.85,2650.43,2645.92,2648.95
2025-01-08 05:00:00,2648.77,2648.9,2645.54,2646.81
2025-01-08 06:00:00,2646.71,2648.67,2645.25,2647.0
2025-01-08 07:00:00,2647.02,2650.74,2646.7,2650.09
2025-01-08 08:00:00,2650.06,2653.0,2648.93,2652.04
2025-01-08 09:00:00,2652.02,2654.41,2651.6,2652.63
2025-01-08 10:00:00,2652.44,2653.81,2649.6,2651.96
2025-01-08 11:00:00,2651.93,2654.98,2651.82,2653.47
2025-01-08 12:00:00,2653.49,2655.13,2652.7,2653.15
2025-01-08 13:00:00,2653.16,2653.16,2647.55,2650.62
2025-01-08 14:00:00,2650.75,2652.48,2645.87,2651.92
2025-01-08 15:00:00,2652.02,2660.23,2651.72,2660.23
2025-01-08 16:00:00,2660.2,2667.59,2660.1,2661.35
2025-01-08 17:00:00,2661.13,2667.77,2659.33,2665.9
2025-01-08 18:00:00,2665.89,2670.0,2662.66,2669.61
2025-01-08 19:00:00,2669.62,2669.83,2649.52,2655.55
2025-01-08 20:00:00,2655.51,2659.02,2651.52,2652.7
2025-01-08 21:00:00,2652.82,2660.58,2652.21,2658.3
2025-01-08 22:00:00,2658.41,2664.06,2658.13,2663.4
2025-01-08 23:00:00,2663.5,2664.03,2660.78,2661.44
2025-01-09 01:00:00,2661.31,2663.24,2661.2,2662.58
2025-01-09 02:00:00,2662.59,2662.84,2659.41,2659.96
2025-01-09 03:00:00,2659.81,2661.33,2657.23,2658.61
2025-01-09 04:00:00,2658.51,2660.19,2656.19,2658.72
2025-01-09 05:00:00,2658.78,2662.19,2658.45,2659.39
2025-01-09 06:00:00,2659.32,2659.77,2655.51,2658.93
2025-01-09 07:00:00,2658.78,2660.9,2657.64,2658.27
2025-01-09 08:00:00,2658.28,2666.96,2658.27,2666.74
2025-01-09 09:00:00,2666.73,2666.74,2662.39,2662.47
2025-01-09 10:00:00,2662.3,2666.91,2660.46,2664.3
2025-01-09 11:00:00,2664.36,2666.37,2662.28,2664.89
2025-01-09 12:00:00,2664.88,2668.59,2664.38,2667.51
2025-01-09 13:00:00,2667.5,2673.22,2665.24,2670.12
2025-01-09 14:00:00,2670.06,2675.2,2669.28,2674.04
2025-01-09 15:00:00,2674.04,2678.23,2671.95,2672.64
2025-01-09 16:00:00,2672.55,2675.62,2666.98,2672.46
2025-01-09 17:00:00,2672.46,2675.37,2668.12,2668.32
2025-01-09 18:00:00,2668.31,2670.96,2665.98,2667.52
2025-01-09 19:00:00,2667.51,2668.65,2662.65,2665.94
2025-01-09 20:00:00,2665.89,2672.42,2664.93,2671.34
2025-01-09 21:00:00,2671.43,2671.66,2668.57,2669.99
2025-01-09 22:00:00,2670.11,2670.76,2669.13,2669.38
2025-01-09 23:00:00,2669.36,2671.14,2668.24,2670.34
2025-01-10 01:00:00,2670.34,2671.27,2668.44,2669.8
2025-01-10 02:00:00,2669.8,2670.95,2668.98,2670.41
2025-01-10 03:00:00,2670.51,2671.78,2669.16,2670.96
2025-01-10 04:00:00,2670.96,2674.71,2670.18,2673.52
2025-01-10 05:00:00,2673.53,2674.75,2672.54,2673.64
2025-01-10 06:00:00,2673.66,2674.13,2671.83,2671.87
2025-01-10 07:00:00,2671.71,2675.86,2671.57,2674.86
2025-01-10 08:00:00,2674.83,2678.49,2674.22,2678.11
2025-01-10 09:00:00,2678.09,2678.68,2673.38,2676.16
2025-01-10 10:00:00,2676.16,2680.56,2675.63,2680.19
2025-01-10 11:00:00,2680.13,2682.43,2677.73,2678.38
2025-01-10 12:00:00,2678.35,2682.7,2677.75,2681.0
2025-01-10 13:00:00,2681.04,2683.08,2680.25,2681.38
2025-01-10 14:00:00,2681.31,2681.38,2674.87,2678.22
2025-01-10 15:00:00,2678.2,2683.45,2663.96,2682.48
2025-01-10 16:00:00,2682.41,2693.32,2680.72,2688.19
2025-01-10 17:00:00,2685.99,2698.01,2682.56,2692.59
2025-01-10 18:00:00,2693.04,2697.07,2686.95,2696.3
2025-01-10 19:00:00,2696.65,2698.01,2692.4,2696.11
2025-01-10 20:00:00,2696.08,2697.25,2685.07,2687.25
2025-01-10 21:00:00,2687.32,2687.75,2684.61,2685.76
2025-01-10 22:00:00,2685.72,2690.9,2684.52,2690.64
2025-01-10 23:00:00,2689.88,2693.33,2688.76,2688.96
2025-01-13 01:00:00,2690.19,2692.15,2686.17,2691.15
2025-01-13 02:00:00,2691.16,2693.27,2688.04,2689.71
2025-01-13 03:00:00,2689.83,2690.01,2679.46,2685.66
2025-01-13 04:00:00,2685.74,2690.6,2684.91,2688.59
2025-01-13 05:00:00,2688.69,2688.72,2685.39,2688.09
2025-01-13 06:00:00,2688.07,2690.93,2684.26,2685.98
2025-01-13 07:00:00,2685.96,2687.06,2683.34,2687.06
2025-01-13 08:00:00,2687.0,2691.4,2686.91,2689.89
2025-01-13 09:00:00,2689.43,2690.5,2684.48,2685.25
2025-01-13 10:00:00,2684.96,2689.71,2684.02,2687.17
2025-01-13 11:00:00,2687.08,2688.34,2682.94,2684.87
2025-01-13 12:00:00,2684.74,2685.15,2677.39,2679.62
2025-01-13 13:00:00,2679.4,2680.58,2675.54,2675.98
2025-01-13 14:00:00,2675.77,2677.14,2664.59,2671.31
2025-01-13 15:00:00,2671.09,2672.38,2663.87,2669.13
2025-01-13 16:00:00,2669.06,2674.19,2664.13,2671.72
2025-01-13 17:00:00,2671.67,2673.01,2661.14,2661.83
2025-01-13 18:00:00,2661.78,2668.03,2660.69,2661.27
2025-01-13 19:00:00,2661.51,2664.11,2659.25,2660.87
2025-01-13 20:00:00,2660.95,2662.52,2657.57,2659.35
2025-01-13 21:00:00,2659.35,2660.65,2656.84,2658.94
2025-01-13 22:00:00,2658.95,2662.85,2658.79,2662.16
2025-01-13 23:00:00,2662.0,2664.18,2660.77,2662.98
2025-01-14 01:00:00,2663.55,2669.35,2663.15,2667.94
2025-01-14 02:00:00,2668.09,2671.17,2666.38,2670.6
2025-01-14 03:00:00,2670.56,2672.25,2667.93,2670.73
2025-01-14 04:00:00,2670.77,2672.24,2668.56,2670.58
2025-01-14 05:00:00,2670.47,2672.3,2668.88,2669.74
2025-01-14 06:00:00,2669.72,2674.1,2668.38,2673.57
2025-01-14 07:00:00,2673.72,2675.36,2667.4,2668.51
2025-01-14 08:00:00,2668.7,2669.71,2667.33,2669.04
2025-01-14 09:00:00,2669.03,2670.86,2667.11,2669.21
2025-01-14 10:00:00,2669.45,2674.13,2667.25,2671.1
2025-01-14 11:00:00,2671.07,2671.69,2664.81,2667.28
2025-01-14 12:00:00,2667.28,2668.9,2664.75,2666.68
2025-01-14 13:00:00,2666.84,2669.87,2664.44,2669.32
2025-01-14 14:00:00,2669.28,2671.67,2666.48,2668.33
2025-01-14 15:00:00,2668.34,2674.35,2660.66,2663.06
2025-01-14 16:00:00,2662.88,2665.93,2659.86,2665.22
2025-01-14 17:00:00,2665.28,2672.9,2665.07,2671.75
2025-01-14 18:00:00,2671.9,2674.03,2669.89,2671.73
2025-01-14 19:00:00,2671.7,2672.0,2668.08,2669.09
2025-01-14 20:00:00,2669.11,2672.56,2666.77,2672.33
2025-01-14 21:00:00,2672.42,2676.29,2671.91,2674.31
2025-01-14 22:00:00,2674.32,2676.58,2671.92,2676.58
2025-01-14 23:00:00,2676.33,2678.38,2675.87,2677.37
2025-01-15 01:00:00,2678.38,2679.22,2674.12,2675.63
2025-01-15 02:00:00,2675.61,2676.17,2672.67,2672.77
2025-01-15 03:00:00,2672.8,2674.32,2669.9,2669.92
2025-01-15 04:00:00,2669.92,2675.06,2669.39,2673.4
2025-01-15 05:00:00,2673.59,2676.34,2672.35,2676.11
2025-01-15 06:00:00,2676.03,2676.71,2674.23,2675.63
2025-01-15 07:00:00,2675.72,2679.38,2674.46,2679.38
2025-01-15 08:00:00,2679.39,2683.28,2679.12,2681.06
2025-01-15 09:00:00,2681.06,2684.02,2680.09,2681.32
2025-01-15 10:00:00,2681.37,2685.28,2681.2,2683.96
2025-01-15 11:00:00,2684.02,2688.54,2682.91,2685.95
2025-01-15 12:00:00,2685.94,2689.06,2684.86,2688.39
2025-01-15 13:00:00,2688.64,2688.93,2685.24,2686.91
2025-01-15 14:00:00,2686.82,2687.55,2684.12,2684.56
2025-01-15 15:00:00,2684.82,2694.23,2682.15,2693.81
2025-01-15 16:00:00,2694.09,2696.04,2678.36,2681.93
2025-01-15 17:00:00,2681.87,2683.01,2676.79,2678.5
2025-01-15 18:00:00,2678.64,2690.04,2676.96,2689.28
2025-01-15 19:00:00,2689.3,2692.97,2688.54,2692.64
2025-01-15 20:00:00,2692.67,2695.14,2691.14,2694.01
2025-01-15 21:00:00,2694.04,2695.19,2692.62,2694.11
2025-01-15 22:00:00,2694.15,2696.51,2693.25,2696.22
2025-01-15 23:00:00,2696.33,2697.55,2694.09,2696.28
2025-01-16 01:00:00,2695.01,2697.31,2693.69,2694.95
2025-01-16 02:00:00,2694.95,2698.27,2692.55,2695.36
2025-01-16 03:00:00,2695.37,2702.15,2694.62,2696.16
2025-01-16 04:00:00,2696.31,2698.15,2695.19,2697.52
2025-01-16 05:00:00,2697.42,2698.59,2695.8,2697.31
2025-01-16 06:00:00,2697.26,2698.14,2696.82,2697.5
2025-01-16 07:00:00,2697.51,2697.56,2693.66,2694.6
2025-01-16 08:00:00,2694.64,2695.39,2690.03,2693.86
2025-01-16 09:00:00,2693.86,2699.91,2693.18,2698.35
2025-01-16 10:00:00,2698.48,2703.27,2697.14,2698.92
2025-01-16 11:00:00,2699.05,2706.11,2697.51,2705.22
2025-01-16 12:00:00,2705.27,2708.57,2704.66,2707.79
2025-01-16 13:00:00,2707.91,2711.04,2706.15,2706.39
2025-01-16 14:00:00,2706.3,2707.35,2700.27,2703.61
2025-01-16 15:00:00,2703.61,2718.23,2701.4,2715.24
2025-01-16 16:00:00,2715.27,2719.34,2712.95,2718.7
2025-01-16 17:00:00,2718.7,2719.74,2712.61,2716.91
2025-01-16 18:00:00,2717.05,2722.39,2716.78,2720.3
2025-01-16 19:00:00,2720.4,2724.76,2719.4,2721.78
2025-01-16 20:00:00,2721.85,2723.29,2714.7,2715.22
2025-01-16 21:00:00,2715.24,2717.13,2714.78,2715.31
2025-01-16 22:00:00,2715.19,2717.05,2714.36,2715.63
2025-01-16 23:00:00,2715.62,2715.83,2712.37,2714.26
2025-01-17 01:00:00,2714.44,2715.01,2712.49,2714.69
2025-01-17 02:00:00,2714.69,2716.15,2713.74,2714.72
2025-01-17 03:00:00,2714.73,2714.83,2709.88,2714.65
2025-01-17 04:00:00,2714.74,2716.98,2713.92,2715.85
2025-01-17 05:00:00,2715.65,2717.38,2714.54,2715.49
2025-01-17 06:00:00,2715.47,2716.54,2714.19,2714.73
2025-01-17 07:00:00,2714.77,2715.57,2711.19,2711.68
2025-01-17 08:00:00,2711.69,2713.34,2710.58,2712.57
2025-01-17 09:00:00,2712.57,2714.64,2708.65,2710.54
2025-01-17 10:00:00,2710.63,2712.97,2709.54,2711.7
2025-01-17 11:00:00,2711.54,2712.04,2703.89,2704.73
2025-01-17 12:00:00,2704.67,2706.15,2702.82,2704.01
2025-01-17 13:00:00,2704.0,2708.73,2703.51,2708.06
2025-01-17 14:00:00,2708.13,2711.87,2707.05,2711.09
2025-01-17 15:00:00,2711.0,2712.12,2704.49,2704.9
2025-01-17 16:00:00,2704.72,2712.47,2702.69,2711.8
2025-01-17 17:00:00,2711.44,2715.03,2710.09,2714.31
2025-01-17 18:00:00,2714.33,2717.29,2713.62,2716.12
2025-01-17 19:00:00,2716.05,2716.6,2710.67,2712.54
2025-01-17 20:00:00,2712.66,2713.28,2705.44,2705.56
2025-01-17 21:00:00,2705.75,2707.17,2702.86,2703.19
2025-01-17 22:00:00,2703.17,2704.18,2699.8,2700.71
2025-01-17 23:00:00,2700.45,2703.04,2698.47,2702.92
2025-01-20 01:00:00,2703.09,2703.79,2691.22,2696.48
2025-01-20 02:00:00,2696.48,2696.48,2692.67,2694.46
2025-01-20 03:00:00,2694.46,2695.93,2689.26,2693.73
2025-01-20 04:00:00,2693.87,2698.0,2693.61,2697.45
2025-01-20 05:00:00,2697.51,2704.03,2697.43,2703.61
2025-01-20 06:00:00,2703.69,2706.53,2702.21,2705.98
2025-01-20 07:00:00,2705.89,2707.53,2703.67,2707.4
2025-01-20 08:00:00,2707.37,2713.76,2706.63,2711.31
2025-01-20 09:00:00,2711.25,2711.85,2702.88,2703.53
2025-01-20 10:00:00,2703.68,2707.94,2702.99,2706.95
2025-01-20 11:00:00,2706.78,2708.81,2703.04,2706.14
2025-01-20 12:00:00,2706.03,2709.86,2705.29,2708.42
2025-01-20 13:00:00,2708.22,2712.57,2704.78,2708.29
2025-01-20 14:00:00,2708.44,2710.18,2706.13,2708.04
2025-01-20 15:00:00,2708.02,2710.53,2701.52,2705.15
2025-01-20 16:00:00,2705.73,2711.8,2704.17,2710.18
2025-01-20 17:00:00,2709.99,2710.53,2705.31,2706.89
2025-01-20 18:00:00,2706.84,2709.12,2703.12,2707.47
2025-01-20 19:00:00,2707.42,2711.21,2703.33,2706.91
2025-01-20 20:00:00,2707.1,2710.96,2704.24,2710.67
2025-01-20 21:00:00,2710.75,2711.04,2706.19,2706.7
2025-01-21 01:00:00,2708.28,2711.04,2706.28,2710.36
2025-01-21 02:00:00,2710.45,2711.63,2702.86,2705.35
2025-01-21 03:00:00,2704.94,2719.24,2702.81,2718.07
2025-01-21 04:00:00,2718.08,2725.85,2717.93,2724.85
2025-01-21 05:00:00,2724.84,2726.9,2721.1,2724.24
2025-01-21 06:00:00,2724.33,2727.9,2722.86,2727.4
2025-01-21 07:00:00,2727.59,2729.22,2725.35,2726.12
2025-01-21 08:00:00,2726.0,2729.48,2723.71,2724.15
2025-01-21 09:00:00,2724.17,2732.84,2722.7,2729.77
2025-01-21 10:00:00,2729.3,2729.49,2721.37,2723.27
2025-01-21 11:00:00,2723.21,2724.12,2717.2,2720.7
2025-01-21 12:00:00,2720.7,2724.04,2718.93,2719.73
2025-01-21 13:00:00,2719.75,2724.54,2716.43,2724.07
2025-01-21 14:00:00,2724.24,2727.26,2721.9,2726.76
2025-01-21 15:00:00,2726.55,2730.17,2724.61,2726.36
2025-01-21 16:00:00,2726.41,2738.48,2725.24,2738.11
2025-01-21 17:00:00,2738.2,2740.36,2734.58,2738.86
2025-01-21 18:00:00,2738.84,2745.2,2737.76,2743.14
2025-01-21 19:00:00,2743.14,2745.83,2740.02,2740.19
2025-01-21 20:00:00,2740.0,2746.02,2739.83,2744.48
2025-01-21 21:00:00,2744.49,2745.37,2741.39,2742.77
2025-01-21 22:00:00,2742.64,2743.26,2740.01,2742.54
2025-01-21 23:00:00,2742.49,2745.68,2741.79,2744.69
2025-01-22 01:00:00,2745.17,2745.61,2741.1,2744.22
2025-01-22 02:00:00,2744.38,2749.18,2742.78,2748.23
2025-01-22 03:00:00,2748.25,2749.98,2746.67,2748.12
2025-01-22 04:00:00,2748.1,2749.73,2746.22,2748.91
2025-01-22 05:00:00,2748.93,2751.12,2747.88,2750.25
2025-01-22 06:00:00,2750.26,2752.98,2749.32,2752.16
2025-01-22 07:00:00,2752.25,2758.68,2750.25,2758.03
2025-01-22 08:00:00,2758.08,2758.2,2745.59,2746.76
2025-01-22 09:00:00,2746.77,2753.93,2746.18,2748.45
2025-01-22 10:00:00,2748.33,2753.93,2746.77,2753.18
2025-01-22 11:00:00,2753.17,2762.24,2752.83,2758.41
2025-01-22 12:00:00,2758.41,2763.45,2758.29,2760.15
2025-01-22 13:00:00,2760.1,2760.54,2756.31,2756.4
2025-01-22 14:00:00,2756.52,2758.63,2751.64,2758.15
2025-01-22 15:00:00,2758.14,2761.63,2750.89,2757.63
2025-01-22 16:00:00,2757.64,2758.24,2750.25,2754.01
2025-01-22 17:00:00,2753.6,2760.35,2750.48,2759.4
2025-01-22 18:00:00,2759.45,2760.2,2756.05,2758.35
2025-01-22 19:00:00,2758.33,2758.44,2755.95,2756.46
2025-01-22 20:00:00,2756.45,2759.32,2754.89,2757.79
2025-01-22 21:00:00,2757.8,2757.8,2754.99,2755.29
2025-01-22 22:00:00,2755.24,2757.15,2754.84,2756.61
2025-01-22 23:00:00,2756.65,2757.13,2754.51,2756.18
2025-01-23 01:00:00,2756.17,2756.49,2753.51,2755.55
2025-01-23 02:00:00,2755.42,2755.89,2752.83,2755.27
2025-01-23 03:00:00,2755.33,2756.32,2750.62,2752.79
2025-01-23 04:00:00,2752.79,2755.03,2752.01,2752.52
2025-01-23 05:00:00,2752.53,2753.03,2749.51,2750.01
2025-01-23 06:00:00,2749.95,2753.66,2749.87,2751.71
2025-01-23 07:00:00,2751.75,2753.53,2751.09,2751.99
2025-01-23 08:00:00,2751.97,2755.59,2751.23,2753.2
2025-01-23 09:00:00,2753.32,2754.63,2751.62,2752.79
2025-01-23 10:00:00,2752.8,2754.83,2752.0,2752.66
2025-01-23 11:00:00,2752.79,2753.84,2740.87,2745.87
2025-01-23 12:00:00,2745.74,2752.43,2745.26,2751.34
2025-01-23 13:00:00,2751.47,2754.45,2750.85,2751.96
2025-01-23 14:00:00,2751.85,2753.41,2742.08,2744.73
2025-01-23 15:00:00,2744.71,2745.79,2735.58,2741.46
2025-01-23 16:00:00,2741.72,2747.41,2740.23,2745.91
2025-01-23 17:00:00,2746.21,2749.54,2741.99,2746.63
2025-01-23 18:00:00,2746.26,2757.33,2744.23,2754.05
2025-01-23 19:00:00,2754.11,2758.92,2752.38,2757.71
2025-01-23 20:00:00,2757.74,2758.23,2755.09,2755.77
2025-01-23 21:00:00,2755.81,2757.99,2753.82,2754.04
2025-01-23 22:00:00,2754.06,2754.64,2751.28,2753.66
2025-01-23 23:00:00,2753.61,2754.52,2751.69,2754.52
2025-01-24 01:00:00,2754.64,2755.61,2753.49,2754.67
2025-01-24 02:00:00,2754.65,2761.08,2754.44,2759.77
2025-01-24 03:00:00,2759.72,2762.57,2758.36,2762.26
2025-01-24 04:00:00,2762.38,2775.35,2762.33,2774.25
2025-01-24 05:00:00,2774.28,2777.4,2771.01,2772.24
2025-01-24 06:00:00,2772.23,2775.0,2770.57,2772.08
2025-01-24 07:00:00,2772.3,2776.73,2772.24,2775.27
2025-01-24 08:00:00,2775.22,2778.3,2773.17,2773.81
2025-01-24 09:00:00,2773.69,2775.4,2772.08,2772.74
2025-01-24 10:00:00,2772.68,2775.33,2770.04,2774.06
2025-01-24 11:00:00,2773.25,2777.76,2771.05,2772.72
2025-01-24 12:00:00,2772.73,2776.17,2771.53,2775.72
2025-01-24 13:00:00,2775.72,2780.05,2774.18,2776.71
2025-01-24 14:00:00,2776.54,2779.11,2776.16,2778.67
2025-01-24 15:00:00,2778.68,2784.58,2777.89,2782.37
2025-01-24 16:00:00,2782.37,2784.26,2773.87,2777.35
2025-01-24 17:00:00,2777.95,2785.94,2775.59,2775.82
2025-01-24 18:00:00,2775.89,2777.52,2769.99,2772.06
2025-01-24 19:00:00,2771.91,2776.17,2770.73,2773.35
2025-01-24 20:00:00,2773.36,2774.13,2771.39,2773.41
2025-01-24 21:00:00,2773.46,2775.26,2771.36,2774.64
2025-01-24 22:00:00,2774.66,2774.85,2770.69,2771.04
2025-01-24 23:00:00,2771.11,2772.1,2770.42,2771.48
2025-01-27 01:00:00,2769.76,2769.81,2764.72,2767.27
2025-01-27 02:00:00,2767.18,2770.94,2765.83,2769.68
2025-01-27 03:00:00,2769.79,2772.53,2762.88,2762.9
2025-01-27 04:00:00,2762.9,2763.61,2754.1,2756.14
2025-01-27 05:00:00,2756.17,2762.62,2755.12,2761.08
2025-01-27 06:00:00,2761.06,2761.07,2755.74,2758.12
2025-01-27 07:00:00,2758.16,2758.16,2752.86,2753.27
2025-01-27 08:00:00,2753.18,2755.05,2750.73,2754.52
2025-01-27 09:00:00,2754.57,2754.98,2747.32,2749.5
2025-01-27 10:00:00,2749.69,2759.86,2749.39,2757.23
2025-01-27 11:00:00,2756.65,2765.0,2755.76,2763.33
2025-01-27 12:00:00,2763.16,2771.04,2762.86,2768.17
2025-01-27 13:00:00,2767.88,2771.88,2764.94,2771.16
2025-01-27 14:00:00,2771.35,2771.52,2760.44,2761.22
2025-01-27 15:00:00,2761.05,2762.48,2752.28,2757.41
2025-01-27 16:00:00,2757.19,2757.99,2744.95,2750.79
2025-01-27 17:00:00,2750.78,2751.03,2739.58,2741.87
2025-01-27 18:00:00,2741.95,2743.14,2733.37,2734.42
2025-01-27 19:00:00,2734.73,2736.86,2730.48,2733.58
2025-01-27 20:00:00,2733.52,2737.86,2733.0,2737.02
2025-01-27 21:00:00,2736.98,2740.59,2736.86,2739.35
2025-01-27 22:00:00,2739.41,2742.57,2738.18,2741.59
2025-01-27 23:00:00,2741.08,2743.95,2740.22,2740.7
2025-01-28 01:00:00,2739.91,2745.32,2739.42,2741.6
2025-01-28 02:00:00,2741.76,2744.45,2739.92,2740.6
2025-01-28 03:00:00,2740.77,2745.29,2739.45,2741.45
2025-01-28 04:00:00,2741.41,2741.62,2738.21,2739.34
2025-01-28 05:00:00,2739.46,2741.69,2737.8,2738.86
2025-01-28 06:00:00,2738.88,2742.54,2738.67,2742.3
2025-01-28 07:00:00,2742.53,2744.89,2741.2,2741.81
2025-01-28 08:00:00,2741.51,2742.92,2739.19,2739.77
2025-01-28 09:00:00,2739.32,2743.03,2738.28,2738.57
2025-01-28 10:00:00,2739.13,2741.75,2734.81,2741.07
2025-01-28 11:00:00,2741.06,2745.24,2740.38,2743.43
2025-01-28 12:00:00,2743.36,2745.22,2740.25,2743.09
2025-01-28 13:00:00,2743.09,2744.61,2741.61,2742.78
2025-01-28 14:00:00,2742.8,2745.63,2741.25,2745.6
2025-01-28 15:00:00,2745.71,2749.54,2745.24,2748.71
2025-01-28 16:00:00,2748.9,2756.26,2748.72,2752.87
2025-01-28 17:00:00,2753.31,2757.23,2751.04,2755.44
2025-01-28 18:00:00,2755.44,2759.61,2755.19,2758.7
2025-01-28 19:00:00,2758.58,2759.99,2757.44,2759.69
2025-01-28 20:00:00,2759.87,2763.52,2759.05,2762.16
2025-01-28 21:00:00,2762.18,2765.05,2761.11,2764.92
2025-01-28 22:00:00,2764.9,2765.11,2762.34,2764.09
2025-01-28 23:00:00,2764.04,2764.04,2762.7,2763.17
2025-01-29 01:00:00,2763.23,2764.26,2762.31,2762.74
2025-01-29 02:00:00,2762.75,2764.88,2762.28,2763.92
2025-01-29 03:00:00,2763.96,2766.2,2763.54,2763.79
2025-01-29 04:00:00,2763.75,2765.68,2763.35,2764.19
2025-01-29 05:00:00,2764.21,2764.51,2762.3,2762.8
2025-01-29 06:00:00,2762.67,2764.31,2761.47,2762.47
2025-01-29 07:00:00,2762.45,2763.09,2760.03,2760.74
2025-01-29 08:00:00,2760.92,2762.08,2759.13,2759.17
2025-01-29 09:00:00,2759.08,2760.57,2757.37,2759.21
2025-01-29 10:00:00,2759.3,2766.01,2759.3,2763.94
2025-01-29 11:00:00,2763.83,2764.24,2760.27,2762.84
2025-01-29 12:00:00,2762.77,2763.37,2757.04,2758.18
2025-01-29 13:00:00,2758.26,2759.77,2757.46,2758.99
2025-01-29 14:00:00,2758.9,2759.0,2755.59,2756.59
2025-01-29 15:00:00,2756.6,2759.54,2752.23,2758.74
2025-01-29 16:00:00,2758.86,2761.07,2756.12,2759.37
2025-01-29 17:00:00,2759.55,2759.75,2748.52,2754.2
2025-01-29 18:00:00,2754.45,2756.25,2748.49,2751.54
2025-01-29 19:00:00,2751.65,2754.37,2750.96,2752.94
2025-01-29 20:00:00,2752.84,2753.89,2748.79,2751.14
2025-01-29 21:00:00,2751.36,2757.98,2744.76,2755.24
2025-01-29 22:00:00,2755.1,2759.04,2752.75,2755.01
2025-01-29 23:00:00,2754.97,2759.77,2754.02,2759.68
2025-01-30 01:00:00,2759.61,2760.7,2758.23,2760.29
2025-01-30 02:00:00,2760.31,2762.55,2758.98,2762.11
2025-01-30 03:00:00,2762.05,2762.05,2759.02,2760.13
2025-01-30 04:00:00,2760.06,2761.91,2759.18,2760.33
2025-01-30 05:00:00,2760.32,2762.41,2759.28,2761.76
2025-01-30 06:00:00,2761.66,2763.45,2759.87,2760.49
2025-01-30 07:00:00,2760.52,2761.17,2758.7,2760.58
2025-01-30 08:00:00,2760.58,2766.38,2760.25,2765.61
2025-01-30 09:00:00,2765.59,2769.58,2765.0,2769.14
2025-01-30 10:00:00,2769.28,2776.71,2768.58,2776.21
2025-01-30 11:00:00,2776.5,2776.62,2771.56,2774.36
2025-01-30 12:00:00,2774.24,2779.26,2773.94,2778.32
2025-01-30 13:00:00,2778.33,2779.44,2777.11,2777.68
2025-01-30 14:00:00,2777.65,2781.15,2776.21,2780.08
2025-01-30 15:00:00,2780.06,2786.01,2778.25,2785.66
2025-01-30 16:00:00,2785.82,2789.13,2780.15,2787.62
2025-01-30 17:00:00,2787.99,2796.69,2786.61,2795.41
2025-01-30 18:00:00,2795.16,2798.32,2790.29,2790.58
2025-01-30 19:00:00,2791.2,2795.9,2788.77,2795.61
2025-01-30 20:00:00,2795.62,2797.1,2792.07,2795.23
2025-01-30 21:00:00,2795.23,2795.36,2790.76,2793.4
2025-01-30 22:00:00,2793.38,2798.22,2792.3,2795.68
2025-01-30 23:00:00,2795.53,2798.49,2789.81,2794.06
2025-01-31 01:00:00,2795.08,2797.15,2791.77,2796.38
2025-01-31 02:00:00,2796.28,2799.65,2794.52,2795.74
2025-01-31 03:00:00,2795.79,2796.63,2794.58,2796.26
2025-01-31 04:00:00,2796.15,2798.3,2794.68,2796.17
2025-01-31 05:00:00,2796.21,2798.21,2795.84,2796.38
2025-01-31 06:00:00,2796.32,2796.49,2794.58,2795.92
2025-01-31 07:00:00,2795.7,2796.46,2793.98,2795.49
2025-01-31 08:00:00,2795.49,2796.3,2792.18,2792.94
2025-01-31 09:00:00,2792.59,2801.15,2792.27,2798.15
2025-01-31 10:00:00,2798.11,2799.3,2791.69,2793.33
2025-01-31 11:00:00,2793.19,2796.38,2792.74,2793.66
2025-01-31 12:00:00,2793.66,2795.22,2791.02,2794.27
2025-01-31 13:00:00,2794.28,2800.74,2792.44,2800.19
2025-01-31 14:00:00,2800.15,2807.73,2799.77,2805.74
2025-01-31 15:00:00,2805.83,2808.65,2803.59,2806.41
2025-01-31 16:00:00,2806.54,2812.52,2804.54,2812.38
2025-01-31 17:00:00,2812.34,2817.23,2808.26,2809.2
2025-01-31 18:00:00,2809.42,2810.34,2805.0,2807.27
2025-01-31 19:00:00,2807.28,2816.08,2802.93,2808.76
2025-01-31 20:00:00,2808.75,2808.91,2795.31,2798.91
2025-01-31 21:00:00,2799.01,2802.86,2795.54,2796.3
2025-01-31 22:00:00,2796.24,2802.1,2794.34,2800.88
2025-01-31 23:00:00,2801.15,2802.7,2798.1,2798.47
2025-02-03 01:00:00,2804.21,2805.79,2784.27,2793.06
2025-02-03 02:00:00,2792.49,2796.96,2790.35,2792.31
2025-02-03 03:00:00,2792.07,2792.21,2778.2,2782.27
2025-02-03 04:00:00,2782.26,2782.77,2773.8,2778.1
2025-02-03 05:00:00,2778.1,2778.26,2772.17,2774.41
2025-02-03 06:00:00,2774.34,2783.1,2774.09,2780.85
2025-02-03 07:00:00,2780.74,2785.14,2780.0,2783.1
2025-02-03 08:00:00,2783.1,2788.15,2782.89,2786.94
2025-02-03 09:00:00,2787.03,2790.02,2785.27,2789.37
2025-02-03 10:00:00,2789.31,2800.21,2787.12,2796.71
2025-02-03 11:00:00,2796.69,2800.8,2794.81,2796.31
2025-02-03 12:00:00,2796.21,2800.15,2793.01,2798.07
2025-02-03 13:00:00,2797.95,2804.31,2797.92,2801.24
2025-02-03 14:00:00,2801.41,2810.92,2800.39,2810.48
2025-02-03 15:00:00,2810.67,2811.9,2807.44,2811.01
2025-02-03 16:00:00,2811.02,2830.4,2810.05,2829.51
2025-02-03 17:00:00,2829.38,2830.09,2813.59,2817.48
2025-02-03 18:00:00,2817.36,2825.28,2813.0,2814.21
2025-02-03 19:00:00,2814.2,2822.22,2814.11,2817.37
2025-02-03 20:00:00,2817.06,2821.64,2816.03,2821.03
2025-02-03 21:00:00,2821.14,2822.9,2817.95,2818.32
2025-02-03 22:00:00,2818.21,2819.59,2815.57,2816.58
2025-02-03 23:00:00,2816.4,2817.48,2812.19,2814.75
2025-02-04 01:00:00,2814.62,2815.26,2810.32,2814.01
2025-02-04 02:00:00,2814.11,2817.57,2812.47,2817.2
2025-02-04 03:00:00,2817.27,2824.24,2815.91,2823.35
2025-02-04 04:00:00,2823.24,2824.72,2816.85,2821.14
2025-02-04 05:00:00,2821.14,2824.41,2817.45,2821.56
2025-02-04 06:00:00,2821.44,2821.53,2817.95,2819.34
2025-02-04 07:00:00,2819.44,2819.44,2813.37,2815.79
2025-02-04 08:00:00,2815.72,2816.16,2810.87,2813.63
2025-02-04 09:00:00,2813.42,2814.31,2807.19,2812.72
2025-02-04 10:00:00,2812.87,2819.28,2810.29,2815.16
2025-02-04 11:00:00,2815.15,2821.81,2814.13,2820.09
2025-02-04 12:00:00,2819.95,2819.98,2812.86,2814.98
2025-02-04 13:00:00,2814.82,2816.96,2813.36,2815.45
2025-02-04 14:00:00,2815.55,2823.04,2814.53,2821.81
2025-02-04 15:00:00,2821.94,2837.13,2821.44,2831.69
2025-02-04 16:00:00,2831.86,2841.38,2829.07,2839.62
2025-02-04 17:00:00,2840.83,2845.49,2833.77,2835.86
2025-02-04 18:00:00,2835.67,2842.42,2832.45,2840.46
2025-02-04 19:00:00,2840.45,2844.68,2839.45,2843.98
2025-02-04 20:00:00,2843.87,2845.0,2842.54,2842.65
2025-02-04 21:00:00,2842.64,2844.23,2842.03,2843.02
2025-02-04 22:00:00,2843.13,2844.94,2840.92,2844.13
2025-02-04 23:00:00,2844.22,2844.59,2840.71,2842.01
2025-02-05 01:00:00,2842.67,2842.74,2840.38,2841.22
2025-02-05 02:00:00,2841.26,2848.28,2840.71,2845.33
2025-02-05 03:00:00,2845.39,2849.01,2839.67,2844.46
2025-02-05 04:00:00,2844.46,2853.8,2844.01,2850.7
2025-02-05 05:00:00,2851.21,2854.3,2849.78,2852.43
2025-02-05 06:00:00,2852.37,2858.04,2851.84,2855.19
2025-02-05 07:00:00,2855.36,2860.62,2853.49,2859.33
2025-02-05 08:00:00,2859.35,2861.87,2856.92,2859.1
2025-02-05 09:00:00,2858.95,2864.25,2854.86,2864.21
2025-02-05 10:00:00,2864.15,2869.72,2863.58,2867.5
2025-02-05 11:00:00,2867.43,2872.17,2865.49,2870.34
2025-02-05 12:00:00,2870.52,2877.17,2866.23,2867.84
2025-02-05 13:00:00,2867.86,2870.49,2864.74,2868.33
2025-02-05 14:00:00,2868.54,2870.87,2866.94,2870.35
2025-02-05 15:00:00,2870.31,2870.71,2858.73,2861.63
2025-02-05 16:00:00,2861.82,2872.61,2860.68,2870.48
2025-02-05 17:00:00,2874.25,2882.49,2871.49,2880.22
2025-02-05 18:00:00,2880.25,2881.29,2863.06,2874.87
2025-02-05 19:00:00,2875.17,2876.74,2871.41,2872.95
2025-02-05 20:00:00,2872.97,2873.59,2863.68,2865.62
2025-02-05 21:00:00,2865.65,2869.0,2862.72,2863.57
2025-02-05 22:00:00,2863.57,2866.16,2859.97,2862.69
2025-02-05 23:00:00,2862.46,2867.18,2861.19,2867.02
2025-02-06 01:00:00,2864.94,2870.97,2861.79,2869.23
2025-02-06 02:00:00,2869.25,2869.99,2867.38,2869.79
2025-02-06 03:00:00,2869.82,2872.03,2863.75,2871.39
2025-02-06 04:00:00,2871.76,2873.28,2868.31,2870.71
2025-02-06 05:00:00,2870.59,2870.8,2864.37,2869.42
2025-02-06 06:00:00,2869.35,2872.25,2868.32,2868.5
2025-02-06 07:00:00,2868.56,2869.98,2865.42,2868.36
2025-02-06 08:00:00,2868.36,2871.39,2857.66,2859.06
2025-02-06 09:00:00,2859.0,2861.73,2855.05,2855.88
2025-02-06 10:00:00,2855.77,2858.56,2848.94,2856.07
2025-02-06 11:00:00,2856.14,2859.97,2855.79,2859.43
2025-02-06 12:00:00,2859.33,2861.79,2855.73,2859.17
2025-02-06 13:00:00,2858.64,2867.33,2858.3,2866.07
2025-02-06 14:00:00,2866.06,2870.3,2863.62,2864.42
2025-02-06 15:00:00,2864.47,2864.96,2855.56,2856.69
2025-02-06 16:00:00,2856.74,2859.8,2841.14,2841.91
2025-02-06 17:00:00,2841.99,2853.28,2834.1,2850.56
2025-02-06 18:00:00,2850.82,2854.71,2848.86,2848.86
2025-02-06 19:00:00,2848.77,2852.61,2848.06,2852.2
2025-02-06 20:00:00,2852.35,2853.6,2849.87,2852.57
2025-02-06 21:00:00,2852.54,2854.17,2850.37,2853.81
2025-02-06 22:00:00,2853.8,2857.27,2853.59,2856.42
2025-02-06 23:00:00,2856.49,2857.21,2854.94,2855.55
2025-02-07 01:00:00,2855.66,2858.93,2855.63,2858.05
2025-02-07 02:00:00,2858.05,2860.49,2858.03,2858.42
2025-02-07 03:00:00,2858.38,2868.24,2857.73,2866.27
2025-02-07 04:00:00,2866.17,2869.3,2865.51,2868.78
2025-02-07 05:00:00,2868.75,2870.63,2866.05,2867.12
2025-02-07 06:00:00,2867.19,2869.52,2866.17,2866.4
2025-02-07 07:00:00,2866.6,2867.03,2862.04,2862.05
2025-02-07 08:00:00,2861.92,2866.11,2859.02,2860.65
2025-02-07 09:00:00,2860.61,2865.75,2860.07,2864.24
2025-02-07 10:00:00,2864.25,2866.69,2863.3,2866.29
2025-02-07 11:00:00,2866.13,2870.65,2865.54,2868.97
2025-02-07 12:00:00,2868.98,2869.25,2863.47,2867.55
2025-02-07 13:00:00,2867.42,2868.22,2864.97,2867.63
2025-02-07 14:00:00,2867.74,2867.97,2863.49,2863.61
2025-02-07 15:00:00,2863.63,2870.69,2852.39,2862.41
2025-02-07 16:00:00,2862.52,2878.34,2856.18,2876.04
2025-02-07 17:00:00,2874.1,2886.68,2873.35,2880.37
2025-02-07 18:00:00,2880.48,2881.43,2860.46,2860.76
2025-02-07 19:00:00,2860.71,2862.66,2853.25,2860.23
2025-02-07 20:00:00,2860.17,2865.2,2859.81,2861.34
2025-02-07 21:00:00,2861.46,2863.38,2859.1,2859.73
2025-02-07 22:00:00,2859.67,2863.8,2859.4,2860.58
2025-02-07 23:00:00,2860.65,2863.38,2859.98,2861.3
2025-02-10 01:00:00,2857.21,2870.47,2854.81,2867.64
2025-02-10 02:00:00,2867.64,2869.2,2865.86,2868.02
2025-02-10 03:00:00,2868.03,2876.54,2866.03,2871.89
2025-02-10 04:00:00,2871.96,2875.0,2871.23,2873.8
2025-02-10 05:00:00,2873.76,2875.69,2871.28,2875.51
2025-02-10 06:00:00,2875.61,2879.66,2874.3,2879.12
2025-02-10 07:00:00,2879.41,2880.11,2876.03,2879.27
2025-02-10 08:00:00,2879.45,2892.12,2878.86,2888.23
2025-02-10 09:00:00,2888.18,2896.51,2886.62,2895.45
2025-02-10 10:00:00,2895.5,2898.79,2892.23,2896.68
2025-02-10 11:00:00,2896.79,2903.28,2896.23,2903.0
2025-02-10 12:00:00,2903.06,2906.26,2898.17,2902.44
2025-02-10 13:00:00,2902.41,2905.69,2898.31,2904.61
2025-02-10 14:00:00,2904.54,2907.0,2902.73,2902.88
2025-02-10 15:00:00,2902.65,2910.83,2899.79,2901.04
2025-02-10 16:00:00,2900.96,2909.25,2896.36,2908.71
2025-02-10 17:00:00,2908.72,2911.77,2904.53,2908.97
2025-02-10 18:00:00,2909.15,2910.35,2899.01,2900.99
2025-02-10 19:00:00,2901.0,2904.55,2896.59,2903.25
2025-02-10 20:00:00,2903.18,2907.01,2900.92,2905.07
2025-02-10 21:00:00,2905.08,2906.68,2902.51,2904.37
2025-02-10 22:00:00,2904.33,2907.75,2902.92,2907.49
2025-02-10 23:00:00,2907.31,2908.3,2905.33,2907.88
2025-02-11 01:00:00,2907.9,2921.67,2907.87,2917.83
2025-02-11 02:00:00,2917.96,2924.97,2916.42,2922.61
2025-02-11 03:00:00,2922.6,2935.94,2919.62,2933.95
2025-02-11 04:00:00,2933.96,2942.58,2906.31,2918.76
2025-02-11 05:00:00,2918.46,2925.71,2911.15,2919.61
2025-02-11 06:00:00,2919.61,2920.7,2914.64,2916.29
2025-02-11 07:00:00,2916.11,2923.66,2915.21,2922.9
2025-02-11 08:00:00,2922.61,2929.26,2915.34,2917.89
2025-02-11 09:00:00,2917.78,2918.32,2907.31,2913.44
2025-02-11 10:00:00,2913.05,2915.38,2907.02,2907.45
2025-02-11 11:00:00,2907.26,2912.2,2902.99,2903.3
2025-02-11 12:00:00,2903.01,2907.11,2901.82,2902.46
2025-02-11 13:00:00,2902.63,2906.69,2902.1,2903.98
2025-02-11 14:00:00,2903.98,2904.4,2886.89,2889.32
2025-02-11 15:00:00,2889.04,2898.04,2881.81,2896.36
2025-02-11 16:00:00,2896.47,2904.28,2894.88,2896.64
2025-02-11 17:00:00,2896.15,2906.52,2890.91,2904.74
2025-02-11 18:00:00,2904.98,2908.61,2902.33,2902.39
2025-02-11 19:00:00,2902.25,2907.26,2899.57,2905.6
2025-02-11 20:00:00,2905.63,2907.11,2903.29,2905.94
2025-02-11 21:00:00,2905.87,2906.48,2899.59,2899.99
2025-02-11 22:00:00,2899.97,2900.4,2894.06,2897.56
2025-02-11 23:00:00,2897.34,2899.75,2897.19,2897.53
2025-02-12 01:00:00,2898.02,2900.82,2896.75,2898.53
2025-02-12 02:00:00,2898.68,2898.73,2889.44,2892.25
2025-02-12 03:00:00,2892.39,2897.81,2883.77,2893.35
2025-02-12 04:00:00,2893.34,2897.75,2891.68,2892.38
2025-02-12 05:00:00,2892.32,2893.11,2886.84,2889.03
2025-02-12 06:00:00,2889.02,2890.51,2884.05,2885.17
2025-02-12 07:00:00,2885.36,2887.99,2883.66,2886.14
2025-02-12 08:00:00,2886.06,2894.75,2885.51,2892.31
2025-02-12 09:00:00,2892.29,2895.86,2890.81,2892.8
2025-02-12 10:00:00,2892.93,2894.16,2888.11,2891.64
2025-02-12 11:00:00,2891.65,2893.43,2886.51,2886.78
2025-02-12 12:00:00,2886.78,2889.9,2879.38,2882.69
2025-02-12 13:00:00,2882.59,2885.92,2879.48,2879.58
2025-02-12 14:00:00,2879.64,2885.84,2878.88,2885.03
2025-02-12 15:00:00,2885.17,2885.64,2863.54,2884.75
2025-02-12 16:00:00,2884.97,2898.0,2881.94,2894.37
2025-02-12 17:00:00,2894.31,2895.85,2886.91,2894.53
2025-02-12 18:00:00,2894.47,2904.42,2892.13,2902.6
2025-02-12 19:00:00,2902.63,2909.15,2901.9,2902.91
2025-02-12 20:00:00,2902.9,2903.74,2900.51,2901.03
2025-02-12 21:00:00,2901.16,2901.85,2893.53,2897.97
2025-02-12 22:00:00,2897.97,2901.48,2895.59,2901.0
2025-02-12 23:00:00,2900.75,2904.33,2899.95,2903.97
2025-02-13 01:00:00,2904.36,2906.42,2900.56,2905.78
2025-02-13 02:00:00,2905.79,2909.09,2904.52,2906.43
2025-02-13 03:00:00,2906.36,2907.34,2901.46,2906.06
2025-02-13 04:00:00,2906.05,2909.11,2905.27,2908.75
2025-02-13 05:00:00,2908.75,2918.07,2907.2,2916.48
2025-02-13 06:00:00,2916.44,2919.15,2916.17,2918.41
2025-02-13 07:00:00,2918.6,2922.71,2916.69,2917.98
2025-02-13 08:00:00,2917.97,2918.92,2912.56,2915.74
2025-02-13 09:00:00,2915.74,2920.38,2913.06,2914.41
2025-02-13 10:00:00,2914.52,2918.1,2909.56,2911.63
2025-02-13 11:00:00,2911.65,2918.26,2909.88,2915.37
2025-02-13 12:00:00,2915.1,2919.46,2913.83,2917.99
2025-02-13 13:00:00,2918.01,2918.28,2915.5,2917.89
2025-02-13 14:00:00,2917.96,2921.32,2915.64,2917.67
2025-02-13 15:00:00,2917.64,2917.88,2905.89,2908.54
2025-02-13 16:00:00,2908.56,2917.32,2906.63,2915.17
2025-02-13 17:00:00,2915.17,2920.95,2914.43,2920.23
2025-02-13 18:00:00,2920.22,2920.81,2912.93,2913.72
2025-02-13 19:00:00,2913.49,2919.25,2913.41,2919.06
2025-02-13 20:00:00,2918.94,2925.38,2914.22,2924.13
2025-02-13 21:00:00,2923.95,2927.37,2923.73,2926.88
2025-02-13 22:00:00,2926.84,2928.96,2924.88,2928.45
2025-02-13 23:00:00,2928.62,2929.5,2928.03,2928.34
2025-02-14 01:00:00,2927.64,2932.37,2925.9,2931.21
2025-02-14 02:00:00,2931.17,2931.53,2927.42,2927.9
2025-02-14 03:00:00,2927.89,2933.9,2927.89,2929.89
2025-02-14 04:00:00,2929.9,2930.47,2926.01,2927.26
2025-02-14 05:00:00,2927.16,2930.39,2923.05,2924.22
2025-02-14 06:00:00,2924.21,2929.35,2923.65,2928.64
2025-02-14 07:00:00,2928.78,2932.43,2926.74,2930.95
2025-02-14 08:00:00,2930.72,2936.84,2929.9,2934.37
2025-02-14 09:00:00,2933.97,2935.17,2930.55,2931.87
2025-02-14 10:00:00,2931.86,2938.46,2930.88,2935.12
2025-02-14 11:00:00,2935.01,2938.75,2934.1,2935.16
2025-02-14 12:00:00,2935.01,2940.06,2934.25,2935.83
2025-02-14 13:00:00,2935.85,2937.67,2929.27,2931.16
2025-02-14 14:00:00,2931.13,2933.05,2927.75,2930.78
2025-02-14 15:00:00,2930.97,2933.32,2917.38,2920.53
2025-02-14 16:00:00,2920.39,2928.52,2913.82,2921.02
2025-02-14 17:00:00,2920.58,2921.64,2892.95,2901.89
2025-02-14 18:00:00,2901.97,2903.85,2888.39,2895.79
2025-02-14 19:00:00,2896.01,2897.32,2885.37,2886.99
2025-02-14 20:00:00,2887.26,2887.94,2882.12,2883.71
2025-02-14 21:00:00,2883.74,2885.83,2878.68,2880.56
2025-02-14 22:00:00,2880.45,2886.26,2877.03,2885.48
2025-02-14 23:00:00,2885.32,2885.85,2882.24,2882.5
2025-02-17 01:00:00,2883.13,2893.89,2877.6,2879.36
2025-02-17 02:00:00,2879.46,2888.29,2879.32,2883.57
2025-02-17 03:00:00,2883.47,2896.37,2882.11,2895.27
2025-02-17 04:00:00,2895.34,2899.78,2893.78,2899.28
2025-02-17 05:00:00,2899.19,2904.32,2897.66,2903.26
2025-02-17 06:00:00,2903.07,2904.87,2898.45,2899.12
2025-02-17 07:00:00,2899.1,2905.24,2895.77,2895.95
2025-02-17 08:00:00,2895.91,2897.59,2888.15,2896.42
2025-02-17 09:00:00,2896.41,2903.6,2896.23,2902.58
2025-02-17 10:00:00,2902.6,2902.69,2895.18,2900.16
2025-02-17 11:00:00,2900.22,2906.4,2900.22,2902.62
2025-02-17 12:00:00,2902.56,2903.0,2895.52,2902.89
2025-02-17 13:00:00,2902.98,2903.92,2897.9,2900.91
2025-02-17 14:00:00,2901.06,2901.71,2895.43,2897.55
2025-02-17 15:00:00,2897.5,2899.08,2895.51,2896.74
2025-02-17 16:00:00,2896.74,2903.94,2896.44,2902.95
2025-02-17 17:00:00,2903.12,2904.07,2897.99,2899.23
2025-02-17 18:00:00,2899.3,2901.2,2896.45,2899.17
2025-02-17 19:00:00,2899.17,2899.67,2897.7,2898.46
2025-02-17 20:00:00,2898.31,2899.12,2897.07,2898.38
2025-02-17 21:00:00,2898.35,2899.47,2896.88,2899.45
2025-02-18 01:00:00,2898.61,2899.51,2896.83,2899.38
2025-02-18 02:00:00,2899.19,2900.39,2898.38,2899.37
2025-02-18 03:00:00,2899.3,2899.99,2891.98,2895.67
2025-02-18 04:00:00,2895.79,2905.0,2895.33,2903.03
2025-02-18 05:00:00,2902.86,2910.82,2902.68,2908.88
2025-02-18 06:00:00,2908.82,2911.0,2907.23,2910.65
2025-02-18 07:00:00,2910.91,2915.54,2909.62,2910.65
2025-02-18 08:00:00,2910.44,2914.3,2909.88,2913.67
2025-02-18 09:00:00,2913.45,2915.44,2908.52,2911.54
2025-02-18 10:00:00,2911.57,2913.27,2908.24,2912.38
2025-02-18 11:00:00,2912.4,2913.45,2910.07,2912.64
2025-02-18 12:00:00,2912.65,2913.43,2906.95,2911.24
2025-02-18 13:00:00,2911.36,2914.96,2909.64,2914.19
2025-02-18 14:00:00,2914.18,2918.82,2912.12,2918.14
2025-02-18 15:00:00,2918.15,2921.35,2913.42,2918.87
2025-02-18 16:00:00,2918.84,2928.73,2917.73,2927.95
2025-02-18 17:00:00,2927.91,2929.57,2923.68,2927.13
2025-02-18 18:00:00,2926.99,2933.75,2924.21,2932.79
2025-02-18 19:00:00,2932.74,2933.66,2929.64,2931.16
2025-02-18 20:00:00,2931.18,2933.77,2928.31,2933.31
2025-02-18 21:00:00,2933.35,2937.05,2931.98,2935.92
2025-02-18 22:00:00,2935.89,2936.81,2932.45,2933.53
2025-02-18 23:00:00,2933.35,2936.46,2933.06,2935.08
2025-02-19 01:00:00,2935.73,2935.73,2933.09,2934.06
2025-02-19 02:00:00,2934.06,2934.37,2928.51,2929.15
2025-02-19 03:00:00,2928.72,2939.53,2927.61,2938.28
2025-02-19 04:00:00,2938.25,2939.37,2924.16,2929.08
2025-02-19 05:00:00,2929.19,2930.49,2924.74,2928.88
2025-02-19 06:00:00,2928.81,2929.49,2926.48,2929.19
2025-02-19 07:00:00,2929.09,2934.32,2928.08,2932.76
2025-02-19 08:00:00,2932.6,2935.77,2930.62,2931.66
2025-02-19 09:00:00,2931.2,2935.84,2930.18,2934.25
2025-02-19 10:00:00,2934.23,2940.08,2933.84,2938.63
2025-02-19 11:00:00,2938.6,2946.52,2938.15,2945.55
2025-02-19 12:00:00,2945.55,2947.05,2942.69,2944.76
2025-02-19 13:00:00,2944.76,2946.0,2934.18,2934.95
2025-02-19 14:00:00,2933.85,2936.69,2931.06,2933.62
2025-02-19 15:00:00,2933.55,2941.64,2932.54,2936.31
2025-02-19 16:00:00,2936.33,2940.62,2930.28,2938.13
2025-02-19 17:00:00,2937.98,2939.24,2925.41,2925.41
2025-02-19 18:00:00,2925.58,2930.87,2923.01,2928.36
2025-02-19 19:00:00,2928.07,2929.78,2921.55,2923.77
2025-02-19 20:00:00,2923.77,2926.6,2918.61,2924.7
2025-02-19 21:00:00,2924.75,2932.35,2923.23,2931.85
2025-02-19 22:00:00,2931.81,2936.58,2931.26,2935.95
2025-02-19 23:00:00,2935.82,2937.48,2932.29,2932.99
2025-02-20 01:00:00,2933.46,2936.08,2933.33,2935.26
2025-02-20 02:00:00,2935.25,2941.22,2935.25,2940.84
2025-02-20 03:00:00,2940.87,2942.45,2934.61,2937.13
2025-02-20 04:00:00,2937.13,2941.53,2933.88,2940.78
2025-02-20 05:00:00,2940.82,2944.05,2940.49,2941.91
2025-02-20 06:00:00,2941.91,2942.56,2939.22,2939.91
2025-02-20 07:00:00,2940.22,2946.84,2939.36,2946.81
2025-02-20 08:00:00,2946.81,2948.89,2943.95,2947.75
2025-02-20 09:00:00,2947.72,2954.18,2946.35,2948.95
2025-02-20 10:00:00,2949.0,2954.83,2948.92,2954.62
2025-02-20 11:00:00,2954.62,2954.91,2949.9,2951.61
2025-02-20 12:00:00,2951.52,2954.82,2949.1,2952.36
2025-02-20 13:00:00,2952.36,2952.9,2947.22,2948.76
2025-02-20 14:00:00,2948.73,2950.8,2939.02,2945.41
2025-02-20 15:00:00,2945.3,2947.52,2933.8,2934.01
2025-02-20 16:00:00,2933.38,2939.91,2924.26,2935.15
2025-02-20 17:00:00,2935.11,2939.55,2931.56,2938.54
2025-02-20 18:00:00,2938.63,2945.67,2936.01,2943.1
2025-02-20 19:00:00,2942.93,2946.99,2940.22,2940.57
2025-02-20 20:00:00,2940.46,2942.48,2937.49,2941.73
2025-02-20 21:00:00,2941.86,2941.86,2933.64,2937.9
2025-02-20 22:00:00,2938.06,2938.8,2935.62,2937.79
2025-02-20 23:00:00,2937.79,2940.37,2937.58,2939.06
2025-02-21 01:00:00,2938.84,2943.3,2938.2,2941.32
2025-02-21 02:00:00,2941.39,2942.73,2937.01,2939.99
2025-02-21 03:00:00,2939.99,2949.59,2926.84,2928.69
2025-02-21 04:00:00,2928.65,2941.0,2926.2,2939.02
2025-02-21 05:00:00,2939.03,2939.73,2927.07,2931.19
2025-02-21 06:00:00,2931.2,2932.23,2926.55,2928.38
2025-02-21 07:00:00,2928.3,2933.9,2924.22,2930.21
2025-02-21 08:00:00,2930.05,2931.45,2925.49,2929.77
2025-02-21 09:00:00,2929.72,2933.03,2929.01,2930.09
2025-02-21 10:00:00,2929.92,2931.3,2916.74,2923.29
2025-02-21 11:00:00,2923.23,2929.63,2923.07,2929.25
2025-02-21 12:00:00,2929.36,2931.02,2928.88,2930.5
2025-02-21 13:00:00,2930.54,2936.06,2928.03,2928.37
2025-02-21 14:00:00,2928.31,2935.16,2927.49,2930.05
2025-02-21 15:00:00,2930.04,2934.56,2926.85,2930.88
2025-02-21 16:00:00,2930.86,2938.81,2928.11,2933.53
2025-02-21 17:00:00,2933.44,2935.66,2921.58,2928.68
2025-02-21 18:00:00,2928.67,2938.41,2927.28,2936.68
2025-02-21 19:00:00,2936.7,2941.57,2936.07,2939.73
2025-02-21 20:00:00,2939.68,2942.72,2937.67,2941.79
2025-02-21 21:00:00,2941.8,2942.55,2932.87,2933.33
2025-02-21 22:00:00,2933.32,2937.14,2932.38,2934.67
2025-02-21 23:00:00,2934.66,2937.94,2932.04,2935.28
2025-02-24 01:00:00,2934.98,2940.35,2933.82,2936.81
2025-02-24 02:00:00,2936.72,2937.9,2929.48,2930.1
2025-02-24 03:00:00,2930.11,2931.32,2921.28,2927.97
2025-02-24 04:00:00,2927.93,2940.92,2924.96,2940.81
2025-02-24 05:00:00,2940.8,2944.68,2939.6,2941.03
2025-02-24 06:00:00,2941.04,2942.91,2937.55,2940.62
2025-02-24 07:00:00,2940.63,2941.86,2935.5,2936.28
2025-02-24 08:00:00,2936.29,2941.87,2935.24,2938.54
2025-02-24 09:00:00,2938.54,2944.87,2938.23,2943.75
2025-02-24 10:00:00,2943.76,2948.68,2938.14,2946.28
2025-02-24 11:00:00,2946.26,2948.16,2942.81,2944.17
2025-02-24 12:00:00,2944.16,2944.66,2934.88,2938.29
2025-02-24 13:00:00,2938.3,2948.16,2937.63,2947.68
2025-02-24 14:00:00,2947.66,2951.04,2945.34,2946.47
2025-02-24 15:00:00,2946.46,2954.5,2946.22,2954.38
2025-02-24 16:00:00,2954.37,2956.08,2934.61,2938.72
2025-02-24 17:00:00,2938.71,2940.44,2930.66,2936.43
2025-02-24 18:00:00,2936.42,2943.55,2936.42,2943.32
2025-02-24 19:00:00,2943.33,2944.74,2940.96,2943.28
2025-02-24 20:00:00,2943.29,2947.92,2942.72,2947.12
2025-02-24 21:00:00,2947.13,2949.82,2946.78,2949.12
2025-02-24 22:00:00,2949.11,2951.46,2946.96,2950.52
2025-02-24 23:00:00,2950.51,2952.98,2950.22,2952.63
2025-02-25 01:00:00,2952.1,2953.38,2948.11,2949.92
2025-02-25 02:00:00,2949.99,2952.5,2948.22,2949.6
2025-02-25 03:00:00,2949.61,2952.37,2945.22,2949.53
2025-02-25 04:00:00,2949.54,2952.27,2946.99,2948.56
2025-02-25 05:00:00,2948.55,2949.42,2937.45,2939.49
2025-02-25 06:00:00,2939.5,2939.76,2934.96,2936.76
2025-02-25 07:00:00,2936.75,2940.94,2936.57,2937.96
2025-02-25 08:00:00,2937.95,2938.37,2933.46,2935.77
2025-02-25 09:00:00,2935.75,2940.34,2930.64,2931.55
2025-02-25 10:00:00,2931.61,2942.37,2929.45,2941.54
2025-02-25 11:00:00,2941.53,2942.32,2937.42,2938.9
2025-02-25 12:00:00,2938.91,2941.47,2937.37,2937.48
2025-02-25 13:00:00,2937.5,2940.48,2937.04,2938.59
2025-02-25 14:00:00,2938.6,2941.22,2923.99,2928.56
2025-02-25 15:00:00,2928.58,2937.89,2926.14,2937.4
2025-02-25 16:00:00,2937.33,2944.84,2931.96,2932.57
2025-02-25 17:00:00,2932.57,2934.84,2900.47,2905.79
2025-02-25 18:00:00,2905.76,2906.83,2888.21,2896.3
2025-02-25 19:00:00,2896.29,2908.8,2893.59,2907.53
2025-02-25 20:00:00,2907.51,2912.18,2905.34,2909.46
2025-02-25 21:00:00,2909.44,2913.83,2905.68,2912.02
2025-02-25 22:00:00,2912.01,2913.32,2910.79,2912.68
2025-02-25 23:00:00,2912.68,2917.24,2912.61,2914.47
2025-02-26 01:00:00,2913.8,2918.91,2913.31,2918.56
2025-02-26 02:00:00,2918.52,2926.01,2918.52,2923.46
2025-02-26 03:00:00,2923.47,2930.1,2915.17,2917.75
2025-02-26 04:00:00,2917.76,2923.06,2914.62,2920.96
2025-02-26 05:00:00,2920.98,2921.58,2916.37,2917.13
2025-02-26 06:00:00,2917.09,2918.85,2912.65,2914.95
2025-02-26 07:00:00,2914.94,2921.02,2914.72,2915.32
2025-02-26 08:00:00,2915.32,2916.11,2906.61,2906.66
2025-02-26 09:00:00,2906.63,2917.39,2905.7,2915.38
2025-02-26 10:00:00,2915.37,2918.34,2909.47,2917.91
2025-02-26 11:00:00,2917.92,2918.92,2912.18,2913.14
2025-02-26 12:00:00,2913.15,2916.8,2910.92,2912.63
2025-02-26 13:00:00,2912.64,2915.31,2911.99,2913.76
2025-02-26 14:00:00,2913.72,2915.39,2909.99,2913.8
2025-02-26 15:00:00,2913.79,2915.01,2905.42,2905.82
2025-02-26 16:00:00,2905.81,2906.12,2890.68,2901.06
2025-02-26 17:00:00,2901.04,2914.24,2898.47,2913.04
2025-02-26 18:00:00,2913.03,2916.61,2909.85,2913.0
2025-02-26 19:00:00,2912.99,2916.22,2910.29,2913.71
2025-02-26 20:00:00,2913.7,2916.11,2912.29,2914.84
2025-02-26 21:00:00,2914.85,2916.29,2913.27,2913.84
2025-02-26 22:00:00,2913.82,2916.66,2911.97,2916.24
2025-02-26 23:00:00,2916.22,2918.63,2915.63,2915.63
2025-02-27 01:00:00,2916.26,2920.71,2915.21,2919.15
2025-02-27 02:00:00,2919.12,2919.12,2915.84,2917.05
2025-02-27 03:00:00,2917.04,2918.25,2910.96,2912.57
2025-02-27 04:00:00,2912.58,2914.76,2904.26,2906.7
2025-02-27 05:00:00,2906.69,2909.02,2905.16,2905.62
2025-02-27 06:00:00,2905.64,2906.43,2896.21,2897.27
2025-02-27 07:00:00,2897.29,2898.41,2888.6,2890.88
2025-02-27 08:00:00,2890.87,2898.37,2890.55,2894.14
2025-02-27 09:00:00,2894.12,2896.67,2887.93,2891.9
2025-02-27 10:00:00,2891.89,2892.13,2880.57,2881.32
2025-02-27 11:00:00,2881.31,2893.42,2876.9,2887.31
2025-02-27 12:00:00,2887.28,2894.91,2886.52,2892.13
2025-02-27 13:00:00,2892.14,2894.81,2883.4,2883.93
2025-02-27 14:00:00,2883.94,2888.7,2883.09,2884.97
2025-02-27 15:00:00,2884.96,2892.09,2880.86,2888.89
2025-02-27 16:00:00,2888.88,2892.33,2867.66,2872.14
2025-02-27 17:00:00,2872.15,2882.43,2870.36,2872.23
2025-02-27 18:00:00,2872.25,2878.1,2871.78,2877.4
2025-02-27 19:00:00,2877.41,2883.7,2876.08,2883.12
2025-02-27 20:00:00,2883.14,2887.16,2882.75,2887.14
2025-02-27 21:00:00,2887.16,2887.45,2877.21,2879.1
2025-02-27 22:00:00,2879.11,2879.28,2872.73,2873.87
2025-02-27 23:00:00,2873.88,2877.87,2871.26,2876.85
2025-02-28 01:00:00,2876.14,2878.31,2874.64,2875.92
2025-02-28 02:00:00,2875.9,2880.22,2874.91,2876.97
2025-02-28 03:00:00,2876.96,2885.03,2873.81,2874.74
2025-02-28 04:00:00,2874.73,2877.81,2870.32,2873.28
2025-02-28 05:00:00,2873.27,2876.22,2863.59,2865.68
2025-02-28 06:00:00,2865.67,2865.99,2856.92,2863.41
2025-02-28 07:00:00,2863.39,2866.96,2861.74,2864.07
2025-02-28 08:00:00,2864.08,2866.58,2861.89,2863.51
2025-02-28 09:00:00,2863.5,2865.11,2857.23,2858.62
2025-02-28 10:00:00,2858.61,2860.26,2850.97,2855.9
2025-02-28 11:00:00,2855.89,2864.21,2855.7,2862.34
2025-02-28 12:00:00,2862.33,2864.83,2860.63,2862.71
2025-02-28 13:00:00,2862.7,2863.64,2859.04,2862.12
2025-02-28 14:00:00,2862.13,2864.9,2854.29,2856.23
2025-02-28 15:00:00,2856.25,2862.21,2848.25,2848.51
2025-02-28 16:00:00,2848.53,2851.63,2833.34,2833.81
2025-02-28 17:00:00,2833.81,2850.65,2832.59,2850.15
2025-02-28 18:00:00,2850.14,2853.86,2846.25,2848.59
2025-02-28 19:00:00,2848.6,2851.47,2844.47,2844.82
2025-02-28 20:00:00,2844.8,2847.66,2837.98,2845.21
2025-02-28 21:00:00,2845.22,2850.82,2844.06,2849.51
2025-02-28 22:00:00,2849.52,2854.99,2847.7,2854.64
2025-02-28 23:00:00,2854.63,2859.78,2853.23,2857.19
2025-03-03 01:00:00,2856.73,2876.72,2855.28,2870.77
2025-03-03 02:00:00,2870.81,2871.15,2865.16,2865.72
2025-03-03 03:00:00,2865.73,2871.88,2864.07,2870.81
2025-03-03 04:00:00,2870.8,2871.94,2867.69,2868.18
2025-03-03 05:00:00,2868.17,2868.17,2859.21,2864.75
2025-03-03 06:00:00,2864.75,2868.41,2863.03,2867.33
2025-03-03 07:00:00,2867.32,2867.33,2861.3,2863.79
2025-03-03 08:00:00,2863.78,2866.01,2861.71,2865.48
2025-03-03 09:00:00,2865.57,2866.27,2860.05,2863.2
2025-03-03 10:00:00,2863.21,2868.72,2858.82,2868.49
2025-03-03 11:00:00,2868.5,2871.47,2864.21,2867.37
2025-03-03 12:00:00,2867.36,2873.51,2867.15,2871.83
2025-03-03 13:00:00,2871.84,2875.34,2871.19,2874.29
2025-03-03 14:00:00,2874.28,2877.57,2873.92,2875.57
2025-03-03 15:00:00,2875.53,2876.19,2868.79,2872.55
2025-03-03 16:00:00,2872.56,2882.99,2871.2,2876.86
2025-03-03 17:00:00,2876.84,2890.46,2873.53,2887.77
2025-03-03 18:00:00,2887.78,2893.05,2886.01,2891.36
2025-03-03 19:00:00,2891.38,2892.86,2887.27,2890.77
2025-03-03 20:00:00,2890.78,2892.38,2886.6,2889.89
2025-03-03 21:00:00,2889.88,2891.25,2879.66,2881.48
2025-03-03 22:00:00,2881.49,2891.42,2878.3,2890.44
2025-03-03 23:00:00,2890.47,2895.17,2890.1,2892.04
2025-03-04 01:00:00,2891.94,2893.28,2890.5,2890.82
2025-03-04 02:00:00,2890.75,2893.73,2889.97,2891.73
2025-03-04 03:00:00,2891.75,2892.99,2881.88,2888.25
2025-03-04 04:00:00,2888.26,2889.3,2884.7,2885.44
2025-03-04 05:00:00,2885.42,2892.89,2884.91,2888.6
2025-03-04 06:00:00,2888.59,2892.66,2886.73,2891.26
2025-03-04 07:00:00,2891.25,2894.37,2888.41,2889.62
2025-03-04 08:00:00,2889.62,2889.86,2884.27,2887.24
2025-03-04 09:00:00,2887.26,2901.13,2886.93,2899.9
2025-03-04 10:00:00,2899.89,2918.66,2896.69,2913.96
2025-03-04 11:00:00,2913.96,2921.26,2912.49,2918.05
2025-03-04 12:00:00,2918.05,2918.1,2912.06,2914.62
2025-03-04 13:00:00,2914.6,2921.7,2912.94,2919.92
2025-03-04 14:00:00,2919.93,2925.43,2918.64,2924.76
2025-03-04 15:00:00,2924.78,2927.72,2919.79,2922.5
2025-03-04 16:00:00,2922.49,2922.98,2903.27,2903.45
2025-03-04 17:00:00,2903.44,2912.21,2900.23,2905.97
2025-03-04 18:00:00,2905.9,2915.9,2903.72,2915.06
2025-03-04 19:00:00,2915.1,2916.32,2911.02,2911.54
2025-03-04 20:00:00,2911.55,2915.14,2908.21,2911.14
2025-03-04 21:00:00,2911.13,2916.44,2911.08,2916.06
2025-03-04 22:00:00,2916.08,2920.48,2914.29,2917.16
2025-03-04 23:00:00,2917.17,2918.39,2913.2,2917.46
2025-03-05 01:00:00,2917.46,2918.16,2914.09,2914.24
2025-03-05 02:00:00,2914.24,2916.91,2912.15,2914.01
2025-03-05 03:00:00,2914.03,2914.99,2903.42,2906.96
2025-03-05 04:00:00,2906.95,2914.52,2902.02,2904.24
2025-03-05 05:00:00,2904.24,2913.4,2903.3,2908.69
2025-03-05 06:00:00,2908.7,2912.58,2908.48,2910.43
2025-03-05 07:00:00,2910.45,2918.73,2909.92,2918.64
2025-03-05 08:00:00,2918.62,2921.6,2913.48,2916.91
2025-03-05 09:00:00,2916.92,2919.79,2913.01,2917.93
2025-03-05 10:00:00,2917.92,2921.84,2916.67,2919.88
2025-03-05 11:00:00,2919.89,2922.46,2913.21,2918.8
2025-03-05 12:00:00,2918.79,2919.11,2908.96,2913.28
2025-03-05 13:00:00,2913.29,2917.16,2911.97,2913.12
2025-03-05 14:00:00,2913.12,2919.15,2912.25,2916.04
2025-03-05 15:00:00,2916.05,2916.36,2894.22,2899.87
2025-03-05 16:00:00,2899.88,2917.1,2897.61,2911.72
2025-03-05 17:00:00,2911.63,2923.69,2907.65,2917.12
2025-03-05 18:00:00,2917.09,2929.9,2915.17,2923.73
2025-03-05 19:00:00,2923.74,2925.24,2913.65,2915.89
2025-03-05 20:00:00,2915.93,2920.63,2911.16,2917.38
2025-03-05 21:00:00,2917.4,2921.32,2916.24,2920.49
2025-03-05 22:00:00,2920.51,2922.98,2919.56,2922.04
2025-03-05 23:00:00,2922.05,2922.31,2917.59,2918.42
2025-03-06 01:00:00,2919.07,2919.49,2916.58,2918.22
2025-03-06 02:00:00,2918.26,2920.24,2916.5,2916.69
2025-03-06 03:00:00,2916.69,2925.57,2915.87,2924.58
2025-03-06 04:00:00,2924.59,2926.48,2922.86,2925.54
2025-03-06 05:00:00,2925.53,2925.54,2920.11,2921.18
2025-03-06 06:00:00,2921.17,2921.49,2916.3,2917.34
2025-03-06 07:00:00,2917.32,2920.62,2914.51,2919.75
2025-03-06 08:00:00,2919.76,2922.99,2919.76,2920.53
2025-03-06 09:00:00,2920.54,2922.49,2909.74,2910.06
2025-03-06 10:00:00,2910.05,2911.38,2901.02,2904.71
2025-03-06 11:00:00,2904.72,2905.26,2891.24,2894.18
2025-03-06 12:00:00,2894.19,2905.12,2891.92,2899.18
2025-03-06 13:00:00,2899.17,2907.56,2898.56,2905.74
2025-03-06 14:00:00,2905.75,2907.1,2899.19,2903.1
2025-03-06 15:00:00,2903.11,2909.31,2900.71,2904.36
2025-03-06 16:00:00,2904.35,2916.55,2903.29,2915.07
2025-03-06 17:00:00,2915.06,2922.67,2909.0,2914.43
2025-03-06 18:00:00,2914.5,2918.4,2912.5,2917.1
2025-03-06 19:00:00,2917.09,2921.34,2914.31,2915.43
2025-03-06 20:00:00,2915.44,2920.5,2913.75,2916.18
2025-03-06 21:00:00,2916.19,2917.66,2912.28,2913.96
2025-03-06 22:00:00,2913.95,2916.48,2908.32,2908.7
2025-03-06 23:00:00,2908.71,2911.72,2908.36,2910.9
2025-03-07 01:00:00,2911.33,2913.52,2909.88,2910.26
2025-03-07 02:00:00,2910.22,2910.25,2896.09,2904.72
2025-03-07 03:00:00,2904.71,2910.13,2901.46,2906.71
2025-03-07 04:00:00,2906.72,2909.16,2901.13,2908.07
2025-03-07 05:00:00,2908.07,2908.93,2903.87,2905.27
2025-03-07 06:00:00,2905.26,2908.25,2904.68,2906.56
2025-03-07 07:00:00,2906.57,2912.51,2906.36,2909.46
2025-03-07 08:00:00,2909.44,2914.78,2907.7,2913.42
2025-03-07 09:00:00,2913.42,2917.19,2911.6,2917.05
2025-03-07 10:00:00,2917.04,2922.9,2915.13,2922.38
2025-03-07 11:00:00,2922.36,2922.93,2920.14,2921.57
2025-03-07 12:00:00,2921.55,2921.77,2917.02,2917.89
2025-03-07 13:00:00,2917.9,2922.01,2916.66,2918.71
2025-03-07 14:00:00,2918.73,2922.72,2917.98,2918.67
2025-03-07 15:00:00,2918.66,2926.37,2910.22,2913.73
2025-03-07 16:00:00,2913.71,2928.68,2903.42,2926.72
2025-03-07 17:00:00,2926.71,2930.28,2908.49,2915.71
2025-03-07 18:00:00,2915.7,2919.38,2911.6,2913.94
2025-03-07 19:00:00,2913.95,2916.11,2905.03,2908.15
2025-03-07 20:00:00,2908.16,2908.7,2901.93,2906.44
2025-03-07 21:00:00,2906.43,2909.45,2904.47,2905.15
2025-03-07 22:00:00,2905.16,2911.12,2904.69,2909.57
2025-03-07 23:00:00,2909.58,2912.27,2908.24,2909.15
2025-03-10 00:00:00,2911.49,2915.1,2909.56,2911.91
2025-03-10 01:00:00,2911.89,2916.89,2911.32,2916.18
2025-03-10 02:00:00,2916.18,2917.91,2912.96,2913.77
2025-03-10 03:00:00,2913.79,2918.19,2911.25,2912.03
2025-03-10 04:00:00,2912.07,2914.47,2909.46,2911.47
2025-03-10 05:00:00,2911.46,2913.59,2908.14,2910.88
2025-03-10 06:00:00,2910.87,2912.58,2910.19,2910.92
2025-03-10 07:00:00,2910.92,2911.9,2906.9,2909.85
2025-03-10 08:00:00,2909.86,2914.57,2909.25,2914.33
2025-03-10 09:00:00,2914.33,2915.34,2904.26,2908.36
2025-03-10 10:00:00,2908.35,2910.59,2897.51,2897.75
2025-03-10 11:00:00,2897.74,2915.29,2896.69,2911.15
2025-03-10 12:00:00,2911.14,2911.29,2898.27,2902.95
2025-03-10 13:00:00,2902.97,2904.64,2895.6,2904.0
2025-03-10 14:00:00,2903.99,2907.61,2900.32,2906.62
2025-03-10 15:00:00,2906.6,2908.54,2897.59,2903.65
2025-03-10 16:00:00,2903.64,2909.11,2900.87,2907.95
2025-03-10 17:00:00,2907.96,2910.48,2900.52,2904.43
2025-03-10 18:00:00,2904.44,2906.8,2895.83,2895.88
2025-03-10 19:00:00,2895.87,2896.07,2882.73,2885.97
2025-03-10 20:00:00,2885.98,2889.45,2880.2,2885.48
2025-03-10 21:00:00,2885.47,2890.93,2880.2,2885.36
2025-03-10 22:00:00,2885.38,2889.44,2884.17,2888.32
2025-03-11 00:00:00,2888.52,2890.11,2883.98,2884.66
2025-03-11 01:00:00,2884.69,2885.79,2882.24,2884.55
2025-03-11 02:00:00,2884.56,2888.6,2884.15,2887.25
2025-03-11 03:00:00,2887.28,2890.88,2880.24,2890.57
2025-03-11 04:00:00,2890.55,2900.41,2889.88,2899.0
2025-03-11 05:00:00,2898.99,2899.3,2895.1,2896.88
2025-03-11 06:00:00,2896.88,2898.57,2895.45,2897.66
2025-03-11 07:00:00,2897.65,2898.99,2892.67,2895.8
2025-03-11 08:00:00,2895.81,2902.72,2893.43,2902.31
2025-03-11 09:00:00,2902.3,2903.47,2897.53,2900.96
2025-03-11 10:00:00,2900.98,2910.3,2900.36,2909.91
2025-03-11 11:00:00,2909.92,2912.36,2908.7,2911.63
2025-03-11 12:00:00,2911.64,2914.42,2910.83,2911.9
2025-03-11 13:00:00,2911.89,2915.41,2910.6,2913.52
2025-03-11 14:00:00,2913.53,2915.92,2910.41,2913.02
2025-03-11 15:00:00,2913.01,2922.2,2906.86,2917.59
2025-03-11 16:00:00,2917.62,2920.86,2911.78,2914.0
2025-03-11 17:00:00,2913.98,2919.81,2913.89,2916.82
2025-03-11 18:00:00,2916.77,2918.05,2915.08,2916.98
2025-03-11 19:00:00,2917.02,2920.45,2913.99,2917.7
2025-03-11 20:00:00,2917.69,2919.52,2915.15,2918.23
2025-03-11 21:00:00,2918.22,2921.31,2917.42,2918.29
2025-03-11 22:00:00,2918.3,2918.97,2914.97,2915.05
2025-03-12 00:00:00,2914.34,2918.0,2914.34,2917.51
2025-03-12 01:00:00,2917.51,2919.65,2915.37,2915.43
2025-03-12 02:00:00,2915.44,2915.52,2912.09,2914.16
2025-03-12 03:00:00,2914.15,2917.23,2910.81,2914.85
2025-03-12 04:00:00,2914.84,2918.18,2913.91,2916.29
2025-03-12 05:00:00,2916.28,2919.85,2914.83,2914.91
2025-03-12 06:00:00,2914.9,2916.02,2912.52,2914.94
2025-03-12 07:00:00,2914.95,2916.49,2912.03,2915.97
2025-03-12 08:00:00,2915.99,2921.11,2911.32,2911.81
2025-03-12 09:00:00,2911.81,2915.6,2908.92,2914.42
2025-03-12 10:00:00,2914.41,2922.11,2913.9,2922.07
2025-03-12 11:00:00,2922.08,2925.31,2913.67,2914.73
2025-03-12 12:00:00,2914.72,2916.94,2912.73,2914.26
2025-03-12 13:00:00,2914.25,2916.59,2912.6,2915.24
2025-03-12 14:00:00,2915.23,2922.87,2912.07,2917.48
2025-03-12 15:00:00,2917.48,2918.74,2905.92,2915.56
2025-03-12 16:00:00,2915.55,2922.44,2914.26,2921.82
2025-03-12 17:00:00,2921.83,2929.32,2921.36,2928.31
2025-03-12 18:00:00,2928.32,2939.08,2927.85,2936.18
2025-03-12 19:00:00,2936.17,2940.46,2935.8,2936.04
2025-03-12 20:00:00,2936.05,2937.39,2933.74,2935.19
2025-03-12 21:00:00,2935.18,2935.64,2930.89,2931.28
2025-03-12 22:00:00,2931.23,2934.1,2930.7,2933.24
2025-03-13 00:00:00,2933.3,2938.83,2933.15,2938.11
2025-03-13 01:00:00,2938.1,2939.36,2934.62,2938.04
2025-03-13 02:00:00,2938.02,2939.24,2937.52,2938.57
2025-03-13 03:00:00,2938.56,2941.48,2936.41,2937.81
2025-03-13 04:00:00,2937.8,2945.94,2937.44,2944.21
2025-03-13 05:00:00,2944.2,2947.19,2942.95,2945.58
2025-03-13 06:00:00,2945.51,2946.09,2943.44,2944.62
2025-03-13 07:00:00,2944.64,2945.07,2938.14,2940.01
2025-03-13 08:00:00,2940.02,2940.26,2935.4,2936.84
2025-03-13 09:00:00,2936.85,2938.02,2932.9,2935.16
2025-03-13 10:00:00,2935.18,2944.88,2934.76,2941.49
2025-03-13 11:00:00,2941.5,2948.78,2940.99,2947.72
2025-03-13 12:00:00,2947.71,2948.49,2942.06,2943.99
2025-03-13 13:00:00,2943.98,2948.5,2943.98,2946.24
2025-03-13 14:00:00,2946.25,2949.13,2940.87,2942.31
2025-03-13 15:00:00,2942.29,2952.34,2939.01,2950.31
2025-03-13 16:00:00,2950.32,2971.07,2949.71,2969.85
2025-03-13 17:00:00,2969.87,2978.35,2966.37,2977.74
2025-03-13 18:00:00,2977.75,2985.19,2976.55,2980.05
2025-03-13 19:00:00,2980.09,2982.19,2976.35,2979.46
2025-03-13 20:00:00,2979.44,2984.33,2979.06,2983.25
2025-03-13 21:00:00,2983.28,2985.4,2980.54,2982.86
2025-03-13 22:00:00,2982.88,2989.46,2981.13,2988.21
2025-03-14 00:00:00,2989.41,2989.72,2982.99,2987.21
2025-03-14 01:00:00,2987.22,2989.22,2985.31,2986.41
2025-03-14 02:00:00,2986.4,2988.66,2984.67,2986.64
2025-03-14 03:00:00,2986.62,2990.07,2981.7,2987.83
2025-03-14 04:00:00,2987.81,2988.45,2983.79,2984.06
2025-03-14 05:00:00,2984.08,2992.89,2983.83,2992.54
2025-03-14 06:00:00,2992.53,2993.87,2984.32,2985.35
2025-03-14 07:00:00,2985.44,2986.53,2981.8,2986.26
2025-03-14 08:00:00,2986.25,2987.65,2981.14,2985.66
2025-03-14 09:00:00,2985.65,2987.0,2980.79,2986.84
2025-03-14 10:00:00,2986.85,2993.21,2985.15,2992.86
2025-03-14 11:00:00,2992.87,2999.4,2992.56,2998.75
2025-03-14 12:00:00,2998.75,3004.8,2986.2,2993.18
2025-03-14 13:00:00,2993.19,2999.09,2993.18,2993.43
2025-03-14 14:00:00,2993.53,2999.59,2993.29,2993.74
2025-03-14 15:00:00,2993.75,2996.02,2983.23,2985.38
2025-03-14 16:00:00,2985.34,2993.26,2981.95,2985.35
2025-03-14 17:00:00,2985.32,2986.36,2978.37,2984.49
2025-03-14 18:00:00,2984.5,2989.91,2982.91,2989.71
2025-03-14 19:00:00,2989.72,2990.35,2986.33,2986.52
2025-03-14 20:00:00,2986.53,2986.96,2983.17,2983.37
2025-03-14 21:00:00,2983.38,2986.02,2982.18,2983.94
2025-03-14 22:00:00,2983.93,2988.54,2981.72,2984.13
2025-03-17 00:00:00,2984.45,2990.58,2983.05,2989.01
2025-03-17 01:00:00,2989.02,2994.01,2988.23,2989.96
2025-03-17 02:00:00,2989.98,2991.01,2986.3,2990.82
2025-03-17 03:00:00,2990.82,2992.97,2988.58,2990.76
2025-03-17 04:00:00,2990.76,2991.88,2986.96,2988.09
2025-03-17 05:00:00,2988.1,2988.61,2985.21,2986.87
2025-03-17 06:00:00,2986.88,2987.81,2982.36,2982.52
2025-03-17 07:00:00,2982.53,2986.1,2982.14,2986.0
2025-03-17 08:00:00,2986.01,2990.68,2985.31,2989.8
2025-03-17 09:00:00,2989.8,2989.91,2983.99,2985.43
2025-03-17 10:00:00,2985.43,2988.38,2983.0,2988.36
2025-03-17 11:00:00,2988.38,2996.8,2987.56,2995.61
2025-03-17 12:00:00,2995.61,2999.4,2994.7,2998.92
2025-03-17 13:00:00,2998.91,3001.16,2996.47,2997.4
2025-03-17 14:00:00,2997.41,2997.81,2984.69,2987.1
2025-03-17 15:00:00,2987.11,2991.31,2985.95,2988.29
2025-03-17 16:00:00,2988.23,3000.5,2987.06,2998.61
2025-03-17 17:00:00,2998.6,2999.26,2992.87,2997.08
2025-03-17 18:00:00,2997.09,2997.63,2992.94,2994.41
2025-03-17 19:00:00,2994.42,2999.39,2994.42,2997.77
2025-03-17 20:00:00,2997.76,3000.29,2996.66,2999.32
2025-03-17 21:00:00,2999.31,3000.78,2997.64,3000.21
2025-03-17 22:00:00,3000.17,3001.82,3000.09,3000.43
2025-03-18 00:00:00,3000.4,3001.66,2999.88,3000.16
2025-03-18 01:00:00,3000.18,3002.76,2999.54,2999.74
2025-03-18 02:00:00,2999.81,3003.47,2999.54,3001.5
2025-03-18 03:00:00,3001.49,3008.37,2999.38,3005.63
2025-03-18 04:00:00,3005.64,3012.11,3002.77,3010.85
2025-03-18 05:00:00,3010.82,3014.99,3009.61,3011.38
2025-03-18 06:00:00,3011.4,3017.02,3011.21,3014.44
2025-03-18 07:00:00,3014.43,3014.78,3006.04,3011.92
2025-03-18 08:00:00,3011.91,3017.57,3010.62,3015.63
2025-03-18 09:00:00,3015.62,3018.86,3014.39,3016.39
2025-03-18 10:00:00,3016.38,3027.21,3016.3,3026.53
2025-03-18 11:00:00,3026.55,3028.43,3018.07,3020.13
2025-03-18 12:00:00,3020.12,3025.68,3019.53,3023.91
2025-03-18 13:00:00,3023.89,3029.46,3022.35,3026.78
2025-03-18 14:00:00,3026.77,3035.65,3026.69,3034.26
2025-03-18 15:00:00,3034.27,3038.21,3026.16,3033.19
2025-03-18 16:00:00,3033.18,3033.18,3024.67,3027.85
2025-03-18 17:00:00,3027.84,3032.48,3025.11,3031.65
2025-03-18 18:00:00,3031.64,3036.89,3030.4,3035.94
2025-03-18 19:00:00,3035.93,3036.22,3029.72,3032.55
2025-03-18 20:00:00,3032.54,3036.25,3032.37,3035.75
2025-03-18 21:00:00,3035.73,3037.89,3035.14,3035.51
2025-03-18 22:00:00,3035.54,3035.91,3033.28,3034.23
2025-03-19 00:00:00,3033.56,3034.67,3032.62,3034.4
2025-03-19 01:00:00,3034.47,3035.05,3031.47,3031.71
2025-03-19 02:00:00,3031.73,3033.93,3030.5,3031.35
2025-03-19 03:00:00,3031.36,3032.67,3027.31,3029.41
2025-03-19 04:00:00,3029.43,3033.73,3028.97,3033.35
2025-03-19 05:00:00,3033.37,3038.93,3032.23,3036.23
2025-03-19 06:00:00,3036.22,3037.61,3034.18,3036.37
2025-03-19 07:00:00,3036.38,3045.3,3036.38,3044.47
2025-03-19 08:00:00,3044.46,3044.69,3034.44,3042.09
2025-03-19 09:00:00,3042.0,3042.83,3035.5,3035.78
2025-03-19 10:00:00,3035.79,3036.95,3024.66,3025.13
2025-03-19 11:00:00,3025.12,3031.35,3022.71,3030.36
2025-03-19 12:00:00,3030.36,3037.9,3028.33,3034.55
2025-03-19 13:00:00,3034.54,3039.82,3033.72,3038.9
2025-03-19 14:00:00,3038.91,3041.05,3036.23,3037.09
2025-03-19 15:00:00,3037.1,3038.19,3027.61,3033.23
2025-03-19 16:00:00,3033.21,3033.22,3025.9,3027.53
2025-03-19 17:00:00,3027.55,3033.03,3026.78,3031.42
2025-03-19 18:00:00,3031.43,3038.25,3031.29,3032.96
2025-03-19 19:00:00,3032.97,3034.15,3029.36,3030.32
2025-03-19 20:00:00,3029.97,3048.54,3029.25,3046.74
2025-03-19 21:00:00,3046.75,3051.88,3040.93,3047.85
2025-03-19 22:00:00,3047.82,3048.11,3044.07,3046.81
2025-03-20 00:00:00,3047.47,3050.44,3046.91,3050.13
2025-03-20 01:00:00,3050.14,3051.25,3048.72,3050.01
2025-03-20 02:00:00,3050.02,3055.42,3050.02,3053.18
2025-03-20 03:00:00,3053.2,3056.02,3049.33,3049.62
2025-03-20 04:00:00,3049.6,3052.07,3044.98,3045.59
2025-03-20 05:00:00,3045.58,3050.38,3045.37,3049.96
2025-03-20 06:00:00,3049.96,3057.35,3048.14,3052.43
2025-03-20 07:00:00,3052.42,3053.44,3044.86,3046.73
2025-03-20 08:00:00,3046.72,3051.47,3045.6,3048.95
2025-03-20 09:00:00,3048.93,3048.94,3041.75,3042.21
2025-03-20 10:00:00,3042.21,3043.88,3038.57,3041.78
2025-03-20 11:00:00,3041.77,3046.21,3040.56,3041.44
2025-03-20 12:00:00,3041.44,3041.45,3025.64,3034.12
2025-03-20 13:00:00,3034.11,3035.12,3029.27,3034.39
2025-03-20 14:00:00,3034.4,3042.24,3033.34,3040.81
2025-03-20 15:00:00,3040.94,3041.02,3029.94,3032.55
2025-03-20 16:00:00,3032.5,3040.72,3030.59,3040.12
2025-03-20 17:00:00,3040.13,3041.83,3037.57,3040.67
2025-03-20 18:00:00,3040.67,3043.14,3033.91,3038.21
2025-03-20 19:00:00,3038.23,3041.85,3034.73,3041.65
2025-03-20 20:00:00,3041.66,3045.29,3040.89,3043.21
2025-03-20 21:00:00,3043.2,3046.01,3043.18,3044.58
2025-03-20 22:00:00,3044.57,3045.77,3044.05,3044.22
2025-03-21 00:00:00,3044.27,3045.99,3043.5,3045.73
2025-03-21 01:00:00,3045.72,3046.62,3044.31,3046.35
2025-03-21 02:00:00,3046.31,3047.36,3042.23,3042.79
2025-03-21 03:00:00,3042.78,3044.51,3035.85,3035.89
2025-03-21 04:00:00,3035.88,3036.94,3033.81,3034.65
2025-03-21 05:00:00,3034.61,3034.61,3029.94,3030.45
2025-03-21 06:00:00,3030.48,3031.96,3027.88,3029.78
2025-03-21 07:00:00,3029.79,3030.35,3021.37,3027.97
2025-03-21 08:00:00,3027.98,3033.91,3027.41,3029.74
2025-03-21 09:00:00,3029.75,3033.36,3028.02,3031.88
2025-03-21 10:00:00,3031.89,3034.68,3027.01,3032.9
2025-03-21 11:00:00,3032.89,3033.09,3027.76,3029.6
2025-03-21 12:00:00,3029.58,3033.37,3029.54,3030.76
2025-03-21 13:00:00,3030.75,3037.59,3028.87,3034.28
2025-03-21 14:00:00,3034.25,3038.09,3033.44,3034.04
2025-03-21 15:00:00,3033.99,3036.78,3004.16,3006.53
2025-03-21 16:00:00,3006.52,3016.5,2999.39,3015.48
2025-03-21 17:00:00,3015.5,3017.85,3009.95,3010.97
2025-03-21 18:00:00,3010.98,3017.0,3010.57,3015.08
2025-03-21 19:00:00,3015.07,3018.14,3012.84,3013.59
2025-03-21 20:00:00,3013.6,3021.54,3013.4,3017.38
2025-03-21 21:00:00,3017.38,3021.94,3015.89,3019.92
2025-03-21 22:00:00,3019.93,3024.07,3019.91,3023.43
2025-03-24 00:00:00,3020.94,3026.01,3020.47,3025.51
2025-03-24 01:00:00,3025.55,3026.26,3023.22,3024.65
2025-03-24 02:00:00,3024.63,3025.42,3017.04,3018.49
2025-03-24 03:00:00,3018.48,3025.56,3018.23,3020.84
2025-03-24 04:00:00,3020.85,3024.43,3013.62,3016.27
2025-03-24 05:00:00,3016.26,3019.69,3015.65,3016.88
2025-03-24 06:00:00,3016.89,3020.04,3016.47,3019.41
2025-03-24 07:00:00,3019.4,3023.12,3018.92,3022.03
2025-03-24 08:00:00,3022.02,3025.59,3017.26,3024.99
2025-03-24 09:00:00,3024.98,3028.83,3020.94,3022.31
2025-03-24 10:00:00,3022.32,3028.92,3021.77,3028.79
2025-03-24 11:00:00,3028.81,3030.95,3022.63,3023.53
2025-03-24 12:00:00,3023.54,3033.19,3023.4,3028.09
2025-03-24 13:00:00,3028.09,3029.18,3024.39,3024.57
2025-03-24 14:00:00,3024.56,3028.59,3022.37,3024.19
2025-03-24 15:00:00,3024.2,3028.2,3018.88,3022.54
2025-03-24 16:00:00,3022.56,3024.02,3007.92,3012.08
2025-03-24 17:00:00,3012.06,3015.25,3005.77,3014.01
2025-03-24 18:00:00,3014.03,3015.58,3007.98,3009.7
2025-03-24 19:00:00,3009.68,3009.85,3005.8,3007.02
2025-03-24 20:00:00,3006.98,3008.06,3002.4,3006.71
2025-03-24 21:00:00,3006.7,3008.15,3004.96,3006.09
2025-03-24 22:00:00,3006.07,3014.55,3005.52,3011.52
2025-03-25 00:00:00,3010.95,3012.33,3008.98,3011.44
2025-03-25 01:00:00,3011.46,3012.31,3009.31,3009.81
2025-03-25 02:00:00,3009.82,3014.81,3008.99,3014.06
2025-03-25 03:00:00,3014.08,3014.49,3010.53,3011.8
2025-03-25 04:00:00,3011.81,3012.29,3007.54,3009.1
2025-03-25 05:00:00,3009.1,3016.2,3008.58,3015.23
2025-03-25 06:00:00,3015.27,3016.39,3014.69,3015.2
2025-03-25 07:00:00,3015.21,3020.99,3014.27,3018.25
2025-03-25 08:00:00,3018.24,3018.6,3014.72,3017.71
2025-03-25 09:00:00,3017.68,3018.05,3010.45,3011.05
2025-03-25 10:00:00,3011.07,3021.84,3010.64,3021.27
2025-03-25 11:00:00,3021.28,3023.46,3018.98,3023.26
2025-03-25 12:00:00,3023.25,3024.76,3020.63,3023.53
2025-03-25 13:00:00,3023.54,3026.34,3020.34,3020.67
2025-03-25 14:00:00,3020.65,3023.12,3014.1,3021.76
2025-03-25 15:00:00,3021.76,3030.56,3020.91,3028.41
2025-03-25 16:00:00,3028.42,3035.92,3025.02,3025.02
2025-03-25 17:00:00,3025.0,3028.0,3017.96,3021.46
2025-03-25 18:00:00,3021.47,3025.52,3021.35,3023.15
2025-03-25 19:00:00,3023.16,3023.26,3019.77,3022.63
2025-03-25 20:00:00,3022.62,3022.81,3017.75,3018.42
2025-03-25 21:00:00,3018.41,3020.61,3017.74,3019.57
2025-03-25 22:00:00,3019.59,3020.7,3018.77,3019.2
2025-03-26 00:00:00,3019.11,3022.5,3019.03,3021.23
2025-03-26 01:00:00,3021.21,3021.81,3020.48,3020.94
2025-03-26 02:00:00,3020.95,3022.1,3017.78,3018.07
2025-03-26 03:00:00,3018.07,3025.38,3016.36,3024.75
2025-03-26 04:00:00,3024.76,3027.09,3022.83,3024.2
2025-03-26 05:00:00,3024.19,3024.19,3016.43,3017.53
2025-03-26 06:00:00,3017.52,3017.6,3014.23,3015.15
2025-03-26 07:00:00,3015.15,3024.01,3013.22,3022.77
2025-03-26 08:00:00,3022.76,3026.29,3022.07,3026.13
2025-03-26 09:00:00,3026.15,3030.72,3024.94,3030.47
2025-03-26 10:00:00,3030.49,3031.99,3023.53,3023.95
2025-03-26 11:00:00,3023.96,3024.09,3017.49,3018.64
2025-03-26 12:00:00,3018.63,3024.89,3016.88,3023.25
2025-03-26 13:00:00,3023.25,3030.36,3023.2,3027.48
2025-03-26 14:00:00,3027.49,3029.94,3025.27,3027.01
2025-03-26 15:00:00,3027.02,3027.36,3015.92,3016.7
2025-03-26 16:00:00,3016.69,3021.66,3014.94,3017.44
2025-03-26 17:00:00,3017.43,3018.8,3012.32,3015.82
2025-03-26 18:00:00,3015.83,3019.97,3015.15,3015.55
2025-03-26 19:00:00,3015.56,3018.96,3015.22,3018.67
2025-03-26 20:00:00,3018.66,3020.78,3018.07,3018.25
2025-03-26 21:00:00,3018.26,3018.99,3015.71,3017.25
2025-03-26 22:00:00,3017.26,3021.71,3017.13,3019.0
2025-03-27 00:00:00,3018.44,3020.98,3017.97,3019.39
2025-03-27 01:00:00,3019.38,3021.69,3017.55,3021.61
2025-03-27 02:00:00,3021.6,3025.72,3021.51,3025.32
2025-03-27 03:00:00,3025.33,3028.32,3022.9,3023.51
2025-03-27 04:00:00,3023.5,3032.8,3023.2,3031.66
2025-03-27 05:00:00,3031.65,3034.19,3029.66,3033.57
2025-03-27 06:00:00,3033.56,3038.52,3031.66,3034.05
2025-03-27 07:00:00,3034.08,3035.78,3029.29,3029.64
2025-03-27 08:00:00,3029.64,3033.23,3026.68,3030.05
2025-03-27 09:00:00,3030.02,3036.66,3029.2,3035.79
2025-03-27 10:00:00,3035.79,3037.91,3033.69,3036.05
2025-03-27 11:00:00,3036.07,3040.97,3034.6,3039.94
2025-03-27 12:00:00,3039.9,3055.82,3039.76,3051.36
2025-03-27 13:00:00,3051.37,3055.58,3048.83,3054.56
2025-03-27 14:00:00,3054.57,3055.88,3047.11,3049.99
2025-03-27 15:00:00,3049.99,3052.05,3033.34,3040.63
2025-03-27 16:00:00,3040.59,3059.82,3040.53,3057.56
2025-03-27 17:00:00,3057.55,3059.19,3051.34,3052.1
2025-03-27 18:00:00,3052.09,3054.2,3047.78,3048.34
2025-03-27 19:00:00,3048.31,3053.2,3047.77,3052.84
2025-03-27 20:00:00,3052.85,3057.55,3052.67,3055.8
2025-03-27 21:00:00,3055.81,3057.78,3054.87,3057.46
2025-03-27 22:00:00,3057.45,3057.51,3055.0,3055.91
2025-03-28 00:00:00,3056.12,3057.56,3054.06,3055.09
2025-03-28 01:00:00,3055.06,3056.05,3054.13,3055.59
2025-03-28 02:00:00,3055.58,3063.44,3054.91,3061.87
2025-03-28 03:00:00,3061.86,3074.02,3061.7,3073.85
2025-03-28 04:00:00,3073.85,3077.48,3070.02,3071.82
2025-03-28 05:00:00,3071.84,3076.6,3069.62,3075.23
2025-03-28 06:00:00,3075.21,3075.34,3072.51,3073.85
2025-03-28 07:00:00,3073.85,3081.91,3072.47,3077.79
2025-03-28 08:00:00,3077.77,3084.9,3076.61,3084.69
2025-03-28 09:00:00,3084.67,3085.94,3077.69,3079.26
2025-03-28 10:00:00,3079.24,3081.23,3066.08,3072.94
2025-03-28 11:00:00,3072.92,3076.09,3069.61,3072.84
2025-03-28 12:00:00,3072.87,3074.54,3067.35,3074.24
2025-03-28 13:00:00,3074.23,3079.8,3074.03,3076.26
2025-03-28 14:00:00,3076.25,3081.82,3072.41,3077.39
2025-03-28 15:00:00,3077.38,3084.08,3070.74,3083.3
2025-03-28 16:00:00,3083.27,3086.74,3068.05,3069.94
2025-03-28 17:00:00,3069.93,3085.66,3067.21,3083.72
2025-03-28 18:00:00,3083.71,3086.66,3080.4,3083.84
2025-03-28 19:00:00,3083.83,3085.89,3076.04,3077.35
2025-03-28 20:00:00,3077.36,3080.41,3073.44,3079.69
2025-03-28 21:00:00,3079.7,3081.8,3079.44,3080.74
2025-03-28 22:00:00,3080.74,3085.95,3080.73,3084.63
2025-03-31 01:00:00,3086.47,3097.73,3085.78,3089.96
2025-03-31 02:00:00,3090.02,3090.77,3087.78,3089.13
2025-03-31 03:00:00,3089.1,3089.67,3077.33,3078.99
2025-03-31 04:00:00,3079.0,3095.27,3076.71,3094.75
2025-03-31 05:00:00,3094.74,3107.38,3093.89,3106.61
2025-03-31 06:00:00,3106.6,3111.65,3105.12,3107.06
2025-03-31 07:00:00,3107.08,3115.88,3105.92,3113.29
2025-03-31 08:00:00,3113.27,3119.82,3107.42,3116.52
2025-03-31 09:00:00,3116.53,3128.05,3113.45,3119.24
2025-03-31 10:00:00,3119.25,3125.34,3118.55,3124.47
2025-03-31 11:00:00,3124.48,3127.04,3120.94,3122.19
2025-03-31 12:00:00,3122.2,3123.26,3111.91,3114.88
2025-03-31 13:00:00,3114.87,3123.6,3111.84,3118.42
2025-03-31 14:00:00,3118.41,3119.64,3113.32,3119.43
2025-03-31 15:00:00,3119.43,3126.69,3118.04,3124.48
2025-03-31 16:00:00,3124.47,3124.65,3099.85,3113.43
2025-03-31 17:00:00,3113.42,3123.59,3110.87,3123.1
2025-03-31 18:00:00,3123.11,3127.12,3112.83,3113.73
2025-03-31 19:00:00,3113.74,3120.61,3111.56,3117.47
2025-03-31 20:00:00,3117.46,3120.3,3115.79,3117.83
2025-03-31 21:00:00,3117.82,3123.33,3117.3,3121.35
2025-03-31 22:00:00,3121.36,3124.57,3120.87,3124.35
2025-03-31 23:00:00,3124.34,3124.71,3122.73,3122.89
2025-04-01 01:00:00,3122.81,3125.66,3121.72,3122.73
2025-04-01 02:00:00,3122.75,3126.35,3120.01,3120.5
2025-04-01 03:00:00,3120.49,3127.86,3120.23,3127.17
2025-04-01 04:00:00,3127.16,3138.16,3126.47,3135.36
2025-04-01 05:00:00,3135.37,3145.61,3132.96,3145.08
2025-04-01 06:00:00,3145.07,3147.28,3142.52,3145.97
2025-04-01 07:00:00,3145.96,3147.87,3142.75,3144.64
2025-04-01 08:00:00,3144.65,3148.92,3130.46,3132.02
2025-04-01 09:00:00,3132.0,3138.08,3126.51,3133.69
2025-04-01 10:00:00,3133.68,3137.67,3124.05,3127.54
2025-04-01 11:00:00,3127.53,3135.59,3126.4,3130.84
2025-04-01 12:00:00,3130.84,3134.05,3130.07,3132.3
2025-04-01 13:00:00,3132.25,3138.85,3130.72,3132.32
2025-04-01 14:00:00,3132.31,3135.76,3128.65,3130.31
2025-04-01 15:00:00,3130.35,3134.5,3127.68,3133.24
2025-04-01 16:00:00,3133.25,3137.02,3128.17,3133.16
2025-04-01 17:00:00,3133.11,3135.15,3123.61,3128.65
2025-04-01 18:00:00,3128.66,3132.97,3113.35,3113.62
2025-04-01 19:00:00,3113.63,3116.73,3100.75,3106.56
2025-04-01 20:00:00,3106.59,3114.52,3105.67,3113.64
2025-04-01 21:00:00,3113.63,3118.63,3113.26,3114.13
2025-04-01 22:00:00,3114.12,3118.92,3113.68,3118.69
2025-04-01 23:00:00,3118.68,3120.71,3112.97,3113.83
2025-04-02 01:00:00,3113.28,3114.8,3107.72,3111.29
2025-04-02 02:00:00,3111.3,3116.19,3111.13,3115.14
2025-04-02 03:00:00,3115.14,3123.67,3112.98,3122.89
2025-04-02 04:00:00,3122.88,3135.34,3121.31,3133.1
2025-04-02 05:00:00,3133.07,3135.62,3128.54,3128.57
2025-04-02 06:00:00,3128.56,3132.1,3124.56,3125.44
2025-04-02 07:00:00,3125.43,3126.68,3115.49,3116.1
2025-04-02 08:00:00,3116.11,3119.14,3108.86,3117.94
2025-04-02 09:00:00,3117.93,3119.64,3113.95,3116.46
2025-04-02 10:00:00,3116.47,3126.03,3112.1,3125.2
2025-04-02 11:00:00,3125.19,3133.86,3123.32,3131.18
2025-04-02 12:00:00,3131.2,3131.5,3126.97,3131.01
2025-04-02 13:00:00,3130.99,3131.29,3110.08,3114.45
2025-04-02 14:00:00,3114.45,3123.81,3114.35,3121.23
2025-04-02 15:00:00,3121.24,3127.4,3116.86,3122.31
2025-04-02 16:00:00,3122.3,3132.16,3116.58,3122.23
2025-04-02 17:00:00,3122.22,3129.3,3119.33,3124.77
2025-04-02 18:00:00,3124.78,3128.16,3120.77,3125.81
2025-04-02 19:00:00,3125.8,3134.26,3125.8,3131.4
2025-04-02 20:00:00,3131.39,3131.39,3120.75,3123.42
2025-04-02 21:00:00,3123.44,3126.16,3118.68,3121.76
2025-04-02 22:00:00,3121.79,3127.23,3121.49,3124.16
2025-04-02 23:00:00,3124.16,3142.52,3104.23,3135.72
2025-04-03 01:00:00,3138.81,3147.27,3123.55,3145.73
2025-04-03 02:00:00,3145.8,3167.67,3145.8,3162.64
2025-04-03 03:00:00,3162.64,3164.77,3140.53,3151.24
2025-04-03 04:00:00,3151.25,3162.91,3147.91,3153.41
2025-04-03 05:00:00,3153.4,3155.27,3142.1,3145.07
2025-04-03 06:00:00,3145.08,3152.2,3144.72,3148.01
2025-04-03 07:00:00,3148.02,3149.64,3139.06,3140.28
2025-04-03 08:00:00,3140.29,3140.9,3124.01,3131.76
2025-04-03 09:00:00,3131.76,3134.09,3116.38,3127.74
2025-04-03 10:00:00,3127.76,3130.23,3119.8,3128.99
2025-04-03 11:00:00,3128.98,3131.98,3126.01,3129.02
2025-04-03 12:00:00,3129.0,3129.51,3121.56,3121.58
2025-04-03 13:00:00,3121.57,3122.96,3088.98,3095.43
2025-04-03 14:00:00,3095.43,3099.88,3084.95,3093.08
2025-04-03 15:00:00,3092.93,3094.7,3061.41,3076.22
2025-04-03 16:00:00,3076.21,3093.38,3054.05,3085.42
2025-04-03 17:00:00,3085.65,3135.46,3085.65,3128.84
2025-04-03 18:00:00,3128.83,3129.47,3103.9,3110.51
2025-04-03 19:00:00,3110.54,3114.2,3101.77,3107.52
2025-04-03 20:00:00,3107.53,3109.84,3099.97,3109.5
2025-04-03 21:00:00,3109.51,3111.65,3102.11,3111.58
2025-04-03 22:00:00,3111.59,3113.2,3101.54,3107.57
2025-04-03 23:00:00,3107.58,3119.87,3107.26,3114.26
2025-04-04 01:00:00,3114.35,3116.57,3112.27,3115.26
2025-04-04 02:00:00,3115.3,3116.24,3109.74,3112.82
2025-04-04 03:00:00,3112.8,3114.98,3105.97,3110.54
2025-04-04 04:00:00,3110.53,3115.73,3109.09,3109.75
2025-04-04 05:00:00,3109.77,3112.94,3091.16,3096.71
2025-04-04 06:00:00,3096.69,3099.01,3086.97,3098.35
2025-04-04 07:00:00,3098.38,3104.97,3095.97,3100.03
2025-04-04 08:00:00,3100.02,3108.8,3098.79,3108.79
2025-04-04 09:00:00,3108.79,3109.84,3100.48,3100.99
2025-04-04 10:00:00,3100.92,3103.39,3092.02,3092.82
2025-04-04 11:00:00,3092.81,3094.08,3078.46,3084.13
2025-04-04 12:00:00,3084.08,3095.87,3083.81,3090.61
2025-04-04 13:00:00,3090.6,3116.07,3090.53,3110.26
2025-04-04 14:00:00,3110.24,3136.55,3095.43,3110.22
2025-04-04 15:00:00,3110.23,3111.73,3069.29,3071.08
2025-04-04 16:00:00,3071.1,3087.45,3059.27,3061.8
2025-04-04 17:00:00,3061.84,3061.84,3026.85,3038.38
2025-04-04 18:00:00,3038.37,3050.27,3016.92,3021.87
2025-04-04 19:00:00,3021.88,3036.75,3017.58,3030.89
2025-04-04 20:00:00,3030.9,3032.88,3015.7,3025.78
2025-04-04 21:00:00,3025.79,3027.77,3017.91,3025.47
2025-04-04 22:00:00,3025.47,3040.83,3021.99,3036.43
2025-04-04 23:00:00,3036.45,3040.93,3033.8,3037.86
2025-04-07 01:00:00,3021.37,3032.27,2996.85,3009.36
2025-04-07 02:00:00,3009.39,3016.68,2976.53,2999.67
2025-04-07 03:00:00,2999.65,3009.23,2970.21,2978.72
2025-04-07 04:00:00,2978.73,3054.97,2971.62,3038.0
2025-04-07 05:00:00,3037.96,3055.8,3023.99,3025.61
2025-04-07 06:00:00,3025.66,3033.91,3017.01,3018.77
2025-04-07 07:00:00,3018.77,3035.58,3018.77,3035.47
2025-04-07 08:00:00,3035.33,3044.42,3024.6,3031.72
2025-04-07 09:00:00,3031.71,3033.49,3016.6,3029.79
2025-04-07 10:00:00,3029.78,3030.72,3013.26,3018.52
2025-04-07 11:00:00,3018.51,3035.44,3017.66,3031.1
2025-04-07 12:00:00,3031.39,3033.4,3019.52,3025.13
2025-04-07 13:00:00,3025.15,3036.4,3024.05,3031.3
2025-04-07 14:00:00,3031.25,3046.01,3030.18,3031.19
2025-04-07 15:00:00,3031.23,3032.8,3013.97,3031.12
2025-04-07 16:00:00,3031.13,3033.95,3001.41,3015.36
2025-04-07 17:00:00,3015.37,3038.05,2995.92,2999.18
2025-04-07 18:00:00,2999.18,3004.63,2979.9,2987.5
2025-04-07 19:00:00,2987.49,2987.77,2969.89,2970.6
2025-04-07 20:00:00,2970.62,2975.16,2956.05,2970.03
2025-04-07 21:00:00,2970.02,2976.63,2963.94,2965.68
2025-04-07 22:00:00,2965.69,2982.11,2965.28,2976.6
2025-04-07 23:00:00,2976.61,2985.86,2969.31,2980.77
2025-04-08 01:00:00,2981.91,2988.63,2980.75,2986.67
2025-04-08 02:00:00,2986.66,2987.32,2978.47,2981.27
2025-04-08 03:00:00,2981.26,2992.51,2980.22,2985.31
2025-04-08 04:00:00,2985.29,3003.08,2983.54,2999.74
2025-04-08 05:00:00,2999.75,3004.78,2998.25,3000.78
2025-04-08 06:00:00,3000.81,3001.02,2993.01,2994.67
2025-04-08 07:00:00,2994.68,3002.9,2990.83,3002.05
2025-04-08 08:00:00,3002.06,3008.24,2999.46,3005.63
2025-04-08 09:00:00,3005.64,3015.68,3002.46,3013.19
2025-04-08 10:00:00,3013.46,3013.83,3001.84,3003.54
2025-04-08 11:00:00,3003.53,3009.25,3001.24,3007.41
2025-04-08 12:00:00,3007.39,3007.7,2994.79,3006.68
2025-04-08 13:00:00,3006.73,3010.28,3004.05,3008.9
2025-04-08 14:00:00,3008.91,3019.4,3008.59,3017.42
2025-04-08 15:00:00,3017.44,3019.32,3002.38,3002.54
2025-04-08 16:00:00,3002.53,3022.69,3002.46,3010.28
2025-04-08 17:00:00,3010.3,3018.14,3005.8,3006.13
2025-04-08 18:00:00,3006.14,3012.31,3001.16,3001.47
2025-04-08 19:00:00,3001.46,3001.46,2984.32,2985.92
2025-04-08 20:00:00,2985.93,2987.38,2974.59,2985.04
2025-04-08 21:00:00,2985.03,2992.35,2979.3,2983.51
2025-04-08 22:00:00,2983.48,2987.46,2976.62,2984.85
2025-04-08 23:00:00,2984.85,2986.44,2977.03,2982.79
2025-04-09 01:00:00,2983.15,2985.36,2980.07,2981.8
2025-04-09 02:00:00,2981.98,2990.61,2969.99,2978.31
2025-04-09 03:00:00,2978.39,2986.95,2974.73,2980.32
2025-04-09 04:00:00,2980.3,3009.74,2972.34,3008.61
2025-04-09 05:00:00,3008.65,3011.32,2999.85,3002.93
2025-04-09 06:00:00,3002.92,3009.77,3002.55,3004.39
2025-04-09 07:00:00,3004.41,3014.12,2999.43,3012.28
2025-04-09 08:00:00,3012.26,3020.45,3005.43,3015.28
2025-04-09 09:00:00,3015.2,3040.88,3014.65,3038.98
2025-04-09 10:00:00,3038.97,3052.26,3034.29,3040.99
2025-04-09 11:00:00,3040.98,3051.09,3038.12,3043.97
2025-04-09 12:00:00,3043.98,3049.76,3038.38,3044.87
2025-04-09 13:00:00,3044.88,3047.05,3038.09,3042.65
2025-04-09 14:00:00,3042.64,3068.0,3035.89,3066.63
2025-04-09 15:00:00,3066.65,3073.03,3042.62,3047.33
2025-04-09 16:00:00,3047.35,3077.83,3047.29,3075.23
2025-04-09 17:00:00,3075.24,3084.65,3068.31,3070.49
2025-04-09 18:00:00,3070.49,3087.78,3065.25,3086.26
2025-04-09 19:00:00,3086.3,3094.79,3082.65,3092.34
2025-04-09 20:00:00,3092.37,3098.84,3050.77,3059.36
2025-04-09 21:00:00,3059.07,3073.38,3048.5,3067.11
2025-04-09 22:00:00,3067.06,3099.65,3064.2,3093.42
2025-04-09 23:00:00,3093.41,3095.41,3078.05,3082.67
2025-04-10 01:00:00,3082.87,3089.77,3071.23,3080.01
2025-04-10 02:00:00,3080.03,3089.05,3079.46,3086.73
2025-04-10 03:00:00,3086.74,3101.32,3081.23,3097.12
2025-04-10 04:00:00,3097.11,3100.55,3078.33,3094.0
2025-04-10 05:00:00,3093.99,3120.3,3093.84,3119.31
2025-04-10 06:00:00,3119.3,3131.73,3115.19,3125.21
2025-04-10 07:00:00,3125.2,3129.33,3121.0,3125.27
2025-04-10 08:00:00,3125.28,3132.49,3112.65,3122.34
2025-04-10 09:00:00,3122.33,3126.31,3118.9,3122.1
2025-04-10 10:00:00,3122.11,3123.36,3106.59,3108.72
2025-04-10 11:00:00,3108.68,3115.63,3104.52,3105.05
2025-04-10 12:00:00,3105.04,3118.12,3103.03,3116.49
2025-04-10 13:00:00,3116.51,3122.57,3114.28,3119.71
2025-04-10 14:00:00,3119.85,3125.6,3113.17,3124.69
2025-04-10 15:00:00,3124.73,3133.64,3116.24,3122.97
2025-04-10 16:00:00,3122.96,3136.71,3116.08,3116.83
2025-04-10 17:00:00,3116.85,3154.76,3116.75,3154.55
2025-04-10 18:00:00,3154.56,3174.93,3154.41,3158.0
2025-04-10 19:00:00,3157.99,3167.31,3153.97,3158.48
2025-04-10 20:00:00,3158.47,3165.58,3151.52,3162.74
2025-04-10 21:00:00,3162.75,3175.62,3158.0,3173.3
2025-04-10 22:00:00,3173.31,3176.33,3167.98,3170.78
2025-04-10 23:00:00,3170.77,3176.34,3168.37,3175.2
2025-04-11 01:00:00,3175.67,3190.15,3175.47,3188.76
2025-04-11 02:00:00,3188.94,3191.23,3183.06,3188.93
2025-04-11 03:00:00,3188.93,3217.97,3184.85,3205.56
2025-04-11 04:00:00,3205.53,3219.45,3200.96,3207.05
2025-04-11 05:00:00,3207.05,3219.8,3205.96,3217.38
2025-04-11 06:00:00,3217.37,3220.08,3214.05,3217.73
2025-04-11 07:00:00,3217.77,3218.11,3208.41,3208.49
2025-04-11 08:00:00,3208.5,3219.25,3187.11,3195.69
2025-04-11 09:00:00,3195.68,3209.44,3189.99,3197.13
2025-04-11 10:00:00,3197.16,3213.06,3193.91,3212.36
2025-04-11 11:00:00,3212.38,3227.39,3208.39,3215.93
2025-04-11 12:00:00,3215.94,3230.11,3211.86,3227.69
2025-04-11 13:00:00,3227.67,3237.8,3210.09,3212.55
2025-04-11 14:00:00,3212.59,3224.7,3211.42,3213.8
2025-04-11 15:00:00,3213.78,3233.99,3211.05,3233.6
2025-04-11 16:00:00,3233.62,3244.05,3219.58,3223.39
2025-04-11 17:00:00,3223.52,3237.74,3222.26,3230.15
2025-04-11 18:00:00,3230.13,3241.94,3229.4,3240.51
2025-04-11 19:00:00,3240.5,3245.35,3219.72,3223.22
2025-04-11 20:00:00,3223.23,3235.52,3223.23,3233.92
2025-04-11 21:00:00,3233.93,3238.25,3231.19,3235.75
2025-04-11 22:00:00,3235.73,3235.73,3227.41,3230.96
2025-04-11 23:00:00,3230.94,3238.71,3230.79,3236.91
2025-04-14 01:00:00,3226.9,3228.58,3209.52,3221.2
2025-04-14 02:00:00,3221.24,3224.46,3216.82,3223.71
2025-04-14 03:00:00,3223.72,3227.2,3219.15,3220.92
2025-04-14 04:00:00,3220.94,3243.58,3215.31,3239.64
2025-04-14 05:00:00,3239.64,3245.61,3229.42,3231.87
2025-04-14 06:00:00,3231.87,3234.6,3226.87,3232.37
2025-04-14 07:00:00,3232.38,3235.66,3226.11,3227.32
2025-04-14 08:00:00,3227.3,3236.0,3221.38,3234.38
2025-04-14 09:00:00,3234.38,3238.07,3228.86,3230.93
2025-04-14 10:00:00,3230.94,3233.59,3224.78,3227.89
2025-04-14 11:00:00,3227.9,3229.99,3216.48,3226.88
2025-04-14 12:00:00,3226.88,3231.7,3220.89,3223.85
2025-04-14 13:00:00,3223.84,3224.61,3206.28,3215.27
2025-04-14 14:00:00,3215.27,3225.75,3213.92,3223.32
2025-04-14 15:00:00,3223.31,3227.63,3200.52,3206.7
2025-04-14 16:00:00,3206.75,3210.68,3193.25,3204.61
2025-04-14 17:00:00,3204.6,3215.74,3195.23,3211.12
2025-04-14 18:00:00,3211.1,3211.1,3196.3,3198.0
2025-04-14 19:00:00,3198.01,3208.23,3197.67,3207.55
2025-04-14 20:00:00,3207.54,3216.44,3207.08,3214.0
2025-04-14 21:00:00,3214.01,3214.8,3201.35,3208.01
2025-04-14 22:00:00,3208.04,3212.96,3207.75,3212.66
2025-04-14 23:00:00,3212.67,3213.7,3207.35,3210.77
2025-04-15 01:00:00,3211.19,3215.14,3210.7,3212.16
2025-04-15 02:00:00,3212.17,3214.13,3210.41,3212.55
2025-04-15 03:00:00,3212.56,3215.18,3210.76,3211.86
2025-04-15 04:00:00,3211.82,3225.9,3209.99,3223.64
2025-04-15 05:00:00,3223.65,3225.01,3218.55,3224.39
2025-04-15 06:00:00,3224.35,3228.86,3223.21,3228.35
2025-04-15 07:00:00,3228.33,3232.62,3226.79,3231.84
2025-04-15 08:00:00,3231.82,3232.14,3220.78,3224.56
2025-04-15 09:00:00,3224.52,3228.65,3223.1,3225.08
2025-04-15 10:00:00,3225.12,3226.47,3217.34,3225.54
2025-04-15 11:00:00,3225.56,3232.09,3224.27,3227.6
2025-04-15 12:00:00,3227.6,3230.05,3221.08,3222.48
2025-04-15 13:00:00,3222.48,3226.87,3219.64,3220.17
2025-04-15 14:00:00,3220.18,3224.04,3216.8,3220.0
2025-04-15 15:00:00,3220.05,3226.11,3214.24,3221.45
2025-04-15 16:00:00,3221.45,3226.28,3211.57,3213.03
2025-04-15 17:00:00,3213.02,3226.81,3213.01,3222.6
2025-04-15 18:00:00,3222.59,3224.05,3216.85,3221.26
2025-04-15 19:00:00,3221.27,3223.34,3219.45,3221.4
2025-04-15 20:00:00,3221.4,3230.65,3220.35,3227.9
2025-04-15 21:00:00,3227.92,3229.66,3225.61,3229.08
2025-04-15 22:00:00,3229.1,3231.77,3226.14,3229.79
2025-04-15 23:00:00,3229.78,3233.57,3226.39,3229.87
2025-04-16 01:00:00,3230.66,3242.17,3229.82,3241.34
2025-04-16 02:00:00,3241.33,3251.8,3238.32,3251.79
2025-04-16 03:00:00,3251.79,3268.07,3251.6,3264.41
2025-04-16 04:00:00,3264.4,3275.03,3255.8,3270.19
2025-04-16 05:00:00,3270.18,3275.38,3266.91,3267.7
2025-04-16 06:00:00,3267.7,3281.65,3266.14,3281.4
2025-04-16 07:00:00,3281.38,3287.58,3269.25,3283.64
2025-04-16 08:00:00,3283.65,3291.71,3283.63,3289.67
2025-04-16 09:00:00,3289.62,3295.02,3285.98,3291.73
2025-04-16 10:00:00,3291.72,3300.65,3291.34,3300.36
2025-04-16 11:00:00,3300.38,3317.69,3288.57,3306.94
2025-04-16 12:00:00,3306.96,3310.85,3300.04,3303.48
2025-04-16 13:00:00,3303.5,3306.76,3299.58,3304.11
2025-04-16 14:00:00,3304.1,3313.63,3293.07,3306.83
2025-04-16 15:00:00,3306.8,3313.32,3302.41,3307.28
2025-04-16 16:00:00,3307.27,3316.43,3296.83,3311.58
2025-04-16 17:00:00,3311.58,3319.48,3306.18,3308.41
2025-04-16 18:00:00,3308.42,3328.09,3305.28,3325.29
2025-04-16 19:00:00,3325.3,3332.93,3321.41,3327.29
2025-04-16 20:00:00,3327.32,3332.75,3324.21,3328.08
2025-04-16 21:00:00,3328.23,3340.69,3326.36,3338.32
2025-04-16 22:00:00,3338.34,3342.41,3335.91,3336.59
2025-04-16 23:00:00,3336.6,3343.24,3334.4,3343.11
2025-04-17 01:00:00,3342.36,3357.67,3342.03,3351.0
2025-04-17 02:00:00,3351.1,3353.38,3346.91,3350.03
2025-04-17 03:00:00,3350.04,3351.21,3341.97,3345.35
2025-04-17 04:00:00,3345.33,3356.22,3320.72,3323.91
2025-04-17 05:00:00,3323.9,3340.52,3321.08,3340.33
2025-04-17 06:00:00,3340.33,3344.51,3337.34,3344.46
2025-04-17 07:00:00,3344.19,3344.21,3337.63,3341.46
2025-04-17 08:00:00,3341.47,3345.4,3328.28,3329.32
2025-04-17 09:00:00,3329.33,3333.01,3325.17,3328.88
2025-04-17 10:00:00,3328.87,3329.95,3314.23,3323.4
2025-04-17 11:00:00,3323.39,3324.85,3312.68,3324.2
2025-04-17 12:00:00,3324.21,3326.86,3320.61,3321.55
2025-04-17 13:00:00,3321.54,3334.31,3321.06,3327.61
2025-04-17 14:00:00,3327.6,3332.44,3322.34,3327.34
2025-04-17 15:00:00,3327.31,3342.27,3322.25,3328.18
2025-04-17 16:00:00,3328.19,3331.99,3311.95,3315.08
2025-04-17 17:00:00,3315.09,3315.09,3283.82,3291.24
2025-04-17 18:00:00,3291.25,3304.77,3290.57,3296.3
2025-04-17 19:00:00,3296.35,3318.69,3294.87,3316.1
2025-04-17 20:00:00,3316.11,3322.39,3314.25,3318.94
2025-04-17 21:00:00,3318.96,3320.85,3314.29,3316.37
2025-04-17 22:00:00,3316.35,3321.82,3310.95,3320.72
2025-04-17 23:00:00,3320.73,3328.58,3317.96,3327.05
2025-04-21 01:00:00,3332.54,3352.9,3328.85,3345.95
2025-04-21 02:00:00,3346.02,3351.82,3343.37,3348.03
2025-04-21 03:00:00,3348.04,3370.55,3347.5,3368.69
2025-04-21 04:00:00,3368.7,3378.44,3367.27,3377.52
2025-04-21 05:00:00,3377.53,3384.95,3374.17,3384.79
2025-04-21 06:00:00,3384.77,3385.17,3378.26,3382.42
2025-04-21 07:00:00,3382.42,3382.43,3369.52,3376.37
2025-04-21 08:00:00,3376.36,3385.85,3375.84,3385.36
2025-04-21 09:00:00,3385.34,3393.09,3382.38,3392.29
2025-04-21 10:00:00,3392.24,3395.96,3381.69,3385.05
2025-04-21 11:00:00,3385.03,3394.18,3383.63,3392.73
2025-04-21 12:00:00,3392.76,3397.01,3390.85,3394.87
2025-04-21 13:00:00,3394.86,3397.7,3391.98,3394.92
2025-04-21 14:00:00,3394.93,3405.86,3386.39,3404.42
2025-04-21 15:00:00,3404.41,3415.69,3397.99,3414.88
2025-04-21 16:00:00,3414.87,3426.77,3405.05,3420.41
2025-04-21 17:00:00,3420.38,3430.23,3408.79,3416.7
2025-04-21 18:00:00,3416.72,3426.11,3407.69,3422.89
2025-04-21 19:00:00,3422.91,3424.0,3410.13,3414.52
2025-04-21 20:00:00,3414.54,3422.86,3406.01,3422.46
2025-04-21 21:00:00,3422.45,3426.71,3417.58,3426.37
2025-04-21 22:00:00,3426.4,3430.47,3417.44,3423.41
2025-04-21 23:00:00,3423.4,3427.09,3419.66,3423.84
2025-04-22 01:00:00,3423.87,3435.93,3423.32,3431.02
2025-04-22 02:00:00,3431.05,3444.29,3429.31,3434.48
2025-04-22 03:00:00,3434.45,3435.38,3411.87,3425.4
2025-04-22 04:00:00,3425.39,3454.9,3421.53,3452.91
2025-04-22 05:00:00,3452.94,3475.91,3442.28,3473.06
2025-04-22 06:00:00,3473.08,3494.85,3471.99,3487.77
2025-04-22 07:00:00,3487.77,3488.44,3479.42,3484.32
2025-04-22 08:00:00,3484.33,3495.5,3473.39,3494.25
2025-04-22 09:00:00,3494.26,3499.94,3475.28,3479.7
2025-04-22 10:00:00,3479.7,3480.65,3460.88,3468.59
2025-04-22 11:00:00,3468.59,3472.62,3443.14,3444.03
2025-04-22 12:00:00,3444.05,3458.7,3443.95,3454.62
2025-04-22 13:00:00,3454.64,3468.28,3451.3,3452.37
2025-04-22 14:00:00,3452.36,3461.25,3448.11,3456.68
2025-04-22 15:00:00,3456.69,3464.75,3424.19,3431.52
2025-04-22 16:00:00,3431.51,3449.53,3408.39,3418.52
2025-04-22 17:00:00,3418.49,3438.97,3417.87,3429.95
2025-04-22 18:00:00,3429.96,3433.15,3410.32,3417.61
2025-04-22 19:00:00,3417.57,3420.99,3372.1,3393.01
2025-04-22 20:00:00,3393.03,3410.23,3386.04,3401.78
2025-04-22 21:00:00,3401.77,3402.46,3373.12,3381.4
2025-04-22 22:00:00,3381.4,3385.8,3366.73,3374.69
2025-04-22 23:00:00,3374.7,3382.65,3373.19,3380.84
2025-04-23 02:00:00,3343.59,3344.61,3331.96,3336.5
2025-04-23 03:00:00,3336.48,3371.09,3334.5,3367.76
2025-04-23 04:00:00,3367.75,3386.51,3358.84,3379.08
2025-04-23 05:00:00,3379.07,3379.84,3348.44,3354.1
2025-04-23 06:00:00,3354.12,3355.63,3329.14,3338.88
2025-04-23 07:00:00,3338.89,3347.07,3335.56,3346.61
2025-04-23 08:00:00,3346.61,3349.33,3315.87,3318.99
2025-04-23 09:00:00,3318.99,3325.88,3291.64,3300.98
2025-04-23 10:00:00,3301.04,3320.49,3301.04,3319.17
2025-04-23 11:00:00,3319.18,3321.51,3305.36,3321.51
2025-04-23 12:00:00,3321.5,3340.47,3317.22,3317.61
2025-04-23 13:00:00,3317.58,3336.32,3316.69,3329.99
2025-04-23 14:00:00,3330.0,3339.12,3321.64,3324.58
2025-04-23 15:00:00,3324.6,3333.32,3310.55,3310.77
2025-04-23 16:00:00,3310.76,3313.65,3271.04,3277.23
2025-04-23 17:00:00,3277.1,3296.23,3260.08,3287.42
2025-04-23 18:00:00,3287.43,3294.35,3269.13,3280.3
2025-04-23 19:00:00,3280.57,3305.59,3279.14,3295.05
2025-04-23 20:00:00,3295.06,3301.46,3277.73,3281.21
2025-04-23 21:00:00,3281.18,3286.95,3277.77,3282.75
2025-04-23 22:00:00,3282.74,3297.15,3282.61,3293.83
2025-04-23 23:00:00,3293.84,3295.74,3283.9,3288.13
2025-04-24 01:00:00,3288.08,3315.91,3288.03,3309.03
2025-04-24 02:00:00,3309.12,3316.75,3308.19,3316.28
2025-04-24 03:00:00,3316.3,3339.04,3313.22,3331.66
2025-04-24 04:00:00,3331.64,3367.31,3330.82,3357.33
2025-04-24 05:00:00,3357.3,3363.34,3335.77,3341.99
2025-04-24 06:00:00,3342.02,3342.55,3320.55,3326.95
2025-04-24 07:00:00,3326.92,3331.75,3325.66,3326.1
2025-04-24 08:00:00,3326.11,3335.47,3320.43,3323.77
2025-04-24 09:00:00,3323.75,3328.11,3314.66,3324.62
2025-04-24 10:00:00,3324.61,3339.73,3323.14,3333.74
2025-04-24 11:00:00,3333.73,3341.6,3327.28,3336.07
2025-04-24 12:00:00,3336.08,3342.88,3325.42,3335.65
2025-04-24 13:00:00,3335.65,3336.68,3325.64,3329.85
2025-04-24 14:00:00,3329.83,3343.88,3329.6,3336.91
2025-04-24 15:00:00,3336.9,3344.63,3335.49,3335.9
2025-04-24 16:00:00,3335.89,3336.22,3312.55,3315.14
2025-04-24 17:00:00,3315.13,3330.43,3306.67,3327.49
2025-04-24 18:00:00,3327.48,3330.4,3319.5,3329.4
2025-04-24 19:00:00,3329.39,3335.35,3322.45,3331.51
2025-04-24 20:00:00,3331.53,3338.67,3329.96,3336.71
2025-04-24 21:00:00,3336.73,3340.26,3333.63,3334.75
2025-04-24 22:00:00,3334.76,3347.0,3333.46,3342.24
2025-04-24 23:00:00,3342.26,3349.85,3338.11,3349.57
2025-04-25 01:00:00,3350.55,3370.36,3342.15,3366.96
2025-04-25 02:00:00,3366.94,3368.06,3346.84,3348.89
2025-04-25 03:00:00,3348.88,3361.25,3347.22,3357.62
2025-04-25 04:00:00,3357.59,3363.06,3342.87,3345.6
2025-04-25 05:00:00,3345.63,3353.36,3344.54,3348.64
2025-04-25 06:00:00,3348.63,3354.14,3322.54,3323.53
2025-04-25 07:00:00,3323.52,3327.74,3316.31,3324.75
2025-04-25 08:00:00,3324.76,3327.09,3286.84,3294.27
2025-04-25 09:00:00,3294.23,3306.29,3287.52,3304.41
2025-04-25 10:00:00,3304.42,3314.5,3303.1,3307.35
2025-04-25 11:00:00,3307.37,3307.85,3291.92,3303.69
2025-04-25 12:00:00,3303.78,3308.8,3292.04,3292.09
2025-04-25 13:00:00,3292.07,3306.35,3291.98,3297.98
2025-04-25 14:00:00,3297.96,3300.93,3287.63,3293.44
2025-04-25 15:00:00,3293.43,3303.05,3291.07,3292.63
2025-04-25 16:00:00,3292.62,3292.86,3264.96,3280.71
2025-04-25 17:00:00,3280.71,3287.21,3274.59,3277.99
2025-04-25 18:00:00,3278.0,3285.46,3270.13,3282.93
2025-04-25 19:00:00,3282.94,3287.52,3280.37,3285.31
2025-04-25 20:00:00,3285.35,3295.11,3281.81,3293.26
2025-04-25 21:00:00,3293.23,3296.98,3288.28,3288.37
2025-04-25 22:00:00,3288.38,3312.42,3287.81,3304.77
2025-04-25 23:00:00,3304.75,3319.77,3304.6,3318.87
2025-04-28 01:00:00,3324.7,3336.31,3309.08,3310.54
2025-04-28 02:00:00,3310.6,3318.02,3298.54,3302.61
2025-04-28 03:00:00,3302.63,3315.92,3301.52,3313.97
2025-04-28 04:00:00,3313.98,3315.11,3279.03,3280.83
2025-04-28 05:00:00,3280.84,3286.3,3267.97,3280.79
2025-04-28 06:00:00,3280.75,3295.14,3280.21,3290.82
2025-04-28 07:00:00,3290.82,3298.93,3288.59,3298.86
2025-04-28 08:00:00,3298.88,3300.93,3287.74,3295.0
2025-04-28 09:00:00,3294.98,3296.47,3281.89,3283.29
2025-04-28 10:00:00,3283.29,3292.5,3277.57,3287.41
2025-04-28 11:00:00,3287.36,3288.5,3279.22,3282.59
2025-04-28 12:00:00,3282.6,3287.3,3274.45,3274.48
2025-04-28 13:00:00,3274.46,3291.83,3273.22,3289.58
2025-04-28 14:00:00,3289.6,3297.18,3284.93,3294.16
2025-04-28 15:00:00,3294.17,3302.25,3292.72,3296.02
2025-04-28 16:00:00,3296.07,3301.4,3286.89,3293.12
2025-04-28 17:00:00,3293.14,3333.06,3293.11,3328.55
2025-04-28 18:00:00,3328.54,3335.97,3319.06,3324.99
2025-04-28 19:00:00,3324.97,3339.19,3324.5,3336.59
2025-04-28 20:00:00,3336.62,3340.09,3333.17,3335.33
2025-04-28 21:00:00,3335.31,3349.9,3333.93,3348.95
2025-04-28 22:00:00,3348.94,3352.94,3345.56,3352.08
2025-04-28 23:00:00,3352.09,3352.29,3342.24,3343.69
2025-04-29 01:00:00,3344.59,3348.51,3332.27,3338.05
2025-04-29 02:00:00,3338.03,3342.82,3333.79,3337.59
2025-04-29 03:00:00,3337.61,3339.0,3327.73,3329.93
2025-04-29 04:00:00,3329.92,3339.96,3322.74,3326.46
2025-04-29 05:00:00,3326.44,3333.76,3319.23,3320.57
2025-04-29 06:00:00,3320.57,3321.64,3308.04,3316.01
2025-04-29 07:00:00,3316.02,3318.12,3306.48,3309.26
2025-04-29 08:00:00,3309.26,3316.51,3305.01,3310.24
2025-04-29 09:00:00,3310.19,3323.85,3308.73,3318.71
2025-04-29 10:00:00,3318.72,3323.13,3312.29,3322.89
2025-04-29 11:00:00,3322.92,3324.85,3311.69,3311.82
2025-04-29 12:00:00,3311.81,3315.94,3308.64,3309.18
2025-04-29 13:00:00,3309.17,3315.54,3306.21,3312.81
2025-04-29 14:00:00,3312.82,3315.95,3307.91,3309.32
2025-04-29 15:00:00,3309.33,3314.55,3300.42,3312.81
2025-04-29 16:00:00,3312.8,3321.22,3299.63,3306.62
2025-04-29 17:00:00,3306.56,3317.76,3299.68,3314.49
2025-04-29 18:00:00,3314.5,3315.6,3305.26,3312.38
2025-04-29 19:00:00,3312.37,3329.95,3312.19,3328.68
2025-04-29 20:00:00,3328.69,3329.62,3314.19,3314.3
2025-04-29 21:00:00,3314.34,3320.05,3313.24,3319.94
2025-04-29 22:00:00,3319.95,3324.94,3317.92,3320.42
2025-04-29 23:00:00,3320.43,3323.5,3316.55,3316.95
2025-04-30 01:00:00,3313.33,3323.01,3312.9,3318.92
2025-04-30 02:00:00,3318.93,3319.27,3310.88,3317.05
2025-04-30 03:00:00,3317.06,3328.0,3311.44,3313.12
2025-04-30 04:00:00,3313.12,3322.71,3307.72,3308.1
2025-04-30 05:00:00,3308.09,3313.11,3305.05,3306.66
2025-04-30 06:00:00,3306.67,3311.22,3303.68,3304.7
2025-04-30 07:00:00,3304.72,3308.91,3301.29,3307.97
2025-04-30 08:00:00,3308.0,3314.67,3307.59,3309.51
2025-04-30 09:00:00,3309.5,3311.25,3304.94,3305.88
2025-04-30 10:00:00,3305.86,3314.57,3303.08,3307.14
2025-04-30 11:00:00,3307.13,3307.71,3280.26,3284.47
2025-04-30 12:00:00,3284.48,3286.87,3275.05,3275.93
2025-04-30 13:00:00,3275.94,3280.81,3271.85,3272.55
2025-04-30 14:00:00,3272.54,3281.6,3268.25,3272.25
2025-04-30 15:00:00,3272.31,3304.77,3266.8,3298.6
2025-04-30 16:00:00,3298.64,3319.76,3296.16,3309.03
2025-04-30 17:00:00,3309.05,3313.66,3292.87,3309.75
2025-04-30 18:00:00,3309.71,3314.48,3299.0,3307.96
2025-04-30 19:00:00,3307.97,3314.23,3307.13,3310.73
2025-04-30 20:00:00,3310.72,3313.48,3304.93,3305.27
2025-04-30 21:00:00,3305.26,3307.72,3300.34,3301.69
2025-04-30 22:00:00,3301.68,3305.71,3292.09,3295.62
2025-04-30 23:00:00,3295.61,3297.89,3283.07,3288.0
2025-05-01 01:00:00,3288.72,3290.02,3271.38,3273.94
2025-05-01 02:00:00,3274.05,3285.33,3269.73,3272.59
2025-05-01 03:00:00,3272.86,3276.33,3240.96,3246.51
2025-05-01 04:00:00,3246.49,3251.26,3234.42,3238.79
2025-05-01 05:00:00,3238.82,3251.68,3235.13,3241.5
2025-05-01 06:00:00,3241.46,3242.54,3228.93,3229.44
2025-05-01 07:00:00,3229.51,3231.97,3221.24,3226.66
2025-05-01 08:00:00,3226.65,3238.78,3223.38,3236.67
2025-05-01 09:00:00,3236.66,3243.15,3233.77,3235.64
2025-05-01 10:00:00,3235.63,3236.88,3226.1,3230.13
2025-05-01 11:00:00,3230.12,3236.62,3229.89,3235.15
2025-05-01 12:00:00,3235.16,3236.18,3215.72,3218.58
2025-05-01 13:00:00,3218.53,3225.38,3213.53,3222.92
2025-05-01 14:00:00,3222.89,3227.1,3203.39,3205.56
2025-05-01 15:00:00,3205.54,3232.66,3201.93,3226.81
2025-05-01 16:00:00,3226.79,3233.25,3218.73,3224.3
2025-05-01 17:00:00,3224.34,3231.47,3214.27,3219.03
2025-05-01 18:00:00,3219.05,3221.84,3204.98,3216.42
2025-05-01 19:00:00,3216.43,3220.63,3208.94,3219.44
2025-05-01 20:00:00,3219.46,3220.8,3209.84,3214.61
2025-05-01 21:00:00,3214.54,3226.77,3212.85,3223.84
2025-05-01 22:00:00,3223.85,3229.72,3223.84,3228.19
2025-05-01 23:00:00,3228.22,3239.84,3228.04,3238.61
2025-05-02 01:00:00,3239.25,3243.4,3232.57,3237.89
2025-05-02 02:00:00,3237.91,3241.51,3234.72,3237.27
2025-05-02 03:00:00,3237.27,3244.27,3227.43,3231.31
2025-05-02 04:00:00,3231.24,3237.43,3231.24,3236.37
2025-05-02 05:00:00,3236.42,3249.36,3235.84,3248.08
2025-05-02 06:00:00,3248.09,3258.64,3245.84,3254.96
2025-05-02 07:00:00,3254.93,3257.43,3250.49,3251.81
2025-05-02 08:00:00,3251.8,3256.88,3249.5,3251.87
2025-05-02 09:00:00,3251.88,3262.32,3246.36,3252.83
2025-05-02 10:00:00,3252.83,3263.23,3251.51,3258.89
2025-05-02 11:00:00,3258.93,3261.63,3255.27,3258.1
2025-05-02 12:00:00,3258.11,3267.13,3255.1,3265.2
2025-05-02 13:00:00,3265.22,3265.63,3257.25,3259.42
2025-05-02 14:00:00,3259.44,3269.26,3258.0,3262.64
2025-05-02 15:00:00,3262.66,3264.93,3250.29,3250.37
2025-05-02 16:00:00,3250.31,3259.6,3239.41,3250.45
2025-05-02 17:00:00,3250.41,3264.59,3242.17,3262.77
2025-05-02 18:00:00,3262.78,3264.14,3230.22,3231.54
2025-05-02 19:00:00,3231.6,3236.28,3222.77,3224.91
2025-05-02 20:00:00,3224.97,3239.82,3223.53,3231.41
2025-05-02 21:00:00,3231.42,3232.46,3224.26,3226.35
2025-05-02 22:00:00,3226.38,3234.55,3226.31,3233.53
2025-05-02 23:00:00,3233.55,3241.28,3232.59,3240.12
2025-05-05 01:00:00,3238.79,3244.69,3237.35,3239.5
2025-05-05 02:00:00,3239.55,3252.38,3238.86,3247.92
2025-05-05 03:00:00,3247.97,3248.56,3241.2,3246.7
2025-05-05 04:00:00,3246.72,3271.1,3246.55,3264.7
2025-05-05 05:00:00,3264.71,3272.43,3259.64,3270.05
2025-05-05 06:00:00,3270.11,3271.32,3253.04,3254.5
2025-05-05 07:00:00,3254.49,3259.47,3253.65,3256.52
2025-05-05 08:00:00,3256.48,3261.97,3254.03,3259.64
2025-05-05 09:00:00,3259.91,3265.68,3256.81,3262.11
2025-05-05 10:00:00,3262.13,3267.79,3258.69,3264.68
2025-05-05 11:00:00,3264.68,3282.91,3263.08,3282.62
2025-05-05 12:00:00,3282.69,3308.91,3282.18,3308.63
2025-05-05 13:00:00,3308.64,3318.61,3308.5,3313.29
2025-05-05 14:00:00,3313.05,3318.94,3311.34,3312.91
2025-05-05 15:00:00,3312.83,3322.52,3312.82,3319.54
2025-05-05 16:00:00,3319.55,3321.02,3311.86,3314.7
2025-05-05 17:00:00,3315.02,3328.76,3309.65,3312.64
2025-05-05 18:00:00,3312.68,3317.79,3309.04,3312.01
2025-05-05 19:00:00,3311.97,3313.56,3305.58,3309.75
2025-05-05 20:00:00,3309.71,3318.16,3309.16,3317.09
2025-05-05 21:00:00,3317.1,3323.49,3313.89,3323.15
2025-05-05 22:00:00,3323.16,3337.57,3322.8,3328.72
2025-05-05 23:00:00,3328.74,3334.6,3328.6,3333.79
2025-05-06 01:00:00,3335.08,3337.85,3327.46,3330.59
2025-05-06 02:00:00,3330.59,3335.06,3328.93,3334.05
2025-05-06 03:00:00,3334.06,3334.31,3323.17,3329.59
2025-05-06 04:00:00,3329.62,3381.77,3329.61,3379.55
2025-05-06 05:00:00,3379.54,3386.99,3356.47,3358.36
2025-05-06 06:00:00,3358.35,3372.38,3352.42,3360.39
2025-05-06 07:00:00,3360.4,3366.14,3356.07,3363.15
2025-05-06 08:00:00,3363.16,3363.94,3350.22,3362.02
2025-05-06 09:00:00,3362.01,3367.87,3358.72,3364.71
2025-05-06 10:00:00,3364.72,3379.55,3364.71,3371.26
2025-05-06 11:00:00,3371.53,3383.04,3368.54,3377.16
2025-05-06 12:00:00,3377.32,3383.17,3371.38,3383.14
2025-05-06 13:00:00,3383.17,3383.78,3376.66,3383.61
2025-05-06 14:00:00,3383.59,3385.01,3373.68,3379.11
2025-05-06 15:00:00,3379.14,3392.36,3373.18,3391.01
2025-05-06 16:00:00,3391.04,3397.59,3387.73,3391.73
2025-05-06 17:00:00,3391.71,3398.0,3378.23,3386.27
2025-05-06 18:00:00,3386.26,3399.82,3385.33,3395.06
2025-05-06 19:00:00,3395.06,3411.61,3394.69,3408.83
2025-05-06 20:00:00,3408.85,3417.8,3407.48,3413.99
2025-05-06 21:00:00,3413.98,3417.46,3410.2,3415.63
2025-05-06 22:00:00,3415.65,3424.09,3412.6,3423.13
2025-05-06 23:00:00,3423.14,3434.94,3419.21,3431.48
2025-05-07 01:00:00,3435.21,3438.13,3380.54,3381.56
2025-05-07 02:00:00,3381.58,3404.6,3376.92,3400.74
2025-05-07 03:00:00,3400.75,3401.57,3360.47,3379.66
2025-05-07 04:00:00,3379.39,3385.13,3360.13,3374.65
2025-05-07 05:00:00,3374.68,3393.77,3372.0,3390.61
2025-05-07 06:00:00,3390.6,3392.52,3369.99,3375.52
2025-05-07 07:00:00,3375.5,3387.43,3374.99,3382.09
2025-05-07 08:00:00,3382.11,3389.41,3378.61,3387.94
2025-05-07 09:00:00,3388.06,3395.86,3387.37,3392.46
2025-05-07 10:00:00,3392.41,3397.39,3383.66,3387.95
2025-05-07 11:00:00,3387.98,3388.62,3378.18,3382.81
2025-05-07 12:00:00,3382.77,3385.15,3370.35,3370.35
2025-05-07 13:00:00,3369.55,3393.34,3369.19,3391.35
2025-05-07 14:00:00,3391.36,3391.49,3383.62,3386.98
2025-05-07 15:00:00,3386.88,3393.81,3384.04,3390.86
2025-05-07 16:00:00,3390.85,3398.09,3381.44,3394.3
2025-05-07 17:00:00,3394.31,3394.7,3375.71,3385.77
2025-05-07 18:00:00,3385.78,3389.53,3381.99,3385.15
2025-05-07 19:00:00,3384.88,3389.71,3378.81,3386.87
2025-05-07 20:00:00,3386.86,3389.8,3383.77,3384.39
2025-05-07 21:00:00,3384.44,3398.01,3376.0,3384.59
2025-05-07 22:00:00,3384.57,3386.9,3363.73,3371.89
2025-05-07 23:00:00,3371.91,3374.58,3363.6,3364.32
2025-05-08 01:00:00,3365.47,3373.72,3364.44,3369.96
2025-05-08 02:00:00,3369.95,3377.13,3369.61,3376.41
2025-05-08 03:00:00,3376.46,3386.98,3373.81,3380.52
2025-05-08 04:00:00,3380.54,3409.7,3379.1,3408.62
2025-05-08 05:00:00,3408.63,3414.77,3402.03,3402.03
2025-05-08 06:00:00,3402.05,3408.46,3395.75,3396.82
2025-05-08 07:00:00,3396.79,3399.29,3382.02,3382.1
2025-05-08 08:00:00,3382.12,3384.27,3354.9,3355.33
2025-05-08 09:00:00,3355.34,3361.9,3320.26,3329.9
2025-05-08 10:00:00,3329.89,3349.24,3327.17,3342.92
2025-05-08 11:00:00,3342.9,3344.26,3337.05,3339.3
2025-05-08 12:00:00,3339.29,3344.27,3331.22,3331.94
2025-05-08 13:00:00,3331.93,3346.65,3330.37,3342.41
2025-05-08 14:00:00,3342.41,3345.47,3339.19,3344.37
2025-05-08 15:00:00,3344.38,3358.55,3343.16,3356.11
2025-05-08 16:00:00,3356.12,3369.49,3354.65,3355.98
2025-05-08 17:00:00,3355.93,3362.91,3350.78,3356.52
2025-05-08 18:00:00,3356.77,3360.02,3326.73,3330.36
2025-05-08 19:00:00,3330.09,3330.26,3304.38,3310.32
2025-05-08 20:00:00,3310.3,3311.17,3297.8,3308.32
2025-05-08 21:00:00,3308.31,3310.88,3305.62,3308.44
2025-05-08 22:00:00,3308.46,3309.96,3288.73,3306.39
2025-05-08 23:00:00,3306.34,3310.77,3303.77,3305.2
2025-05-09 01:00:00,3304.23,3323.92,3304.23,3323.85
2025-05-09 02:00:00,3323.83,3324.0,3312.09,3316.33
2025-05-09 03:00:00,3316.32,3323.07,3308.83,3322.17
2025-05-09 04:00:00,3322.17,3322.47,3286.74,3291.26
2025-05-09 05:00:00,3291.25,3308.57,3274.68,3308.27
2025-05-09 06:00:00,3308.26,3313.36,3299.65,3308.07
2025-05-09 07:00:00,3308.11,3327.5,3308.11,3324.59
2025-05-09 08:00:00,3324.48,3330.28,3312.88,3321.46
2025-05-09 09:00:00,3321.47,3326.77,3315.23,3325.43
2025-05-09 10:00:00,3325.44,3332.21,3322.41,3327.2
2025-05-09 11:00:00,3327.21,3328.93,3320.23,3328.5
2025-05-09 12:00:00,3328.49,3329.29,3323.55,3325.05
2025-05-09 13:00:00,3325.05,3329.88,3321.96,3323.28
2025-05-09 14:00:00,3323.23,3338.31,3323.21,3332.97
2025-05-09 15:00:00,3332.98,3335.68,3329.07,3333.47
2025-05-09 16:00:00,3333.43,3340.32,3328.73,3330.71
2025-05-09 17:00:00,3330.72,3341.13,3320.28,3337.14
2025-05-09 18:00:00,3337.12,3346.04,3336.08,3345.03
2025-05-09 19:00:00,3345.04,3347.51,3336.36,3336.82
2025-05-09 20:00:00,3336.79,3342.54,3336.04,3340.92
2025-05-09 21:00:00,3340.95,3342.94,3336.23,3338.76
2025-05-09 22:00:00,3338.75,3339.79,3325.43,3328.81
2025-05-09 23:00:00,3328.8,3330.26,3323.3,3323.96
2025-05-12 01:00:00,3287.39,3306.61,3266.8,3272.62
2025-05-12 02:00:00,3272.61,3288.88,3265.89,3287.57
2025-05-12 03:00:00,3287.56,3289.95,3272.1,3279.15
2025-05-12 04:00:00,3279.13,3282.14,3258.8,3271.85
2025-05-12 05:00:00,3271.86,3279.82,3269.5,3272.02
2025-05-12 06:00:00,3272.07,3284.67,3270.48,3283.24
2025-05-12 07:00:00,3283.25,3283.59,3275.62,3278.84
2025-05-12 08:00:00,3278.86,3279.66,3268.46,3276.12
2025-05-12 09:00:00,3276.22,3281.57,3272.97,3277.44
2025-05-12 10:00:00,3277.43,3277.69,3216.11,3222.71
2025-05-12 11:00:00,3222.8,3234.38,3220.63,3231.47
2025-05-12 12:00:00,3231.48,3231.48,3213.0,3215.09
2025-05-12 13:00:00,3215.08,3219.49,3207.72,3208.07
2025-05-12 14:00:00,3208.06,3229.25,3207.81,3224.78
2025-05-12 15:00:00,3224.64,3234.32,3220.3,3233.53
2025-05-12 16:00:00,3233.51,3248.6,3231.74,3240.7
2025-05-12 17:00:00,3240.69,3247.74,3233.4,3237.62
2025-05-12 18:00:00,3237.72,3244.01,3232.73,3239.19
2025-05-12 19:00:00,3239.16,3240.05,3223.2,3224.19
2025-05-12 20:00:00,3224.21,3227.56,3221.12,3223.2
2025-05-12 21:00:00,3223.21,3230.01,3220.31,3229.59
2025-05-12 22:00:00,3229.6,3238.84,3228.84,3235.4
2025-05-12 23:00:00,3235.36,3238.41,3232.49,3235.67
2025-05-13 01:00:00,3236.27,3241.6,3229.85,3233.88
2025-05-13 02:00:00,3233.89,3240.04,3233.44,3236.78
2025-05-13 03:00:00,3236.76,3243.23,3233.81,3239.9
2025-05-13 04:00:00,3239.91,3243.35,3215.89,3225.13
2025-05-13 05:00:00,3225.15,3241.29,3223.16,3228.82
2025-05-13 06:00:00,3228.81,3238.4,3228.16,3236.67
2025-05-13 07:00:00,3236.66,3253.56,3234.91,3252.52
2025-05-13 08:00:00,3252.56,3260.63,3251.13,3256.43
2025-05-13 09:00:00,3256.48,3265.6,3247.34,3261.94
2025-05-13 10:00:00,3262.15,3264.93,3254.28,3259.08
2025-05-13 11:00:00,3259.15,3261.17,3250.4,3255.49
2025-05-13 12:00:00,3255.48,3256.61,3250.54,3253.35
2025-05-13 13:00:00,3253.36,3256.25,3251.13,3252.83
2025-05-13 14:00:00,3252.82,3258.59,3248.76,3249.11
2025-05-13 15:00:00,3249.1,3249.9,3237.31,3241.78
2025-05-13 16:00:00,3241.75,3246.88,3227.21,3227.52
2025-05-13 17:00:00,3227.51,3248.66,3225.44,3242.65
2025-05-13 18:00:00,3242.66,3255.82,3241.92,3253.3
2025-05-13 19:00:00,3253.32,3257.81,3248.61,3250.99
2025-05-13 20:00:00,3250.96,3252.68,3242.0,3247.02
2025-05-13 21:00:00,3247.01,3250.74,3245.64,3248.74
2025-05-13 22:00:00,3248.85,3251.12,3246.31,3249.38
2025-05-13 23:00:00,3249.45,3254.75,3248.05,3249.64
2025-05-14 01:00:00,3249.69,3254.57,3249.22,3254.52
2025-05-14 02:00:00,3254.51,3257.09,3252.09,3254.34
2025-05-14 03:00:00,3254.33,3254.61,3240.55,3243.76
2025-05-14 04:00:00,3243.77,3251.8,3237.25,3238.91
2025-05-14 05:00:00,3238.91,3241.46,3229.13,3232.73
2025-05-14 06:00:00,3232.75,3233.65,3226.23,3228.39
2025-05-14 07:00:00,3228.4,3230.32,3222.51,3223.92
2025-05-14 08:00:00,3223.9,3234.31,3221.59,3233.74
2025-05-14 09:00:00,3233.84,3236.7,3227.67,3228.65
2025-05-14 10:00:00,3228.64,3238.8,3224.19,3238.04
2025-05-14 11:00:00,3238.08,3243.88,3230.42,3232.55
2025-05-14 12:00:00,3232.54,3236.49,3229.1,3232.25
2025-05-14 13:00:00,3232.25,3236.54,3229.62,3235.67
2025-05-14 14:00:00,3235.65,3239.16,3219.44,3220.08
2025-05-14 15:00:00,3220.04,3222.47,3184.14,3184.74
2025-05-14 16:00:00,3185.02,3198.25,3174.73,3191.39
2025-05-14 17:00:00,3191.41,3194.26,3179.25,3181.83
2025-05-14 18:00:00,3181.79,3186.61,3178.99,3182.56
2025-05-14 19:00:00,3182.57,3190.88,3173.72,3188.51
2025-05-14 20:00:00,3188.49,3190.44,3180.89,3181.87
2025-05-14 21:00:00,3181.88,3183.0,3171.73,3171.86
2025-05-14 22:00:00,3171.85,3181.51,3167.52,3180.58
2025-05-14 23:00:00,3180.59,3183.19,3176.83,3177.06
2025-05-15 01:00:00,3176.95,3183.92,3176.86,3182.7
2025-05-15 02:00:00,3182.68,3187.26,3181.21,3186.0
2025-05-15 03:00:00,3186.0,3187.84,3180.21,3187.75
2025-05-15 04:00:00,3187.73,3192.67,3171.31,3172.36
2025-05-15 05:00:00,3172.37,3175.53,3150.05,3154.13
2025-05-15 06:00:00,3153.94,3156.97,3148.33,3150.52
2025-05-15 07:00:00,3150.51,3152.55,3135.55,3138.57
2025-05-15 08:00:00,3138.58,3143.01,3123.39,3128.93
2025-05-15 09:00:00,3128.92,3153.86,3120.68,3149.84
2025-05-15 10:00:00,3149.84,3151.96,3130.63,3142.27
2025-05-15 11:00:00,3142.23,3164.22,3138.95,3162.55
2025-05-15 12:00:00,3162.54,3171.59,3159.3,3165.22
2025-05-15 13:00:00,3165.25,3179.04,3164.09,3178.26
2025-05-15 14:00:00,3178.27,3180.04,3172.46,3179.14
2025-05-15 15:00:00,3179.15,3189.84,3177.52,3188.79
2025-05-15 16:00:00,3188.81,3199.92,3185.18,3192.26
2025-05-15 17:00:00,3192.23,3207.1,3190.4,3205.35
2025-05-15 18:00:00,3205.36,3220.09,3204.6,3219.75
2025-05-15 19:00:00,3219.76,3222.69,3215.84,3222.47
2025-05-15 20:00:00,3222.46,3229.15,3216.42,3221.14
2025-05-15 21:00:00,3221.15,3225.96,3219.81,3223.23
2025-05-15 22:00:00,3223.24,3232.67,3222.34,3231.94
2025-05-15 23:00:00,3231.95,3240.59,3231.09,3239.85
2025-05-16 01:00:00,3240.18,3252.1,3236.87,3251.11
2025-05-16 02:00:00,3251.12,3251.18,3236.5,3237.16
2025-05-16 03:00:00,3237.14,3243.99,3232.07,3243.11
2025-05-16 04:00:00,3243.13,3244.51,3214.94,3222.2
2025-05-16 05:00:00,3222.14,3227.44,3212.82,3215.47
2025-05-16 06:00:00,3215.46,3217.35,3206.47,3211.85
2025-05-16 07:00:00,3211.84,3222.47,3211.69,3219.6
2025-05-16 08:00:00,3219.55,3222.25,3211.92,3218.57
2025-05-16 09:00:00,3218.56,3231.19,3212.84,3214.86
2025-05-16 10:00:00,3214.9,3218.0,3205.13,3207.6
2025-05-16 11:00:00,3207.59,3209.24,3195.47,3207.4
2025-05-16 12:00:00,3207.38,3212.86,3203.69,3209.21
2025-05-16 13:00:00,3209.22,3211.06,3168.97,3175.96
2025-05-16 14:00:00,3175.97,3179.19,3154.24,3163.13
2025-05-16 15:00:00,3163.15,3182.0,3154.82,3177.41
2025-05-16 16:00:00,3177.45,3186.65,3169.41,3180.52
2025-05-16 17:00:00,3180.51,3188.38,3165.93,3173.23
2025-05-16 18:00:00,3173.25,3185.17,3172.74,3183.5
2025-05-16 19:00:00,3183.41,3189.7,3180.48,3189.31
2025-05-16 20:00:00,3189.53,3192.13,3183.42,3189.4
2025-05-16 21:00:00,3189.46,3191.12,3184.78,3187.47
2025-05-16 22:00:00,3187.49,3195.71,3187.47,3192.55
2025-05-16 23:00:00,3192.57,3204.59,3192.17,3201.69
2025-05-19 01:00:00,3218.59,3240.73,3206.32,3239.14
2025-05-19 02:00:00,3239.12,3245.26,3226.61,3234.78
2025-05-19 03:00:00,3234.8,3249.75,3233.47,3246.5
2025-05-19 04:00:00,3246.48,3246.8,3214.57,3218.36
2025-05-19 05:00:00,3218.35,3230.04,3217.1,3228.61
2025-05-19 06:00:00,3228.62,3230.48,3208.07,3212.18
2025-05-19 07:00:00,3212.12,3218.16,3206.62,3215.88
2025-05-19 08:00:00,3216.15,3224.31,3214.92,3223.93
2025-05-19 09:00:00,3224.01,3231.59,3220.25,3224.17
2025-05-19 10:00:00,3224.15,3234.59,3224.01,3232.33
2025-05-19 11:00:00,3232.32,3244.88,3230.01,3244.42
2025-05-19 12:00:00,3244.57,3247.6,3233.61,3241.97
2025-05-19 13:00:00,3241.98,3245.26,3234.2,3241.71
2025-05-19 14:00:00,3241.72,3248.47,3239.07,3243.77
2025-05-19 15:00:00,3243.75,3244.42,3228.84,3229.28
2025-05-19 16:00:00,3229.28,3241.6,3224.61,3230.0
2025-05-19 17:00:00,3229.97,3236.13,3217.26,3233.87
2025-05-19 18:00:00,3233.88,3239.77,3229.49,3231.58
2025-05-19 19:00:00,3231.59,3234.25,3228.09,3231.79
2025-05-19 20:00:00,3231.9,3233.18,3225.55,3226.35
2025-05-19 21:00:00,3226.33,3235.15,3225.23,3233.45
2025-05-19 22:00:00,3233.46,3235.8,3231.63,3233.02
2025-05-19 23:00:00,3233.03,3233.75,3228.03,3229.29
2025-05-20 01:00:00,3230.09,3231.1,3224.64,3226.76
2025-05-20 02:00:00,3226.88,3227.43,3219.06,3222.5
2025-05-20 03:00:00,3222.77,3224.13,3214.07,3222.77
2025-05-20 04:00:00,3223.03,3232.71,3220.51,3221.06
2025-05-20 05:00:00,3221.08,3223.0,3206.46,3206.69
2025-05-20 06:00:00,3206.66,3214.15,3204.56,3211.43
2025-05-20 07:00:00,3211.41,3217.98,3211.2,3217.23
2025-05-20 08:00:00,3217.22,3219.78,3209.89,3213.81
2025-05-20 09:00:00,3213.83,3219.16,3208.46,3209.72
2025-05-20 10:00:00,3209.73,3225.43,3207.94,3222.8
2025-05-20 11:00:00,3222.79,3236.03,3218.29,3235.81
2025-05-20 12:00:00,3235.84,3239.31,3230.48,3236.31
2025-05-20 13:00:00,3236.3,3238.4,3231.9,3235.3
2025-05-20 14:00:00,3235.27,3241.61,3235.16,3241.21
2025-05-20 15:00:00,3241.16,3251.18,3234.39,3242.78
2025-05-20 16:00:00,3242.79,3261.78,3232.82,3261.16
2025-05-20 17:00:00,3261.19,3285.71,3260.7,3282.43
2025-05-20 18:00:00,3282.44,3283.53,3273.39,3277.21
2025-05-20 19:00:00,3277.19,3282.55,3275.24,3278.8
2025-05-20 20:00:00,3278.84,3287.83,3278.28,3286.43
2025-05-20 21:00:00,3286.48,3289.66,3284.14,3287.71
2025-05-20 22:00:00,3287.69,3295.13,3287.26,3294.09
2025-05-20 23:00:00,3294.08,3295.69,3289.25,3289.82
2025-05-21 01:00:00,3290.09,3304.26,3290.09,3296.78
2025-05-21 02:00:00,3296.79,3296.79,3288.55,3290.67
2025-05-21 03:00:00,3290.63,3304.23,3288.94,3303.44
2025-05-21 04:00:00,3303.42,3314.66,3285.36,3294.61
2025-05-21 05:00:00,3294.59,3305.07,3289.26,3301.74
2025-05-21 06:00:00,3301.75,3309.67,3299.2,3307.47
2025-05-21 07:00:00,3307.44,3308.22,3301.17,3302.07
2025-05-21 08:00:00,3302.05,3319.63,3298.42,3316.32
2025-05-21 09:00:00,3316.34,3320.63,3310.79,3320.04
2025-05-21 10:00:00,3320.05,3320.07,3307.77,3309.81
2025-05-21 11:00:00,3309.82,3312.25,3303.91,3308.42
2025-05-21 12:00:00,3308.44,3313.52,3307.07,3313.5
2025-05-21 13:00:00,3313.51,3318.28,3308.65,3311.77
2025-05-21 14:00:00,3311.84,3316.37,3306.48,3311.17
2025-05-21 15:00:00,3311.18,3312.64,3290.54,3302.61
2025-05-21 16:00:00,3302.63,3309.55,3295.34,3303.63
2025-05-21 17:00:00,3303.37,3307.69,3295.27,3304.35
2025-05-21 18:00:00,3304.38,3315.18,3303.56,3311.89
2025-05-21 19:00:00,3311.9,3314.64,3302.68,3303.05
2025-05-21 20:00:00,3303.03,3316.34,3302.73,3316.33
2025-05-21 21:00:00,3316.32,3316.42,3311.96,3314.35
2025-05-21 22:00:00,3314.34,3324.82,3314.31,3318.27
2025-05-21 23:00:00,3318.29,3319.73,3313.18,3314.89
2025-05-22 01:00:00,3315.07,3321.07,3314.9,3317.94
2025-05-22 02:00:00,3317.93,3324.16,3317.27,3320.02
2025-05-22 03:00:00,3320.05,3326.33,3319.38,3323.75
2025-05-22 04:00:00,3323.73,3342.87,3320.35,3338.07
2025-05-22 05:00:00,3338.11,3344.72,3336.54,3341.09
2025-05-22 06:00:00,3341.07,3345.41,3334.88,3335.4
2025-05-22 07:00:00,3335.39,3339.11,3332.72,3338.54
2025-05-22 08:00:00,3338.56,3339.48,3326.27,3332.31
2025-05-22 09:00:00,3332.32,3335.64,3325.47,3326.43
2025-05-22 10:00:00,3326.44,3331.19,3322.55,3327.52
2025-05-22 11:00:00,3327.48,3329.87,3310.18,3311.25
2025-05-22 12:00:00,3311.21,3313.88,3304.14,3304.71
2025-05-22 13:00:00,3304.69,3307.47,3288.48,3289.62
2025-05-22 14:00:00,3289.46,3314.68,3282.99,3314.38
2025-05-22 15:00:00,3314.36,3314.52,3300.8,3304.04
2025-05-22 16:00:00,3304.2,3315.7,3286.8,3287.72
2025-05-22 17:00:00,3287.61,3304.47,3279.26,3296.92
2025-05-22 18:00:00,3296.94,3298.74,3281.46,3294.69
2025-05-22 19:00:00,3294.84,3304.78,3291.08,3301.5
2025-05-22 20:00:00,3301.46,3301.75,3290.14,3296.6
2025-05-22 21:00:00,3296.57,3298.82,3292.31,3293.79
2025-05-22 22:00:00,3293.8,3297.06,3289.02,3290.16
2025-05-22 23:00:00,3290.2,3295.55,3289.5,3294.63
2025-05-23 01:00:00,3294.5,3299.36,3293.99,3297.7
2025-05-23 02:00:00,3297.74,3302.0,3297.33,3300.01
2025-05-23 03:00:00,3299.98,3308.85,3287.05,3300.91
2025-05-23 04:00:00,3300.92,3306.4,3295.9,3305.11
2025-05-23 05:00:00,3305.13,3305.31,3290.95,3296.9
2025-05-23 06:00:00,3296.89,3303.34,3296.49,3302.04
2025-05-23 07:00:00,3302.03,3316.1,3301.91,3313.56
2025-05-23 08:00:00,3313.52,3325.64,3312.48,3323.76
2025-05-23 09:00:00,3323.8,3331.93,3323.0,3331.01
2025-05-23 10:00:00,3331.0,3334.42,3326.68,3329.22
2025-05-23 11:00:00,3329.13,3329.42,3322.55,3326.34
2025-05-23 12:00:00,3326.34,3334.03,3324.85,3328.61
2025-05-23 13:00:00,3328.65,3331.85,3323.39,3328.56
2025-05-23 14:00:00,3328.57,3349.71,3324.39,3348.0
2025-05-23 15:00:00,3348.01,3360.43,3344.84,3356.9
2025-05-23 16:00:00,3356.92,3364.56,3337.11,3339.87
2025-05-23 17:00:00,3340.01,3359.61,3336.53,3359.2
2025-05-23 18:00:00,3359.2,3362.43,3352.06,3361.61
2025-05-23 19:00:00,3361.63,3364.51,3357.13,3358.97
2025-05-23 20:00:00,3358.98,3365.86,3356.37,3362.66
2025-05-23 21:00:00,3362.63,3365.83,3361.09,3361.97
2025-05-23 22:00:00,3362.02,3365.7,3358.25,3360.67
2025-05-23 23:00:00,3360.66,3361.67,3355.98,3357.37
2025-05-26 01:00:00,3356.03,3356.18,3341.38,3344.32
2025-05-26 02:00:00,3344.31,3350.64,3341.34,3342.58
2025-05-26 03:00:00,3342.59,3346.13,3331.41,3341.91
2025-05-26 04:00:00,3341.97,3347.6,3335.53,3344.98
2025-05-26 05:00:00,3344.99,3356.75,3343.22,3348.16
2025-05-26 06:00:00,3348.13,3349.91,3344.29,3347.6
2025-05-26 07:00:00,3347.56,3351.07,3346.28,3349.79
2025-05-26 08:00:00,3349.77,3351.79,3344.26,3347.39
2025-05-26 09:00:00,3347.32,3347.47,3337.04,3337.17
2025-05-26 10:00:00,3337.16,3338.7,3332.16,3337.36
2025-05-26 11:00:00,3337.34,3339.59,3331.05,3334.61
2025-05-26 12:00:00,3334.69,3336.15,3323.49,3328.5
2025-05-26 13:00:00,3328.49,3333.55,3328.49,3331.48
2025-05-26 14:00:00,3331.49,3334.55,3329.17,3333.13
2025-05-26 15:00:00,3333.11,3334.98,3326.3,3334.36
2025-05-26 16:00:00,3334.37,3338.9,3331.42,3338.37
2025-05-26 17:00:00,3338.38,3341.63,3335.5,3337.23
2025-05-26 18:00:00,3337.24,3339.68,3336.8,3337.92
2025-05-26 19:00:00,3337.98,3343.59,3337.54,3342.06
2025-05-26 20:00:00,3342.07,3343.11,3340.45,3341.19
2025-05-26 21:00:00,3341.22,3343.14,3340.94,3342.18
2025-05-27 01:00:00,3342.72,3348.8,3342.71,3347.57
2025-05-27 02:00:00,3347.6,3348.44,3344.51,3346.09
2025-05-27 03:00:00,3346.08,3349.91,3342.44,3345.05
2025-05-27 04:00:00,3345.07,3347.3,3331.72,3335.9
2025-05-27 05:00:00,3335.92,3344.39,3335.02,3342.92
2025-05-27 06:00:00,3342.75,3347.22,3340.82,3341.08
2025-05-27 07:00:00,3341.09,3341.42,3330.68,3330.86
2025-05-27 08:00:00,3330.91,3332.62,3315.98,3323.45
2025-05-27 09:00:00,3323.44,3328.36,3304.99,3308.59
2025-05-27 10:00:00,3308.57,3312.52,3292.54,3296.31
2025-05-27 11:00:00,3296.25,3310.32,3296.08,3298.53
2025-05-27 12:00:00,3298.5,3309.59,3294.66,3296.2
2025-05-27 13:00:00,3296.16,3299.61,3290.66,3293.21
2025-05-27 14:00:00,3293.22,3298.11,3287.7,3288.32
2025-05-27 15:00:00,3288.25,3297.86,3287.95,3293.68
2025-05-27 16:00:00,3293.67,3304.83,3292.31,3295.07
2025-05-27 17:00:00,3295.06,3303.25,3284.49,3299.79
2025-05-27 18:00:00,3299.8,3303.0,3289.62,3293.5
2025-05-27 19:00:00,3293.51,3298.73,3293.02,3297.75
2025-05-27 20:00:00,3297.77,3304.33,3296.8,3301.27
2025-05-27 21:00:00,3301.28,3303.93,3299.15,3303.05
2025-05-27 22:00:00,3302.97,3307.93,3302.94,3304.33
2025-05-27 23:00:00,3304.32,3305.05,3299.66,3300.38
2025-05-28 01:00:00,3300.88,3305.62,3300.61,3303.03
2025-05-28 02:00:00,3303.11,3310.87,3297.28,3309.36
2025-05-28 03:00:00,3309.37,3315.72,3308.21,3308.51
2025-05-28 04:00:00,3308.41,3310.77,3298.55,3301.77
2025-05-28 05:00:00,3301.75,3313.54,3300.31,3302.4
2025-05-28 06:00:00,3302.41,3304.05,3291.62,3297.7
2025-05-28 07:00:00,3297.73,3299.19,3294.33,3296.41
2025-05-28 08:00:00,3296.39,3310.25,3295.98,3307.24
2025-05-28 09:00:00,3307.22,3308.7,3298.33,3308.29
2025-05-28 10:00:00,3308.28,3322.33,3306.96,3319.16
2025-05-28 11:00:00,3319.18,3323.75,3315.09,3321.57
2025-05-28 12:00:00,3321.9,3325.48,3320.1,3324.07
2025-05-28 13:00:00,3324.08,3324.67,3311.78,3313.3
2025-05-28 14:00:00,3313.37,3315.06,3307.39,3311.1
2025-05-28 15:00:00,3311.11,3314.49,3305.34,3312.18
2025-05-28 16:00:00,3312.19,3316.42,3297.46,3305.15
2025-05-28 17:00:00,3305.14,3308.99,3300.43,3302.55
2025-05-28 18:00:00,3302.57,3302.74,3292.54,3296.0
2025-05-28 19:00:00,3296.03,3299.15,3288.55,3293.46
2025-05-28 20:00:00,3293.42,3299.03,3291.3,3296.64
2025-05-28 21:00:00,3296.7,3302.96,3296.39,3302.12
2025-05-28 22:00:00,3302.14,3303.0,3293.85,3296.95
2025-05-28 23:00:00,3296.89,3297.32,3276.5,3286.8
2025-05-29 01:00:00,3286.86,3294.74,3282.04,3286.63
2025-05-29 02:00:00,3286.64,3287.75,3250.21,3259.84
2025-05-29 03:00:00,3259.83,3269.02,3253.84,3264.95
2025-05-29 04:00:00,3264.96,3265.8,3245.43,3263.53
2025-05-29 05:00:00,3263.54,3275.36,3260.88,3269.93
2025-05-29 06:00:00,3269.94,3280.1,3268.02,3274.57
2025-05-29 07:00:00,3274.52,3275.37,3269.02,3269.09
2025-05-29 08:00:00,3269.11,3272.59,3266.0,3272.44
2025-05-29 09:00:00,3272.47,3276.35,3268.04,3271.66
2025-05-29 10:00:00,3271.67,3287.39,3271.67,3286.58
2025-05-29 11:00:00,3286.56,3289.26,3278.16,3281.64
2025-05-29 12:00:00,3281.63,3283.18,3276.18,3282.04
2025-05-29 13:00:00,3282.02,3300.72,3281.86,3296.63
2025-05-29 14:00:00,3296.64,3305.46,3295.39,3299.67
2025-05-29 15:00:00,3299.7,3317.45,3298.62,3316.42
2025-05-29 16:00:00,3316.41,3322.0,3310.26,3312.58
2025-05-29 17:00:00,3312.63,3319.44,3304.73,3310.22
2025-05-29 18:00:00,3310.24,3321.99,3309.73,3321.49
2025-05-29 19:00:00,3321.51,3331.29,3319.75,3322.22
2025-05-29 20:00:00,3322.2,3324.45,3318.12,3324.17
2025-05-29 21:00:00,3324.18,3325.77,3317.55,3321.25
2025-05-29 22:00:00,3321.22,3321.44,3315.49,3316.54
2025-05-29 23:00:00,3316.57,3318.31,3315.17,3317.89
2025-05-30 01:00:00,3318.68,3320.95,3313.5,3314.26
2025-05-30 02:00:00,3314.3,3317.23,3312.82,3315.5
2025-05-30 03:00:00,3315.48,3318.82,3309.54,3312.49
2025-05-30 04:00:00,3312.46,3322.72,3308.12,3309.88
2025-05-30 05:00:00,3309.87,3312.14,3294.94,3297.26
2025-05-30 06:00:00,3297.25,3302.27,3291.21,3294.45
2025-05-30 07:00:00,3294.44,3296.45,3291.48,3296.24
2025-05-30 08:00:00,3296.25,3304.98,3290.16,3303.83
2025-05-30 09:00:00,3303.79,3304.24,3290.42,3301.8
2025-05-30 10:00:00,3301.79,3301.79,3287.4,3294.97
2025-05-30 11:00:00,3294.94,3299.21,3291.57,3295.73
2025-05-30 12:00:00,3295.71,3299.2,3292.52,3295.55
2025-05-30 13:00:00,3295.57,3300.56,3292.5,3295.17
2025-05-30 14:00:00,3295.18,3297.25,3288.58,3293.98
2025-05-30 15:00:00,3294.0,3306.73,3282.78,3303.98
2025-05-30 16:00:00,3303.95,3308.22,3275.23,3276.6
2025-05-30 17:00:00,3276.59,3287.28,3271.47,3282.66
2025-05-30 18:00:00,3282.65,3292.67,3275.95,3288.59
2025-05-30 19:00:00,3288.57,3295.67,3283.93,3293.26
2025-05-30 20:00:00,3293.28,3294.77,3289.75,3290.91
2025-05-30 21:00:00,3291.11,3295.05,3291.11,3293.78
2025-05-30 22:00:00,3293.8,3295.1,3291.59,3294.83
2025-05-30 23:00:00,3294.86,3295.74,3288.38,3288.93
2025-06-02 01:00:00,3298.76,3315.09,3295.75,3313.08
2025-06-02 02:00:00,3313.06,3316.6,3309.2,3310.15
2025-06-02 03:00:00,3310.14,3314.88,3303.22,3311.32
2025-06-02 04:00:00,3311.42,3313.74,3301.41,3303.53
2025-06-02 05:00:00,3303.55,3311.52,3303.27,3307.28
2025-06-02 06:00:00,3307.27,3308.91,3303.34,3308.68
2025-06-02 07:00:00,3308.69,3318.18,3308.69,3313.85
2025-06-02 08:00:00,3313.85,3325.72,3313.84,3323.67
2025-06-02 09:00:00,3323.66,3345.37,3323.66,3344.37
2025-06-02 10:00:00,3344.4,3358.96,3342.98,3352.51
2025-06-02 11:00:00,3352.49,3356.33,3350.01,3352.03
2025-06-02 12:00:00,3352.02,3352.43,3344.43,3348.29
2025-06-02 13:00:00,3348.31,3351.37,3344.53,3348.58
2025-06-02 14:00:00,3348.6,3360.19,3346.07,3356.29
2025-06-02 15:00:00,3356.28,3363.59,3353.94,3355.4
2025-06-02 16:00:00,3355.43,3376.17,3350.29,3370.57
2025-06-02 17:00:00,3370.8,3378.84,3367.62,3375.99
2025-06-02 18:00:00,3375.97,3378.76,3369.83,3374.25
2025-06-02 19:00:00,3374.25,3379.18,3369.28,3371.62
2025-06-02 20:00:00,3371.43,3375.91,3371.2,3374.34
2025-06-02 21:00:00,3374.38,3379.97,3370.75,3379.18
2025-06-02 22:00:00,3379.19,3382.3,3377.85,3381.52
2025-06-02 23:00:00,3381.63,3382.86,3378.37,3380.64
2025-06-03 01:00:00,3383.51,3391.35,3382.05,3389.99
2025-06-03 02:00:00,3389.94,3392.19,3383.11,3387.39
2025-06-03 03:00:00,3387.39,3388.63,3373.74,3375.78
2025-06-03 04:00:00,3375.79,3376.04,3363.23,3372.64
2025-06-03 05:00:00,3372.63,3377.97,3364.39,3368.8
2025-06-03 06:00:00,3368.81,3369.57,3359.74,3361.09
2025-06-03 07:00:00,3361.1,3365.12,3359.2,3362.7
2025-06-03 08:00:00,3362.68,3367.66,3356.24,3364.95
2025-06-03 09:00:00,3364.97,3367.27,3351.09,3358.82
2025-06-03 10:00:00,3358.79,3361.19,3352.52,3359.59
2025-06-03 11:00:00,3359.66,3364.82,3359.65,3361.21
2025-06-03 12:00:00,3361.18,3362.67,3354.93,3356.79
2025-06-03 13:00:00,3356.8,3358.64,3354.91,3355.46
2025-06-03 14:00:00,3355.49,3360.45,3353.37,3359.26
2025-06-03 15:00:00,3359.28,3363.06,3349.0,3359.33
2025-06-03 16:00:00,3359.34,3363.09,3340.95,3345.69
2025-06-03 17:00:00,3345.7,3350.09,3333.08,3346.43
2025-06-03 18:00:00,3346.42,3351.49,3344.02,3350.26
2025-06-03 19:00:00,3350.3,3353.48,3344.59,3348.45
2025-06-03 20:00:00,3348.44,3354.55,3347.29,3353.13
2025-06-03 21:00:00,3353.14,3353.76,3350.37,3353.51
2025-06-03 22:00:00,3353.53,3355.44,3351.23,3352.55
2025-06-03 23:00:00,3352.54,3355.27,3352.48,3352.91
2025-06-04 01:00:00,3353.93,3358.49,3353.35,3357.14
2025-06-04 02:00:00,3357.13,3361.6,3355.3,3359.95
2025-06-04 03:00:00,3359.94,3360.11,3349.76,3350.22
2025-06-04 04:00:00,3350.18,3372.29,3346.47,3370.84
2025-06-04 05:00:00,3370.83,3372.55,3362.83,3365.48
2025-06-04 06:00:00,3365.43,3367.45,3358.27,3359.12
2025-06-04 07:00:00,3359.11,3361.39,3352.37,3354.76
2025-06-04 08:00:00,3354.77,3356.42,3347.97,3351.0
2025-06-04 09:00:00,3350.96,3358.42,3348.96,3355.67
2025-06-04 10:00:00,3355.69,3365.2,3353.58,3354.59
2025-06-04 11:00:00,3354.54,3364.22,3351.73,3362.75
2025-06-04 12:00:00,3362.78,3364.95,3359.3,3362.91
2025-06-04 13:00:00,3362.89,3363.91,3347.33,3350.84
2025-06-04 14:00:00,3350.82,3351.94,3343.67,3346.53
2025-06-04 15:00:00,3346.54,3360.82,3344.34,3358.87
2025-06-04 16:00:00,3358.86,3362.77,3350.8,3352.42
2025-06-04 17:00:00,3352.62,3384.64,3350.9,3377.4
2025-06-04 18:00:00,3377.34,3378.95,3369.65,3371.69
2025-06-04 19:00:00,3371.7,3376.24,3370.8,3375.02
2025-06-04 20:00:00,3375.0,3380.82,3372.92,3379.13
2025-06-04 21:00:00,3379.12,3382.11,3374.99,3376.13
2025-06-04 22:00:00,3376.14,3376.23,3371.87,3373.48
2025-06-04 23:00:00,3373.47,3375.05,3370.66,3372.25
2025-06-05 01:00:00,3373.34,3375.94,3372.33,3373.49
2025-06-05 02:00:00,3373.52,3378.98,3372.42,3378.08
2025-06-05 03:00:00,3378.09,3381.65,3372.3,3380.24
2025-06-05 04:00:00,3380.17,3384.1,3370.61,3373.72
2025-06-05 05:00:00,3373.7,3375.06,3368.13,3370.76
2025-06-05 06:00:00,3370.75,3377.38,3369.27,3369.68
2025-06-05 07:00:00,3369.7,3372.46,3363.89,3368.39
2025-06-05 08:00:00,3368.42,3369.71,3361.15,3364.23
2025-06-05 09:00:00,3364.24,3369.98,3363.72,3365.95
2025-06-05 10:00:00,3365.96,3374.43,3365.25,3371.23
2025-06-05 11:00:00,3371.2,3376.86,3369.7,3375.16
2025-06-05 12:00:00,3375.17,3391.3,3373.99,3389.5
2025-06-05 13:00:00,3389.47,3400.37,3388.26,3399.92
2025-06-05 14:00:00,3399.93,3403.42,3391.66,3392.2
2025-06-05 15:00:00,3392.47,3400.1,3377.56,3383.04
2025-06-05 16:00:00,3383.03,3388.52,3371.27,3378.13
2025-06-05 17:00:00,3378.13,3383.16,3363.88,3367.64
2025-06-05 18:00:00,3367.62,3372.95,3339.43,3344.73
2025-06-05 19:00:00,3344.64,3356.43,3339.71,3354.04
2025-06-05 20:00:00,3354.05,3354.75,3348.91,3353.86
2025-06-05 21:00:00,3353.87,3356.1,3350.45,3353.47
2025-06-05 22:00:00,3353.49,3361.35,3352.86,3356.84
2025-06-05 23:00:00,3356.78,3357.69,3351.92,3351.98
2025-06-06 01:00:00,3353.55,3363.47,3353.0,3359.02
2025-06-06 02:00:00,3359.0,3362.58,3357.2,3361.82
2025-06-06 03:00:00,3361.81,3364.08,3357.33,3359.34
2025-06-06 04:00:00,3359.35,3368.53,3356.12,3363.77
2025-06-06 05:00:00,3363.76,3366.45,3362.04,3363.9
2025-06-06 06:00:00,3363.88,3369.26,3359.35,3368.94
